#pragma once
#define LOGO_WIDTH 296
#define LOGO_HEIGHT 80
static const uint32_t logo_width = 296;
static const uint32_t logo_height = 80;
static const uint8_t logo_rgba[] = {
    0x00, 0x00, 0x00, 0x00, 0x00, 0x00, 0x00, 0x00, 0x00, 0x00, 0x00, 0x00, 0x00, 0x00, 0x00, 0x00,
    0x00, 0x00, 0x00, 0x00, 0x00, 0x00, 0x00, 0x00, 0x00, 0x00, 0x00, 0x00, 0x00, 0x00, 0x00, 0x00,
    0x00, 0x00, 0x00, 0x00, 0x00, 0x00, 0x00, 0x00, 0x00, 0x00, 0x00, 0x00, 0x00, 0x00, 0x00, 0x00,
    0x00, 0x00, 0x00, 0x00, 0x00, 0x00, 0x00, 0x00, 0x00, 0x00, 0x00, 0x00, 0x00, 0x00, 0x00, 0x00,
    0x00, 0x00, 0x00, 0x00, 0x00, 0x00, 0x00, 0x00, 0x00, 0x00, 0x00, 0x00, 0x00, 0x00, 0x00, 0x00,
    0x00, 0x00, 0x00, 0x00, 0x00, 0x00, 0x00, 0x00, 0x00, 0x00, 0x00, 0x00, 0x00, 0x00, 0x00, 0x00,
    0x00, 0x00, 0x00, 0x00, 0x00, 0x00, 0x00, 0x00, 0x00, 0x00, 0x00, 0x00, 0x00, 0x00, 0x00, 0x00,
    0x00, 0x00, 0x00, 0x00, 0x00, 0x00, 0x00, 0x00, 0x00, 0x00, 0x00, 0x00, 0x00, 0x00, 0x00, 0x00,
    0x00, 0x00, 0x00, 0x00, 0x00, 0x00, 0x00, 0x00, 0x00, 0x00, 0x00, 0x00, 0x00, 0x00, 0x00, 0x00,
    0x00, 0x00, 0x00, 0x00, 0x00, 0x00, 0x00, 0x00, 0x00, 0x00, 0x00, 0x00, 0x00, 0x00, 0x00, 0x00,
    0x00, 0x00, 0x00, 0x00, 0x00, 0x00, 0x00, 0x00, 0x00, 0x00, 0x00, 0x00, 0x00, 0x00, 0x00, 0x00,
    0x00, 0x00, 0x00, 0x00, 0x00, 0x00, 0x00, 0x00, 0x00, 0x00, 0x00, 0x00, 0x00, 0x00, 0x00, 0x00,
    0x00, 0x00, 0x00, 0x00, 0x00, 0x00, 0x00, 0x00, 0x00, 0x00, 0x00, 0x00, 0x00, 0x00, 0x00, 0x00,
    0x00, 0x00, 0x00, 0x00, 0x00, 0x00, 0x00, 0x00, 0x00, 0x00, 0x00, 0x00, 0x00, 0x00, 0x00, 0x00,
    0x00, 0x00, 0x00, 0x00, 0x00, 0x00, 0x00, 0x00, 0x00, 0x00, 0x00, 0x00, 0x00, 0x00, 0x00, 0x00,
    0x00, 0x00, 0x00, 0x00, 0x00, 0x00, 0x00, 0x00, 0x00, 0x00, 0x00, 0x00, 0x00, 0x00, 0x00, 0x00,
    0x00, 0x00, 0x00, 0x00, 0x00, 0x00, 0x00, 0x00, 0x00, 0x00, 0x00, 0x00, 0x00, 0x00, 0x00, 0x00,
    0x00, 0x00, 0x00, 0x00, 0x00, 0x00, 0x00, 0x00, 0x00, 0x00, 0x00, 0x00, 0x00, 0x00, 0x00, 0x00,
    0x00, 0x00, 0x00, 0x00, 0x00, 0x00, 0x00, 0x00, 0x00, 0x00, 0x00, 0x00, 0x00, 0x00, 0x00, 0x00,
    0x00, 0x00, 0x00, 0x00, 0x00, 0x00, 0x00, 0x00, 0x00, 0x00, 0x00, 0x00, 0x00, 0x00, 0x00, 0x00,
    0x00, 0x00, 0x00, 0x00, 0x00, 0x00, 0x00, 0x00, 0x00, 0x00, 0x00, 0x00, 0x00, 0x00, 0x00, 0x00,
    0x00, 0x00, 0x00, 0x00, 0x00, 0x00, 0x00, 0x00, 0x00, 0x00, 0x00, 0x00, 0x00, 0x00, 0x00, 0x00,
    0x00, 0x00, 0x00, 0x00, 0x00, 0x00, 0x00, 0x00, 0x00, 0x00, 0x00, 0x00, 0x00, 0x00, 0x00, 0x00,
    0x00, 0x00, 0x00, 0x00, 0x00, 0x00, 0x00, 0x00, 0x00, 0x00, 0x00, 0x00, 0x00, 0x00, 0x00, 0x00,
    0x00, 0x00, 0x00, 0x00, 0x00, 0x00, 0x00, 0x00, 0x00, 0x00, 0x00, 0x00, 0x00, 0x00, 0x00, 0x00,
    0x00, 0x00, 0x00, 0x00, 0x00, 0x00, 0x00, 0x00, 0x00, 0x00, 0x00, 0x00, 0x00, 0x00, 0x00, 0x00,
    0x00, 0x00, 0x00, 0x00, 0x00, 0x00, 0x00, 0x00, 0x00, 0x00, 0x00, 0x00, 0x00, 0x00, 0x00, 0x00,
    0x00, 0x00, 0x00, 0x00, 0x00, 0x00, 0x00, 0x00, 0x00, 0x00, 0x00, 0x00, 0x00, 0x00, 0x00, 0x00,
    0x00, 0x00, 0x00, 0x00, 0x00, 0x00, 0x00, 0x00, 0x00, 0x00, 0x00, 0x00, 0x00, 0x00, 0x00, 0x00,
    0x00, 0x00, 0x00, 0x00, 0x00, 0x00, 0x00, 0x00, 0x00, 0x00, 0x00, 0x00, 0x00, 0x00, 0x00, 0x00,
    0x00, 0x00, 0x00, 0x00, 0x00, 0x00, 0x00, 0x00, 0x00, 0x00, 0x00, 0x00, 0x00, 0x00, 0x00, 0x00,
    0x00, 0x00, 0x00, 0x00, 0x00, 0x00, 0x00, 0x00, 0x00, 0x00, 0x00, 0x00, 0x00, 0x00, 0x00, 0x00,
    0x00, 0x00, 0x00, 0x00, 0x00, 0x00, 0x00, 0x00, 0x00, 0x00, 0x00, 0x00, 0x00, 0x00, 0x00, 0x00,
    0x00, 0x00, 0x00, 0x00, 0x00, 0x00, 0x00, 0x00, 0x00, 0x00, 0x00, 0x00, 0x00, 0x00, 0x00, 0x00,
    0x00, 0x00, 0x00, 0x00, 0x00, 0x00, 0x00, 0x00, 0x00, 0x00, 0x00, 0x00, 0x00, 0x00, 0x00, 0x00,
    0x00, 0x00, 0x00, 0x00, 0x00, 0x00, 0x00, 0x00, 0x00, 0x00, 0x00, 0x00, 0x00, 0x00, 0x00, 0x00,
    0x00, 0x00, 0x00, 0x00, 0x00, 0x00, 0x00, 0x00, 0x00, 0x00, 0x00, 0x00, 0x00, 0x00, 0x00, 0x00,
    0x00, 0x00, 0x00, 0x00, 0x00, 0x00, 0x00, 0x00, 0x00, 0x00, 0x00, 0x00, 0x00, 0x00, 0x00, 0x00,
    0x00, 0x00, 0x00, 0x00, 0x00, 0x00, 0x00, 0x00, 0x00, 0x00, 0x00, 0x00, 0x00, 0x00, 0x00, 0x00,
    0x00, 0x00, 0x00, 0x00, 0x00, 0x00, 0x00, 0x00, 0x00, 0x00, 0x00, 0x00, 0x00, 0x00, 0x00, 0x00,
    0x00, 0x00, 0x00, 0x00, 0x00, 0x00, 0x00, 0x00, 0x00, 0x00, 0x00, 0x00, 0x00, 0x00, 0x00, 0x00,
    0x00, 0x00, 0x00, 0x00, 0x00, 0x00, 0x00, 0x00, 0x00, 0x00, 0x00, 0x00, 0x00, 0x00, 0x00, 0x00,
    0x00, 0x00, 0x00, 0x00, 0x00, 0x00, 0x00, 0x00, 0x00, 0x00, 0x00, 0x00, 0x00, 0x00, 0x00, 0x00,
    0x00, 0x00, 0x00, 0x00, 0x00, 0x00, 0x00, 0x00, 0x00, 0x00, 0x00, 0x00, 0x00, 0x00, 0x00, 0x00,
    0x00, 0x00, 0x00, 0x00, 0x00, 0x00, 0x00, 0x00, 0x00, 0x00, 0x00, 0x00, 0x00, 0x00, 0x00, 0x00,
    0x00, 0x00, 0x00, 0x00, 0x00, 0x00, 0x00, 0x00, 0x00, 0x00, 0x00, 0x00, 0x00, 0x00, 0x00, 0x00,
    0x00, 0x00, 0x00, 0x00, 0x00, 0x00, 0x00, 0x00, 0x00, 0x00, 0x00, 0x00, 0x00, 0x00, 0x00, 0x00,
    0x00, 0x00, 0x00, 0x00, 0x00, 0x00, 0x00, 0x00, 0x00, 0x00, 0x00, 0x00, 0x00, 0x00, 0x00, 0x00,
    0x00, 0x00, 0x00, 0x00, 0x00, 0x00, 0x00, 0x00, 0x00, 0x00, 0x00, 0x00, 0x00, 0x00, 0x00, 0x00,
    0x00, 0x00, 0x00, 0x00, 0x00, 0x00, 0x00, 0x00, 0x00, 0x00, 0x00, 0x00, 0x00, 0x00, 0x00, 0x00,
    0x00, 0x00, 0x00, 0x00, 0x00, 0x00, 0x00, 0x00, 0x00, 0x00, 0x00, 0x00, 0x00, 0x00, 0x00, 0x00,
    0x00, 0x00, 0x00, 0x00, 0x00, 0x00, 0x00, 0x00, 0x00, 0x00, 0x00, 0x00, 0x00, 0x00, 0x00, 0x00,
    0x00, 0x00, 0x00, 0x00, 0x00, 0x00, 0x00, 0x00, 0x00, 0x00, 0x00, 0x00, 0x00, 0x00, 0x00, 0x00,
    0x00, 0x00, 0x00, 0x00, 0x00, 0x00, 0x00, 0x00, 0x00, 0x00, 0x00, 0x00, 0x00, 0x00, 0x00, 0x00,
    0x00, 0x00, 0x00, 0x00, 0x00, 0x00, 0x00, 0x00, 0x00, 0x00, 0x00, 0x00, 0x00, 0x00, 0x00, 0x00,
    0x00, 0x00, 0x00, 0x00, 0x00, 0x00, 0x00, 0x00, 0x00, 0x00, 0x00, 0x00, 0x00, 0x00, 0x00, 0x00,
    0x00, 0x00, 0x00, 0x00, 0x00, 0x00, 0x00, 0x00, 0x00, 0x00, 0x00, 0x00, 0x00, 0x00, 0x00, 0x00,
    0x00, 0x00, 0x00, 0x00, 0x00, 0x00, 0x00, 0x00, 0x00, 0x00, 0x00, 0x00, 0x00, 0x00, 0x00, 0x00,
    0x00, 0x00, 0x00, 0x00, 0x00, 0x00, 0x00, 0x00, 0x00, 0x00, 0x00, 0x00, 0x00, 0x00, 0x00, 0x00,
    0x00, 0x00, 0x00, 0x00, 0x00, 0x00, 0x00, 0x00, 0x00, 0x00, 0x00, 0x00, 0x00, 0x00, 0x00, 0x00,
    0x00, 0x00, 0x00, 0x00, 0x00, 0x00, 0x00, 0x00, 0x00, 0x00, 0x00, 0x00, 0x00, 0x00, 0x00, 0x00,
    0x00, 0x00, 0x00, 0x00, 0x00, 0x00, 0x00, 0x00, 0x00, 0x00, 0x00, 0x00, 0x00, 0x00, 0x00, 0x00,
    0x00, 0x00, 0x00, 0x00, 0x00, 0x00, 0x00, 0x00, 0x00, 0x00, 0x00, 0x00, 0x00, 0x00, 0x00, 0x00,
    0x00, 0x00, 0x00, 0x00, 0x00, 0x00, 0x00, 0x00, 0x00, 0x00, 0x00, 0x00, 0x00, 0x00, 0x00, 0x00,
    0x00, 0x00, 0x00, 0x00, 0x00, 0x00, 0x00, 0x00, 0x00, 0x00, 0x00, 0x00, 0x00, 0x00, 0x00, 0x00,
    0x00, 0x00, 0x00, 0x00, 0x00, 0x00, 0x00, 0x00, 0x00, 0x00, 0x00, 0x00, 0x00, 0x00, 0x00, 0x00,
    0x00, 0x00, 0x00, 0x00, 0x00, 0x00, 0x00, 0x00, 0x00, 0x00, 0x00, 0x00, 0x00, 0x00, 0x00, 0x00,
    0x00, 0x00, 0x00, 0x00, 0x00, 0x00, 0x00, 0x00, 0x00, 0x00, 0x00, 0x00, 0x00, 0x00, 0x00, 0x00,
    0x00, 0x00, 0x00, 0x00, 0x00, 0x00, 0x00, 0x00, 0x00, 0x00, 0x00, 0x00, 0x00, 0x00, 0x00, 0x00,
    0x00, 0x00, 0x00, 0x00, 0x00, 0x00, 0x00, 0x00, 0x00, 0x00, 0x00, 0x00, 0x00, 0x00, 0x00, 0x00,
    0x00, 0x00, 0x00, 0x00, 0x00, 0x00, 0x00, 0x00, 0x00, 0x00, 0x00, 0x00, 0x00, 0x00, 0x00, 0x00,
    0x00, 0x00, 0x00, 0x00, 0x00, 0x00, 0x00, 0x00, 0x00, 0x00, 0x00, 0x00, 0x00, 0x00, 0x00, 0x00,
    0x00, 0x00, 0x00, 0x00, 0x00, 0x00, 0x00, 0x00, 0x00, 0x00, 0x00, 0x00, 0x00, 0x00, 0x00, 0x00,
    0x00, 0x00, 0x00, 0x00, 0x00, 0x00, 0x00, 0x00, 0x00, 0x00, 0x00, 0x00, 0x00, 0x00, 0x00, 0x00,
    0x00, 0x00, 0x00, 0x00, 0x00, 0x00, 0x00, 0x00, 0x00, 0x00, 0x00, 0x00, 0x00, 0x00, 0x00, 0x00,
    0x00, 0x00, 0x00, 0x00, 0x00, 0x00, 0x00, 0x00, 0x00, 0x00, 0x00, 0x00, 0x00, 0x00, 0x00, 0x00,
    0x00, 0x00, 0x00, 0x00, 0x00, 0x00, 0x00, 0x00, 0x00, 0x00, 0x00, 0x00, 0x00, 0x00, 0x00, 0x00,
    0x00, 0x00, 0x00, 0x00, 0x00, 0x00, 0x00, 0x00, 0x00, 0x00, 0x00, 0x00, 0x00, 0x00, 0x00, 0x00,
    0x00, 0x00, 0x00, 0x00, 0x00, 0x00, 0x00, 0x00, 0x00, 0x00, 0x00, 0x00, 0x00, 0x00, 0x00, 0x00,
    0x00, 0x00, 0x00, 0x00, 0x00, 0x00, 0x00, 0x00, 0x00, 0x00, 0x00, 0x00, 0x00, 0x00, 0x00, 0x00,
    0x00, 0x00, 0x00, 0x00, 0x00, 0x00, 0x00, 0x00, 0x00, 0x00, 0x00, 0x00, 0x00, 0x00, 0x00, 0x00,
    0x00, 0x00, 0x00, 0x00, 0x00, 0x00, 0x00, 0x00, 0x00, 0x00, 0x00, 0x00, 0x00, 0x00, 0x00, 0x00,
    0x00, 0x00, 0x00, 0x00, 0x00, 0x00, 0x00, 0x00, 0x00, 0x00, 0x00, 0x00, 0x00, 0x00, 0x00, 0x00,
    0x00, 0x00, 0x00, 0x00, 0x00, 0x00, 0x00, 0x00, 0x00, 0x00, 0x00, 0x00, 0x00, 0x00, 0x00, 0x00,
    0x00, 0x00, 0x00, 0x00, 0x00, 0x00, 0x00, 0x00, 0x00, 0x00, 0x00, 0x00, 0x00, 0x00, 0x00, 0x00,
    0x00, 0x00, 0x00, 0x00, 0x00, 0x00, 0x00, 0x00, 0x00, 0x00, 0x00, 0x00, 0x00, 0x00, 0x00, 0x00,
    0x00, 0x00, 0x00, 0x00, 0x00, 0x00, 0x00, 0x00, 0x00, 0x00, 0x00, 0x00, 0x00, 0x00, 0x00, 0x00,
    0x00, 0x00, 0x00, 0x00, 0x00, 0x00, 0x00, 0x00, 0x00, 0x00, 0x00, 0x00, 0x00, 0x00, 0x00, 0x00,
    0x00, 0x00, 0x00, 0x00, 0x00, 0x00, 0x00, 0x00, 0x00, 0x00, 0x00, 0x00, 0x00, 0x00, 0x00, 0x00,
    0x00, 0x00, 0x00, 0x00, 0x00, 0x00, 0x00, 0x00, 0x00, 0x00, 0x00, 0x00, 0x00, 0x00, 0x00, 0x00,
    0x00, 0x00, 0x00, 0x00, 0x00, 0x00, 0x00, 0x00, 0x00, 0x00, 0x00, 0x00, 0x00, 0x00, 0x00, 0x00,
    0x00, 0x00, 0x00, 0x00, 0x00, 0x00, 0x00, 0x00, 0x00, 0x00, 0x00, 0x00, 0x00, 0x00, 0x00, 0x00,
    0x00, 0x00, 0x00, 0x00, 0x00, 0x00, 0x00, 0x00, 0x00, 0x00, 0x00, 0x00, 0x00, 0x00, 0x00, 0x00,
    0x00, 0x00, 0x00, 0x00, 0x00, 0x00, 0x00, 0x00, 0x00, 0x00, 0x00, 0x00, 0x00, 0x00, 0x00, 0x00,
    0x00, 0x00, 0x00, 0x00, 0x00, 0x00, 0x00, 0x00, 0x00, 0x00, 0x00, 0x00, 0x00, 0x00, 0x00, 0x00,
    0x00, 0x00, 0x00, 0x00, 0x00, 0x00, 0x00, 0x00, 0x00, 0x00, 0x00, 0x00, 0x00, 0x00, 0x00, 0x00,
    0x00, 0x00, 0x00, 0x00, 0x00, 0x00, 0x00, 0x00, 0x00, 0x00, 0x00, 0x00, 0x00, 0x00, 0x00, 0x00,
    0x00, 0x00, 0x00, 0x00, 0x00, 0x00, 0x00, 0x00, 0x00, 0x00, 0x00, 0x00, 0x00, 0x00, 0x00, 0x00,
    0x00, 0x00, 0x00, 0x00, 0x00, 0x00, 0x00, 0x00, 0x00, 0x00, 0x00, 0x00, 0x00, 0x00, 0x00, 0x00,
    0x00, 0x00, 0x00, 0x00, 0x00, 0x00, 0x00, 0x00, 0x00, 0x00, 0x00, 0x00, 0x00, 0x00, 0x00, 0x00,
    0x00, 0x00, 0x00, 0x00, 0x00, 0x00, 0x00, 0x00, 0x00, 0x00, 0x00, 0x00, 0x00, 0x00, 0x00, 0x00,
    0x00, 0x00, 0x00, 0x00, 0x00, 0x00, 0x00, 0x00, 0x00, 0x00, 0x00, 0x00, 0x00, 0x00, 0x00, 0x00,
    0x00, 0x00, 0x00, 0x00, 0x00, 0x00, 0x00, 0x00, 0x00, 0x00, 0x00, 0x00, 0x00, 0x00, 0x00, 0x00,
    0x00, 0x00, 0x00, 0x00, 0x00, 0x00, 0x00, 0x00, 0x00, 0x00, 0x00, 0x00, 0x00, 0x00, 0x00, 0x00,
    0x00, 0x00, 0x00, 0x00, 0x00, 0x00, 0x00, 0x00, 0x00, 0x00, 0x00, 0x00, 0x00, 0x00, 0x00, 0x00,
    0x00, 0x00, 0x00, 0x00, 0x00, 0x00, 0x00, 0x00, 0x00, 0x00, 0x00, 0x00, 0x00, 0x00, 0x00, 0x00,
    0x00, 0x00, 0x00, 0x00, 0x00, 0x00, 0x00, 0x00, 0x00, 0x00, 0x00, 0x00, 0x00, 0x00, 0x00, 0x00,
    0x00, 0x00, 0x00, 0x00, 0x00, 0x00, 0x00, 0x00, 0x00, 0x00, 0x00, 0x00, 0x00, 0x00, 0x00, 0x00,
    0x00, 0x00, 0x00, 0x00, 0x00, 0x00, 0x00, 0x00, 0x00, 0x00, 0x00, 0x00, 0x00, 0x00, 0x00, 0x00,
    0x00, 0x00, 0x00, 0x00, 0x00, 0x00, 0x00, 0x00, 0x00, 0x00, 0x00, 0x00, 0x00, 0x00, 0x00, 0x00,
    0x00, 0x00, 0x00, 0x00, 0x00, 0x00, 0x00, 0x00, 0x00, 0x00, 0x00, 0x00, 0x00, 0x00, 0x00, 0x00,
    0x00, 0x00, 0x00, 0x00, 0x00, 0x00, 0x00, 0x00, 0x00, 0x00, 0x00, 0x00, 0x00, 0x00, 0x00, 0x00,
    0x00, 0x00, 0x00, 0x00, 0x00, 0x00, 0x00, 0x00, 0x00, 0x00, 0x00, 0x00, 0x00, 0x00, 0x00, 0x00,
    0x00, 0x00, 0x00, 0x00, 0x00, 0x00, 0x00, 0x00, 0x00, 0x00, 0x00, 0x00, 0x00, 0x00, 0x00, 0x00,
    0x00, 0x00, 0x00, 0x00, 0x00, 0x00, 0x00, 0x00, 0x00, 0x00, 0x00, 0x00, 0x00, 0x00, 0x00, 0x00,
    0x00, 0x00, 0x00, 0x00, 0x00, 0x00, 0x00, 0x00, 0x00, 0x00, 0x00, 0x00, 0x00, 0x00, 0x00, 0x00,
    0x00, 0x00, 0x00, 0x00, 0x00, 0x00, 0x00, 0x00, 0x00, 0x00, 0x00, 0x00, 0x00, 0x00, 0x00, 0x00,
    0x00, 0x00, 0x00, 0x00, 0x00, 0x00, 0x00, 0x00, 0x00, 0x00, 0x00, 0x00, 0x00, 0x00, 0x00, 0x00,
    0x00, 0x00, 0x00, 0x00, 0x00, 0x00, 0x00, 0x00, 0x00, 0x00, 0x00, 0x00, 0x00, 0x00, 0x00, 0x00,
    0x00, 0x00, 0x00, 0x00, 0x00, 0x00, 0x00, 0x00, 0x00, 0x00, 0x00, 0x00, 0x00, 0x00, 0x00, 0x00,
    0x00, 0x00, 0x00, 0x00, 0x00, 0x00, 0x00, 0x00, 0x00, 0x00, 0x00, 0x00, 0x00, 0x00, 0x00, 0x00,
    0x00, 0x00, 0x00, 0x00, 0x00, 0x00, 0x00, 0x00, 0x00, 0x00, 0x00, 0x00, 0x00, 0x00, 0x00, 0x00,
    0x00, 0x00, 0x00, 0x00, 0x00, 0x00, 0x00, 0x00, 0x00, 0x00, 0x00, 0x00, 0x00, 0x00, 0x00, 0x00,
    0x00, 0x00, 0x00, 0x00, 0x00, 0x00, 0x00, 0x00, 0x00, 0x00, 0x00, 0x00, 0x00, 0x00, 0x00, 0x00,
    0x00, 0x00, 0x00, 0x00, 0x00, 0x00, 0x00, 0x00, 0x00, 0x00, 0x00, 0x00, 0x00, 0x00, 0x00, 0x00,
    0x00, 0x00, 0x00, 0x00, 0x00, 0x00, 0x00, 0x00, 0x00, 0x00, 0x00, 0x00, 0x00, 0x00, 0x00, 0x00,
    0x00, 0x00, 0x00, 0x00, 0x00, 0x00, 0x00, 0x00, 0x00, 0x00, 0x00, 0x00, 0x00, 0x00, 0x00, 0x00,
    0x00, 0x00, 0x00, 0x00, 0x00, 0x00, 0x00, 0x00, 0x00, 0x00, 0x00, 0x00, 0x00, 0x00, 0x00, 0x00,
    0x00, 0x00, 0x00, 0x00, 0x00, 0x00, 0x00, 0x00, 0x00, 0x00, 0x00, 0x00, 0x00, 0x00, 0x00, 0x00,
    0x00, 0x00, 0x00, 0x00, 0x00, 0x00, 0x00, 0x00, 0x00, 0x00, 0x00, 0x00, 0x00, 0x00, 0x00, 0x00,
    0x00, 0x00, 0x00, 0x00, 0x00, 0x00, 0x00, 0x00, 0x00, 0x00, 0x00, 0x00, 0x00, 0x00, 0x00, 0x00,
    0x00, 0x00, 0x00, 0x00, 0x00, 0x00, 0x00, 0x00, 0x00, 0x00, 0x00, 0x00, 0x00, 0x00, 0x00, 0x00,
    0x00, 0x00, 0x00, 0x00, 0x00, 0x00, 0x00, 0x00, 0x00, 0x00, 0x00, 0x00, 0x00, 0x00, 0x00, 0x00,
    0x00, 0x00, 0x00, 0x00, 0x00, 0x00, 0x00, 0x00, 0x00, 0x00, 0x00, 0x00, 0x00, 0x00, 0x00, 0x00,
    0x00, 0x00, 0x00, 0x00, 0x00, 0x00, 0x00, 0x00, 0x00, 0x00, 0x00, 0x00, 0x00, 0x00, 0x00, 0x00,
    0x00, 0x00, 0x00, 0x00, 0x00, 0x00, 0x00, 0x00, 0x00, 0x00, 0x00, 0x00, 0x00, 0x00, 0x00, 0x00,
    0x00, 0x00, 0x00, 0x00, 0x00, 0x00, 0x00, 0x00, 0x00, 0x00, 0x00, 0x00, 0x00, 0x00, 0x00, 0x00,
    0x00, 0x00, 0x00, 0x00, 0x00, 0x00, 0x00, 0x00, 0x00, 0x00, 0x00, 0x00, 0x00, 0x00, 0x00, 0x00,
    0x00, 0x00, 0x00, 0x00, 0x00, 0x00, 0x00, 0x00, 0x00, 0x00, 0x00, 0x00, 0x00, 0x00, 0x00, 0x00,
    0x00, 0x00, 0x00, 0x00, 0x00, 0x00, 0x00, 0x00, 0x00, 0x00, 0x00, 0x00, 0x00, 0x00, 0x00, 0x00,
    0x00, 0x00, 0x00, 0x00, 0x00, 0x00, 0x00, 0x00, 0x00, 0x00, 0x00, 0x00, 0x00, 0x00, 0x00, 0x00,
    0x00, 0x00, 0x00, 0x00, 0x00, 0x00, 0x00, 0x00, 0x00, 0x00, 0x00, 0x00, 0x00, 0x00, 0x00, 0x00,
    0x00, 0x00, 0x00, 0x00, 0x00, 0x00, 0x00, 0x00, 0x00, 0x00, 0x00, 0x00, 0x00, 0x00, 0x00, 0x00,
    0x00, 0x00, 0x00, 0x00, 0x00, 0x00, 0x00, 0x00, 0x00, 0x00, 0x00, 0x00, 0x00, 0x00, 0x00, 0x00,
    0x00, 0x00, 0x00, 0x00, 0x00, 0x00, 0x00, 0x00, 0x00, 0x00, 0x00, 0x00, 0x00, 0x00, 0x00, 0x00,
    0x00, 0x00, 0x00, 0x00, 0x00, 0x00, 0x00, 0x00, 0x00, 0x00, 0x00, 0x00, 0x00, 0x00, 0x00, 0x00,
    0x00, 0x00, 0x00, 0x00, 0x00, 0x00, 0x00, 0x00, 0x00, 0x00, 0x00, 0x00, 0x00, 0x00, 0x00, 0x00,
    0x00, 0x00, 0x00, 0x00, 0x00, 0x00, 0x00, 0x00, 0x00, 0x00, 0x00, 0x00, 0x00, 0x00, 0x00, 0x00,
    0x00, 0x00, 0x00, 0x00, 0xED, 0xED, 0xED, 0x54, 0xED, 0xED, 0xED, 0xCC, 0xED, 0xED, 0xED, 0xEE,
    0xED, 0xED, 0xED, 0xF3, 0xED, 0xED, 0xED, 0xF3, 0xED, 0xED, 0xED, 0xF4, 0xED, 0xED, 0xED, 0xF4,
    0xED, 0xED, 0xED, 0xF4, 0xED, 0xED, 0xED, 0xF5, 0xED, 0xED, 0xED, 0xF5, 0xED, 0xED, 0xED, 0xF6,
    0xED, 0xED, 0xED, 0xF6, 0xED, 0xED, 0xED, 0xF6, 0xED, 0xED, 0xED, 0xF7, 0xED, 0xED, 0xED, 0xF7,
    0xED, 0xED, 0xED, 0xF8, 0xED, 0xED, 0xED, 0xF8, 0xED, 0xED, 0xED, 0xF8, 0xED, 0xED, 0xED, 0xF9,
    0xED, 0xED, 0xED, 0xF9, 0xED, 0xED, 0xED, 0xFA, 0xED, 0xED, 0xED, 0xFA, 0xED, 0xED, 0xED, 0xFB,
    0xED, 0xED, 0xED, 0xFB, 0xED, 0xED, 0xED, 0xFB, 0xED, 0xED, 0xED, 0xFC, 0xED, 0xED, 0xED, 0xFC,
    0xED, 0xED, 0xED, 0xFD, 0xED, 0xED, 0xED, 0xFD, 0xED, 0xED, 0xED, 0xFD, 0xED, 0xED, 0xED, 0xFE,
    0xED, 0xED, 0xED, 0xFE, 0xED, 0xED, 0xED, 0xFF, 0xED, 0xED, 0xED, 0xFF, 0xED, 0xED, 0xED, 0xFF,
    0xED, 0xED, 0xED, 0xFE, 0xED, 0xED, 0xED, 0xFE, 0xED, 0xED, 0xED, 0xFD, 0xED, 0xED, 0xED, 0xFD,
    0xED, 0xED, 0xED, 0xFD, 0xED, 0xED, 0xED, 0xFC, 0xED, 0xED, 0xED, 0xFC, 0xED, 0xED, 0xED, 0xFB,
    0xED, 0xED, 0xED, 0xFB, 0xED, 0xED, 0xED, 0xFB, 0xED, 0xED, 0xED, 0xFA, 0xED, 0xED, 0xED, 0xFA,
    0xED, 0xED, 0xED, 0xF9, 0xED, 0xED, 0xED, 0xF9, 0xED, 0xED, 0xED, 0xF8, 0xED, 0xED, 0xED, 0xF8,
    0xED, 0xED, 0xED, 0xF8, 0xED, 0xED, 0xED, 0xF7, 0xED, 0xED, 0xED, 0xF7, 0xED, 0xED, 0xED, 0xF6,
    0xED, 0xED, 0xED, 0xF6, 0xED, 0xED, 0xED, 0xF6, 0xED, 0xED, 0xED, 0xF5, 0xED, 0xED, 0xED, 0xF5,
    0xED, 0xED, 0xED, 0xF4, 0xED, 0xED, 0xED, 0xF4, 0xED, 0xED, 0xED, 0xF4, 0xED, 0xED, 0xED, 0xF3,
    0xED, 0xED, 0xED, 0xF3, 0xED, 0xED, 0xED, 0xED, 0xED, 0xED, 0xED, 0xC6, 0xED, 0xED, 0xED, 0x48,
    0x00, 0x00, 0x00, 0x00, 0x00, 0x00, 0x00, 0x00, 0x00, 0x00, 0x00, 0x00, 0x00, 0x00, 0x00, 0x00,
    0x00, 0x00, 0x00, 0x00, 0x00, 0x00, 0x00, 0x00, 0x00, 0x00, 0x00, 0x00, 0x00, 0x00, 0x00, 0x00,
    0x00, 0x00, 0x00, 0x00, 0x00, 0x00, 0x00, 0x00, 0x00, 0x00, 0x00, 0x00, 0x00, 0x00, 0x00, 0x00,
    0x00, 0x00, 0x00, 0x00, 0x00, 0x00, 0x00, 0x00, 0x00, 0x00, 0x00, 0x00, 0x00, 0x00, 0x00, 0x00,
    0x00, 0x00, 0x00, 0x00, 0x00, 0x00, 0x00, 0x00, 0x00, 0x00, 0x00, 0x00, 0x00, 0x00, 0x00, 0x00,
    0x00, 0x00, 0x00, 0x00, 0x00, 0x00, 0x00, 0x00, 0x00, 0x00, 0x00, 0x00, 0x00, 0x00, 0x00, 0x00,
    0x00, 0x00, 0x00, 0x00, 0x00, 0x00, 0x00, 0x00, 0x00, 0x00, 0x00, 0x00, 0x00, 0x00, 0x00, 0x00,
    0x00, 0x00, 0x00, 0x00, 0x00, 0x00, 0x00, 0x00, 0x00, 0x00, 0x00, 0x00, 0x00, 0x00, 0x00, 0x00,
    0x00, 0x00, 0x00, 0x00, 0x00, 0x00, 0x00, 0x00, 0x00, 0x00, 0x00, 0x00, 0x00, 0x00, 0x00, 0x00,
    0x00, 0x00, 0x00, 0x00, 0x00, 0x00, 0x00, 0x00, 0x00, 0x00, 0x00, 0x00, 0x00, 0x00, 0x00, 0x00,
    0x00, 0x00, 0x00, 0x00, 0x00, 0x00, 0x00, 0x00, 0x00, 0x00, 0x00, 0x00, 0x00, 0x00, 0x00, 0x00,
    0x00, 0x00, 0x00, 0x00, 0x00, 0x00, 0x00, 0x00, 0x00, 0x00, 0x00, 0x00, 0x00, 0x00, 0x00, 0x00,
    0x00, 0x00, 0x00, 0x00, 0x00, 0x00, 0x00, 0x00, 0x00, 0x00, 0x00, 0x00, 0x00, 0x00, 0x00, 0x00,
    0x00, 0x00, 0x00, 0x00, 0x00, 0x00, 0x00, 0x00, 0x00, 0x00, 0x00, 0x00, 0x00, 0x00, 0x00, 0x00,
    0x00, 0x00, 0x00, 0x00, 0x00, 0x00, 0x00, 0x00, 0x00, 0x00, 0x00, 0x00, 0x00, 0x00, 0x00, 0x00,
    0x00, 0x00, 0x00, 0x00, 0x00, 0x00, 0x00, 0x00, 0x00, 0x00, 0x00, 0x00, 0x00, 0x00, 0x00, 0x00,
    0x00, 0x00, 0x00, 0x00, 0x00, 0x00, 0x00, 0x00, 0x00, 0x00, 0x00, 0x00, 0x00, 0x00, 0x00, 0x00,
    0x00, 0x00, 0x00, 0x00, 0x00, 0x00, 0x00, 0x00, 0x00, 0x00, 0x00, 0x00, 0x00, 0x00, 0x00, 0x00,
    0x00, 0x00, 0x00, 0x00, 0x00, 0x00, 0x00, 0x00, 0x00, 0x00, 0x00, 0x00, 0x00, 0x00, 0x00, 0x00,
    0x00, 0x00, 0x00, 0x00, 0x00, 0x00, 0x00, 0x00, 0x00, 0x00, 0x00, 0x00, 0x00, 0x00, 0x00, 0x00,
    0x00, 0x00, 0x00, 0x00, 0x00, 0x00, 0x00, 0x00, 0x00, 0x00, 0x00, 0x00, 0x00, 0x00, 0x00, 0x00,
    0x00, 0x00, 0x00, 0x00, 0x00, 0x00, 0x00, 0x00, 0x00, 0x00, 0x00, 0x00, 0x00, 0x00, 0x00, 0x00,
    0x00, 0x00, 0x00, 0x00, 0x00, 0x00, 0x00, 0x00, 0x00, 0x00, 0x00, 0x00, 0x00, 0x00, 0x00, 0x00,
    0x00, 0x00, 0x00, 0x00, 0x00, 0x00, 0x00, 0x00, 0x00, 0x00, 0x00, 0x00, 0x00, 0x00, 0x00, 0x00,
    0x00, 0x00, 0x00, 0x00, 0x00, 0x00, 0x00, 0x00, 0x00, 0x00, 0x00, 0x00, 0x00, 0x00, 0x00, 0x00,
    0x00, 0x00, 0x00, 0x00, 0x00, 0x00, 0x00, 0x00, 0x00, 0x00, 0x00, 0x00, 0x00, 0x00, 0x00, 0x00,
    0x00, 0x00, 0x00, 0x00, 0x00, 0x00, 0x00, 0x00, 0x00, 0x00, 0x00, 0x00, 0x00, 0x00, 0x00, 0x00,
    0x00, 0x00, 0x00, 0x00, 0x00, 0x00, 0x00, 0x00, 0x00, 0x00, 0x00, 0x00, 0x00, 0x00, 0x00, 0x00,
    0x00, 0x00, 0x00, 0x00, 0x00, 0x00, 0x00, 0x00, 0x00, 0x00, 0x00, 0x00, 0x00, 0x00, 0x00, 0x00,
    0x00, 0x00, 0x00, 0x00, 0x00, 0x00, 0x00, 0x00, 0x00, 0x00, 0x00, 0x00, 0x00, 0x00, 0x00, 0x00,
    0x00, 0x00, 0x00, 0x00, 0x00, 0x00, 0x00, 0x00, 0x00, 0x00, 0x00, 0x00, 0x00, 0x00, 0x00, 0x00,
    0x00, 0x00, 0x00, 0x00, 0x00, 0x00, 0x00, 0x00, 0x00, 0x00, 0x00, 0x00, 0x00, 0x00, 0x00, 0x00,
    0x00, 0x00, 0x00, 0x00, 0x00, 0x00, 0x00, 0x00, 0x00, 0x00, 0x00, 0x00, 0x00, 0x00, 0x00, 0x00,
    0x00, 0x00, 0x00, 0x00, 0x00, 0x00, 0x00, 0x00, 0x00, 0x00, 0x00, 0x00, 0x00, 0x00, 0x00, 0x00,
    0x00, 0x00, 0x00, 0x00, 0x00, 0x00, 0x00, 0x00, 0x00, 0x00, 0x00, 0x00, 0x00, 0x00, 0x00, 0x00,
    0x00, 0x00, 0x00, 0x00, 0x00, 0x00, 0x00, 0x00, 0x00, 0x00, 0x00, 0x00, 0x00, 0x00, 0x00, 0x00,
    0x00, 0x00, 0x00, 0x00, 0x00, 0x00, 0x00, 0x00, 0x00, 0x00, 0x00, 0x00, 0x00, 0x00, 0x00, 0x00,
    0x00, 0x00, 0x00, 0x00, 0x00, 0x00, 0x00, 0x00, 0x00, 0x00, 0x00, 0x00, 0x00, 0x00, 0x00, 0x00,
    0x00, 0x00, 0x00, 0x00, 0x00, 0x00, 0x00, 0x00, 0x00, 0x00, 0x00, 0x00, 0x00, 0x00, 0x00, 0x00,
    0x00, 0x00, 0x00, 0x00, 0x00, 0x00, 0x00, 0x00, 0x00, 0x00, 0x00, 0x00, 0x00, 0x00, 0x00, 0x00,
    0x00, 0x00, 0x00, 0x00, 0x00, 0x00, 0x00, 0x00, 0x00, 0x00, 0x00, 0x00, 0x00, 0x00, 0x00, 0x00,
    0x00, 0x00, 0x00, 0x00, 0x00, 0x00, 0x00, 0x00, 0x00, 0x00, 0x00, 0x00, 0x00, 0x00, 0x00, 0x00,
    0x00, 0x00, 0x00, 0x00, 0x00, 0x00, 0x00, 0x00, 0x00, 0x00, 0x00, 0x00, 0x00, 0x00, 0x00, 0x00,
    0x00, 0x00, 0x00, 0x00, 0x00, 0x00, 0x00, 0x00, 0x00, 0x00, 0x00, 0x00, 0x00, 0x00, 0x00, 0x00,
    0x00, 0x00, 0x00, 0x00, 0x00, 0x00, 0x00, 0x00, 0x00, 0x00, 0x00, 0x00, 0x00, 0x00, 0x00, 0x00,
    0x00, 0x00, 0x00, 0x00, 0x00, 0x00, 0x00, 0x00, 0x00, 0x00, 0x00, 0x00, 0x00, 0x00, 0x00, 0x00,
    0x00, 0x00, 0x00, 0x00, 0x00, 0x00, 0x00, 0x00, 0x00, 0x00, 0x00, 0x00, 0x00, 0x00, 0x00, 0x00,
    0x00, 0x00, 0x00, 0x00, 0x00, 0x00, 0x00, 0x00, 0x00, 0x00, 0x00, 0x00, 0x00, 0x00, 0x00, 0x00,
    0x00, 0x00, 0x00, 0x00, 0x00, 0x00, 0x00, 0x00, 0x00, 0x00, 0x00, 0x00, 0x00, 0x00, 0x00, 0x00,
    0x00, 0x00, 0x00, 0x00, 0x00, 0x00, 0x00, 0x00, 0x00, 0x00, 0x00, 0x00, 0x00, 0x00, 0x00, 0x00,
    0x00, 0x00, 0x00, 0x00, 0x00, 0x00, 0x00, 0x00, 0x00, 0x00, 0x00, 0x00, 0x00, 0x00, 0x00, 0x00,
    0x00, 0x00, 0x00, 0x00, 0x00, 0x00, 0x00, 0x00, 0x00, 0x00, 0x00, 0x00, 0x00, 0x00, 0x00, 0x00,
    0x00, 0x00, 0x00, 0x00, 0x00, 0x00, 0x00, 0x00, 0x00, 0x00, 0x00, 0x00, 0x00, 0x00, 0x00, 0x00,
    0x00, 0x00, 0x00, 0x00, 0x00, 0x00, 0x00, 0x00, 0x00, 0x00, 0x00, 0x00, 0x00, 0x00, 0x00, 0x00,
    0x00, 0x00, 0x00, 0x00, 0x00, 0x00, 0x00, 0x00, 0x00, 0x00, 0x00, 0x00, 0x00, 0x00, 0x00, 0x00,
    0x00, 0x00, 0x00, 0x00, 0x00, 0x00, 0x00, 0x00, 0x00, 0x00, 0x00, 0x00, 0x00, 0x00, 0x00, 0x00,
    0x00, 0x00, 0x00, 0x00, 0x00, 0x00, 0x00, 0x00, 0x00, 0x00, 0x00, 0x00, 0x00, 0x00, 0x00, 0x00,
    0xED, 0xED, 0xED, 0x4D, 0xED, 0xED, 0xED, 0xFF, 0xED, 0xED, 0xED, 0xFF, 0xED, 0xED, 0xED, 0xFF,
    0xED, 0xED, 0xED, 0xFF, 0xED, 0xED, 0xED, 0xFF, 0xED, 0xED, 0xED, 0xFF, 0xED, 0xED, 0xED, 0xFF,
    0xED, 0xED, 0xED, 0xFF, 0xED, 0xED, 0xED, 0xFF, 0xED, 0xED, 0xED, 0xFF, 0xED, 0xED, 0xED, 0xFF,
    0xED, 0xED, 0xED, 0xFF, 0xED, 0xED, 0xED, 0xFF, 0xED, 0xED, 0xED, 0xFF, 0xED, 0xED, 0xED, 0xFF,
    0xED, 0xED, 0xED, 0xFF, 0xED, 0xED, 0xED, 0xFF, 0xED, 0xED, 0xED, 0xFF, 0xED, 0xED, 0xED, 0xFF,
    0xED, 0xED, 0xED, 0xFF, 0xED, 0xED, 0xED, 0xFF, 0xED, 0xED, 0xED, 0xFF, 0xED, 0xED, 0xED, 0xFF,
    0xED, 0xED, 0xED, 0xFF, 0xED, 0xED, 0xED, 0xFF, 0xED, 0xED, 0xED, 0xFF, 0xED, 0xED, 0xED, 0xFF,
    0xED, 0xED, 0xED, 0xFF, 0xED, 0xED, 0xED, 0xFF, 0xED, 0xED, 0xED, 0xFF, 0xED, 0xED, 0xED, 0xFF,
    0xED, 0xED, 0xED, 0xFF, 0xED, 0xED, 0xED, 0xFF, 0xED, 0xED, 0xED, 0xFF, 0xED, 0xED, 0xED, 0xFF,
    0xED, 0xED, 0xED, 0xFF, 0xED, 0xED, 0xED, 0xFF, 0xED, 0xED, 0xED, 0xFF, 0xED, 0xED, 0xED, 0xFF,
    0xED, 0xED, 0xED, 0xFF, 0xED, 0xED, 0xED, 0xFF, 0xED, 0xED, 0xED, 0xFF, 0xED, 0xED, 0xED, 0xFF,
    0xED, 0xED, 0xED, 0xFF, 0xED, 0xED, 0xED, 0xFF, 0xED, 0xED, 0xED, 0xFF, 0xED, 0xED, 0xED, 0xFF,
    0xED, 0xED, 0xED, 0xFF, 0xED, 0xED, 0xED, 0xFF, 0xED, 0xED, 0xED, 0xFF, 0xED, 0xED, 0xED, 0xFF,
    0xED, 0xED, 0xED, 0xFF, 0xED, 0xED, 0xED, 0xFF, 0xED, 0xED, 0xED, 0xFF, 0xED, 0xED, 0xED, 0xFF,
    0xED, 0xED, 0xED, 0xFF, 0xED, 0xED, 0xED, 0xFF, 0xED, 0xED, 0xED, 0xFF, 0xED, 0xED, 0xED, 0xFF,
    0xED, 0xED, 0xED, 0xFF, 0xED, 0xED, 0xED, 0xFF, 0xED, 0xED, 0xED, 0xFF, 0xED, 0xED, 0xED, 0xFF,
    0xED, 0xED, 0xED, 0xFF, 0xED, 0xED, 0xED, 0xFF, 0xED, 0xED, 0xED, 0xFF, 0xED, 0xED, 0xED, 0xFC,
    0xED, 0xED, 0xED, 0x3D, 0x00, 0x00, 0x00, 0x00, 0x00, 0x00, 0x00, 0x00, 0x00, 0x00, 0x00, 0x00,
    0x00, 0x00, 0x00, 0x00, 0x00, 0x00, 0x00, 0x00, 0x00, 0x00, 0x00, 0x00, 0x00, 0x00, 0x00, 0x00,
    0x00, 0x00, 0x00, 0x00, 0x00, 0x00, 0x00, 0x00, 0x00, 0x00, 0x00, 0x00, 0x00, 0x00, 0x00, 0x00,
    0x00, 0x00, 0x00, 0x00, 0x00, 0x00, 0x00, 0x00, 0x00, 0x00, 0x00, 0x00, 0x00, 0x00, 0x00, 0x00,
    0x00, 0x00, 0x00, 0x00, 0x00, 0x00, 0x00, 0x00, 0x00, 0x00, 0x00, 0x00, 0x00, 0x00, 0x00, 0x00,
    0x00, 0x00, 0x00, 0x00, 0x00, 0x00, 0x00, 0x00, 0x00, 0x00, 0x00, 0x00, 0x00, 0x00, 0x00, 0x00,
    0x00, 0x00, 0x00, 0x00, 0x00, 0x00, 0x00, 0x00, 0x00, 0x00, 0x00, 0x00, 0x00, 0x00, 0x00, 0x00,
    0x00, 0x00, 0x00, 0x00, 0x00, 0x00, 0x00, 0x00, 0x00, 0x00, 0x00, 0x00, 0x00, 0x00, 0x00, 0x00,
    0x00, 0x00, 0x00, 0x00, 0x00, 0x00, 0x00, 0x00, 0x00, 0x00, 0x00, 0x00, 0x00, 0x00, 0x00, 0x00,
    0x00, 0x00, 0x00, 0x00, 0x00, 0x00, 0x00, 0x00, 0x00, 0x00, 0x00, 0x00, 0x00, 0x00, 0x00, 0x00,
    0x00, 0x00, 0x00, 0x00, 0x00, 0x00, 0x00, 0x00, 0x00, 0x00, 0x00, 0x00, 0x00, 0x00, 0x00, 0x00,
    0x00, 0x00, 0x00, 0x00, 0x00, 0x00, 0x00, 0x00, 0x00, 0x00, 0x00, 0x00, 0x00, 0x00, 0x00, 0x00,
    0x00, 0x00, 0x00, 0x00, 0x00, 0x00, 0x00, 0x00, 0x00, 0x00, 0x00, 0x00, 0x00, 0x00, 0x00, 0x00,
    0x00, 0x00, 0x00, 0x00, 0x00, 0x00, 0x00, 0x00, 0x00, 0x00, 0x00, 0x00, 0x00, 0x00, 0x00, 0x00,
    0x00, 0x00, 0x00, 0x00, 0x00, 0x00, 0x00, 0x00, 0x00, 0x00, 0x00, 0x00, 0x00, 0x00, 0x00, 0x00,
    0x00, 0x00, 0x00, 0x00, 0x00, 0x00, 0x00, 0x00, 0x00, 0x00, 0x00, 0x00, 0x00, 0x00, 0x00, 0x00,
    0x00, 0x00, 0x00, 0x00, 0x00, 0x00, 0x00, 0x00, 0x00, 0x00, 0x00, 0x00, 0x00, 0x00, 0x00, 0x00,
    0x00, 0x00, 0x00, 0x00, 0x00, 0x00, 0x00, 0x00, 0x00, 0x00, 0x00, 0x00, 0x00, 0x00, 0x00, 0x00,
    0x00, 0x00, 0x00, 0x00, 0x00, 0x00, 0x00, 0x00, 0x00, 0x00, 0x00, 0x00, 0x00, 0x00, 0x00, 0x00,
    0x00, 0x00, 0x00, 0x00, 0x00, 0x00, 0x00, 0x00, 0x00, 0x00, 0x00, 0x00, 0x00, 0x00, 0x00, 0x00,
    0x00, 0x00, 0x00, 0x00, 0x00, 0x00, 0x00, 0x00, 0x00, 0x00, 0x00, 0x00, 0x00, 0x00, 0x00, 0x00,
    0x00, 0x00, 0x00, 0x00, 0x00, 0x00, 0x00, 0x00, 0x00, 0x00, 0x00, 0x00, 0x00, 0x00, 0x00, 0x00,
    0x00, 0x00, 0x00, 0x00, 0x00, 0x00, 0x00, 0x00, 0x00, 0x00, 0x00, 0x00, 0x00, 0x00, 0x00, 0x00,
    0x00, 0x00, 0x00, 0x00, 0x00, 0x00, 0x00, 0x00, 0x00, 0x00, 0x00, 0x00, 0x00, 0x00, 0x00, 0x00,
    0x00, 0x00, 0x00, 0x00, 0x00, 0x00, 0x00, 0x00, 0x00, 0x00, 0x00, 0x00, 0x00, 0x00, 0x00, 0x00,
    0x00, 0x00, 0x00, 0x00, 0x00, 0x00, 0x00, 0x00, 0x00, 0x00, 0x00, 0x00, 0x00, 0x00, 0x00, 0x00,
    0x00, 0x00, 0x00, 0x00, 0x00, 0x00, 0x00, 0x00, 0x00, 0x00, 0x00, 0x00, 0x00, 0x00, 0x00, 0x00,
    0x00, 0x00, 0x00, 0x00, 0x00, 0x00, 0x00, 0x00, 0x00, 0x00, 0x00, 0x00, 0x00, 0x00, 0x00, 0x00,
    0x00, 0x00, 0x00, 0x00, 0x00, 0x00, 0x00, 0x00, 0x00, 0x00, 0x00, 0x00, 0x00, 0x00, 0x00, 0x00,
    0x00, 0x00, 0x00, 0x00, 0x00, 0x00, 0x00, 0x00, 0x00, 0x00, 0x00, 0x00, 0x00, 0x00, 0x00, 0x00,
    0x00, 0x00, 0x00, 0x00, 0x00, 0x00, 0x00, 0x00, 0x00, 0x00, 0x00, 0x00, 0x00, 0x00, 0x00, 0x00,
    0x00, 0x00, 0x00, 0x00, 0x00, 0x00, 0x00, 0x00, 0x00, 0x00, 0x00, 0x00, 0x00, 0x00, 0x00, 0x00,
    0x00, 0x00, 0x00, 0x00, 0x00, 0x00, 0x00, 0x00, 0x00, 0x00, 0x00, 0x00, 0x00, 0x00, 0x00, 0x00,
    0x00, 0x00, 0x00, 0x00, 0x00, 0x00, 0x00, 0x00, 0x00, 0x00, 0x00, 0x00, 0x00, 0x00, 0x00, 0x00,
    0x00, 0x00, 0x00, 0x00, 0x00, 0x00, 0x00, 0x00, 0x00, 0x00, 0x00, 0x00, 0x00, 0x00, 0x00, 0x00,
    0x00, 0x00, 0x00, 0x00, 0x00, 0x00, 0x00, 0x00, 0x00, 0x00, 0x00, 0x00, 0x00, 0x00, 0x00, 0x00,
    0x00, 0x00, 0x00, 0x00, 0x00, 0x00, 0x00, 0x00, 0x00, 0x00, 0x00, 0x00, 0x00, 0x00, 0x00, 0x00,
    0x00, 0x00, 0x00, 0x00, 0x00, 0x00, 0x00, 0x00, 0x00, 0x00, 0x00, 0x00, 0x00, 0x00, 0x00, 0x00,
    0x00, 0x00, 0x00, 0x00, 0x00, 0x00, 0x00, 0x00, 0x00, 0x00, 0x00, 0x00, 0x00, 0x00, 0x00, 0x00,
    0x00, 0x00, 0x00, 0x00, 0x00, 0x00, 0x00, 0x00, 0x00, 0x00, 0x00, 0x00, 0x00, 0x00, 0x00, 0x00,
    0x00, 0x00, 0x00, 0x00, 0x00, 0x00, 0x00, 0x00, 0x00, 0x00, 0x00, 0x00, 0x00, 0x00, 0x00, 0x00,
    0x00, 0x00, 0x00, 0x00, 0x00, 0x00, 0x00, 0x00, 0x00, 0x00, 0x00, 0x00, 0x00, 0x00, 0x00, 0x00,
    0x00, 0x00, 0x00, 0x00, 0x00, 0x00, 0x00, 0x00, 0x00, 0x00, 0x00, 0x00, 0x00, 0x00, 0x00, 0x00,
    0x00, 0x00, 0x00, 0x00, 0x00, 0x00, 0x00, 0x00, 0x00, 0x00, 0x00, 0x00, 0x00, 0x00, 0x00, 0x00,
    0x00, 0x00, 0x00, 0x00, 0x00, 0x00, 0x00, 0x00, 0x00, 0x00, 0x00, 0x00, 0x00, 0x00, 0x00, 0x00,
    0x00, 0x00, 0x00, 0x00, 0x00, 0x00, 0x00, 0x00, 0x00, 0x00, 0x00, 0x00, 0x00, 0x00, 0x00, 0x00,
    0x00, 0x00, 0x00, 0x00, 0x00, 0x00, 0x00, 0x00, 0x00, 0x00, 0x00, 0x00, 0x00, 0x00, 0x00, 0x00,
    0x00, 0x00, 0x00, 0x00, 0x00, 0x00, 0x00, 0x00, 0x00, 0x00, 0x00, 0x00, 0x00, 0x00, 0x00, 0x00,
    0x00, 0x00, 0x00, 0x00, 0x00, 0x00, 0x00, 0x00, 0x00, 0x00, 0x00, 0x00, 0x00, 0x00, 0x00, 0x00,
    0x00, 0x00, 0x00, 0x00, 0x00, 0x00, 0x00, 0x00, 0x00, 0x00, 0x00, 0x00, 0x00, 0x00, 0x00, 0x00,
    0x00, 0x00, 0x00, 0x00, 0x00, 0x00, 0x00, 0x00, 0x00, 0x00, 0x00, 0x00, 0x00, 0x00, 0x00, 0x00,
    0x00, 0x00, 0x00, 0x00, 0x00, 0x00, 0x00, 0x00, 0x00, 0x00, 0x00, 0x00, 0x00, 0x00, 0x00, 0x00,
    0x00, 0x00, 0x00, 0x00, 0x00, 0x00, 0x00, 0x00, 0x00, 0x00, 0x00, 0x00, 0x00, 0x00, 0x00, 0x00,
    0x00, 0x00, 0x00, 0x00, 0x00, 0x00, 0x00, 0x00, 0x00, 0x00, 0x00, 0x00, 0x00, 0x00, 0x00, 0x00,
    0x00, 0x00, 0x00, 0x00, 0x00, 0x00, 0x00, 0x00, 0x00, 0x00, 0x00, 0x00, 0x00, 0x00, 0x00, 0x00,
    0x00, 0x00, 0x00, 0x00, 0x00, 0x00, 0x00, 0x00, 0x00, 0x00, 0x00, 0x00, 0x00, 0x00, 0x00, 0x00,
    0x00, 0x00, 0x00, 0x00, 0x00, 0x00, 0x00, 0x00, 0x00, 0x00, 0x00, 0x00, 0x00, 0x00, 0x00, 0x00,
    0xED, 0xED, 0xED, 0xBD, 0xED, 0xED, 0xED, 0xFF, 0xED, 0xED, 0xED, 0xFF, 0xEF, 0xEF, 0xEF, 0xFF,
    0xF1, 0xF1, 0xF1, 0xFF, 0xF1, 0xF1, 0xF1, 0xFF, 0xF1, 0xF1, 0xF1, 0xFF, 0xF1, 0xF1, 0xF1, 0xFF,
    0xF1, 0xF1, 0xF1, 0xFF, 0xF1, 0xF1, 0xF1, 0xFF, 0xF1, 0xF1, 0xF1, 0xFF, 0xF1, 0xF1, 0xF1, 0xFF,
    0xF1, 0xF1, 0xF1, 0xFF, 0xF1, 0xF1, 0xF1, 0xFF, 0xF1, 0xF1, 0xF1, 0xFF, 0xF1, 0xF1, 0xF1, 0xFF,
    0xF1, 0xF1, 0xF1, 0xFF, 0xF1, 0xF1, 0xF1, 0xFF, 0xF1, 0xF1, 0xF1, 0xFF, 0xF1, 0xF1, 0xF1, 0xFF,
    0xF1, 0xF1, 0xF1, 0xFF, 0xF1, 0xF1, 0xF1, 0xFF, 0xF1, 0xF1, 0xF1, 0xFF, 0xF1, 0xF1, 0xF1, 0xFF,
    0xF1, 0xF1, 0xF1, 0xFF, 0xF1, 0xF1, 0xF1, 0xFF, 0xF1, 0xF1, 0xF1, 0xFF, 0xF1, 0xF1, 0xF1, 0xFF,
    0xF1, 0xF1, 0xF1, 0xFF, 0xF1, 0xF1, 0xF1, 0xFF, 0xF1, 0xF1, 0xF1, 0xFF, 0xF1, 0xF1, 0xF1, 0xFF,
    0xF1, 0xF1, 0xF1, 0xFF, 0xF1, 0xF1, 0xF1, 0xFF, 0xF1, 0xF1, 0xF1, 0xFF, 0xF1, 0xF1, 0xF1, 0xFF,
    0xF1, 0xF1, 0xF1, 0xFF, 0xF1, 0xF1, 0xF1, 0xFF, 0xF1, 0xF1, 0xF1, 0xFF, 0xF1, 0xF1, 0xF1, 0xFF,
    0xF1, 0xF1, 0xF1, 0xFF, 0xF1, 0xF1, 0xF1, 0xFF, 0xF1, 0xF1, 0xF1, 0xFF, 0xF1, 0xF1, 0xF1, 0xFF,
    0xF1, 0xF1, 0xF1, 0xFF, 0xF1, 0xF1, 0xF1, 0xFF, 0xF1, 0xF1, 0xF1, 0xFF, 0xF1, 0xF1, 0xF1, 0xFF,
    0xF1, 0xF1, 0xF1, 0xFF, 0xF1, 0xF1, 0xF1, 0xFF, 0xF1, 0xF1, 0xF1, 0xFF, 0xF1, 0xF1, 0xF1, 0xFF,
    0xF1, 0xF1, 0xF1, 0xFF, 0xF1, 0xF1, 0xF1, 0xFF, 0xF1, 0xF1, 0xF1, 0xFF, 0xF1, 0xF1, 0xF1, 0xFF,
    0xF1, 0xF1, 0xF1, 0xFF, 0xF1, 0xF1, 0xF1, 0xFF, 0xF1, 0xF1, 0xF1, 0xFF, 0xF1, 0xF1, 0xF1, 0xFF,
    0xF1, 0xF1, 0xF1, 0xFF, 0xF1, 0xF1, 0xF1, 0xFF, 0xF1, 0xF1, 0xF1, 0xFF, 0xF1, 0xF1, 0xF1, 0xFF,
    0xF1, 0xF1, 0xF1, 0xFF, 0xEF, 0xEF, 0xEF, 0xFF, 0xED, 0xED, 0xED, 0xFF, 0xED, 0xED, 0xED, 0xFF,
    0xED, 0xED, 0xED, 0xAB, 0x00, 0x00, 0x00, 0x00, 0x00, 0x00, 0x00, 0x00, 0x00, 0x00, 0x00, 0x00,
    0x00, 0x00, 0x00, 0x00, 0x00, 0x00, 0x00, 0x00, 0x00, 0x00, 0x00, 0x00, 0x00, 0x00, 0x00, 0x00,
    0x00, 0x00, 0x00, 0x00, 0x00, 0x00, 0x00, 0x00, 0x00, 0x00, 0x00, 0x00, 0x00, 0x00, 0x00, 0x00,
    0x00, 0x00, 0x00, 0x00, 0x00, 0x00, 0x00, 0x00, 0x00, 0x00, 0x00, 0x00, 0x00, 0x00, 0x00, 0x00,
    0x00, 0x00, 0x00, 0x00, 0x00, 0x00, 0x00, 0x00, 0x00, 0x00, 0x00, 0x00, 0x00, 0x00, 0x00, 0x00,
    0x00, 0x00, 0x00, 0x00, 0x00, 0x00, 0x00, 0x00, 0x00, 0x00, 0x00, 0x00, 0x00, 0x00, 0x00, 0x00,
    0x00, 0x00, 0x00, 0x00, 0x00, 0x00, 0x00, 0x00, 0x00, 0x00, 0x00, 0x00, 0x00, 0x00, 0x00, 0x00,
    0x00, 0x00, 0x00, 0x00, 0x00, 0x00, 0x00, 0x00, 0x00, 0x00, 0x00, 0x00, 0x00, 0x00, 0x00, 0x00,
    0x00, 0x00, 0x00, 0x00, 0x00, 0x00, 0x00, 0x00, 0x00, 0x00, 0x00, 0x00, 0x00, 0x00, 0x00, 0x00,
    0x00, 0x00, 0x00, 0x00, 0x00, 0x00, 0x00, 0x00, 0x00, 0x00, 0x00, 0x00, 0x00, 0x00, 0x00, 0x00,
    0x00, 0x00, 0x00, 0x00, 0x00, 0x00, 0x00, 0x00, 0x00, 0x00, 0x00, 0x00, 0x00, 0x00, 0x00, 0x00,
    0x00, 0x00, 0x00, 0x00, 0x00, 0x00, 0x00, 0x00, 0x00, 0x00, 0x00, 0x00, 0x00, 0x00, 0x00, 0x00,
    0x00, 0x00, 0x00, 0x00, 0x00, 0x00, 0x00, 0x00, 0x00, 0x00, 0x00, 0x00, 0x00, 0x00, 0x00, 0x00,
    0x00, 0x00, 0x00, 0x00, 0x00, 0x00, 0x00, 0x00, 0x00, 0x00, 0x00, 0x00, 0x00, 0x00, 0x00, 0x00,
    0x00, 0x00, 0x00, 0x00, 0x00, 0x00, 0x00, 0x00, 0x00, 0x00, 0x00, 0x00, 0x00, 0x00, 0x00, 0x00,
    0x00, 0x00, 0x00, 0x00, 0x00, 0x00, 0x00, 0x00, 0x00, 0x00, 0x00, 0x00, 0x00, 0x00, 0x00, 0x00,
    0x00, 0x00, 0x00, 0x00, 0x00, 0x00, 0x00, 0x00, 0x00, 0x00, 0x00, 0x00, 0x00, 0x00, 0x00, 0x00,
    0x00, 0x00, 0x00, 0x00, 0x00, 0x00, 0x00, 0x00, 0x00, 0x00, 0x00, 0x00, 0x00, 0x00, 0x00, 0x00,
    0x00, 0x00, 0x00, 0x00, 0x00, 0x00, 0x00, 0x00, 0x00, 0x00, 0x00, 0x00, 0x00, 0x00, 0x00, 0x00,
    0x00, 0x00, 0x00, 0x00, 0x00, 0x00, 0x00, 0x00, 0x00, 0x00, 0x00, 0x00, 0x00, 0x00, 0x00, 0x00,
    0x00, 0x00, 0x00, 0x00, 0x00, 0x00, 0x00, 0x00, 0x00, 0x00, 0x00, 0x00, 0x00, 0x00, 0x00, 0x00,
    0x00, 0x00, 0x00, 0x00, 0x00, 0x00, 0x00, 0x00, 0x00, 0x00, 0x00, 0x00, 0x00, 0x00, 0x00, 0x00,
    0x00, 0x00, 0x00, 0x00, 0x00, 0x00, 0x00, 0x00, 0x00, 0x00, 0x00, 0x00, 0x00, 0x00, 0x00, 0x00,
    0x00, 0x00, 0x00, 0x00, 0x00, 0x00, 0x00, 0x00, 0x00, 0x00, 0x00, 0x00, 0x00, 0x00, 0x00, 0x00,
    0x00, 0x00, 0x00, 0x00, 0x00, 0x00, 0x00, 0x00, 0x00, 0x00, 0x00, 0x00, 0x00, 0x00, 0x00, 0x00,
    0x00, 0x00, 0x00, 0x00, 0x00, 0x00, 0x00, 0x00, 0x00, 0x00, 0x00, 0x00, 0x00, 0x00, 0x00, 0x00,
    0x00, 0x00, 0x00, 0x00, 0x00, 0x00, 0x00, 0x00, 0x00, 0x00, 0x00, 0x00, 0x00, 0x00, 0x00, 0x00,
    0x00, 0x00, 0x00, 0x00, 0x00, 0x00, 0x00, 0x00, 0x00, 0x00, 0x00, 0x00, 0x00, 0x00, 0x00, 0x00,
    0x00, 0x00, 0x00, 0x00, 0x00, 0x00, 0x00, 0x00, 0x00, 0x00, 0x00, 0x00, 0x00, 0x00, 0x00, 0x00,
    0x00, 0x00, 0x00, 0x00, 0x00, 0x00, 0x00, 0x00, 0x00, 0x00, 0x00, 0x00, 0x00, 0x00, 0x00, 0x00,
    0x00, 0x00, 0x00, 0x00, 0x00, 0x00, 0x00, 0x00, 0x00, 0x00, 0x00, 0x00, 0x00, 0x00, 0x00, 0x00,
    0x00, 0x00, 0x00, 0x00, 0x00, 0x00, 0x00, 0x00, 0x00, 0x00, 0x00, 0x00, 0x00, 0x00, 0x00, 0x00,
    0x00, 0x00, 0x00, 0x00, 0x00, 0x00, 0x00, 0x00, 0x00, 0x00, 0x00, 0x00, 0x00, 0x00, 0x00, 0x00,
    0x00, 0x00, 0x00, 0x00, 0x00, 0x00, 0x00, 0x00, 0x00, 0x00, 0x00, 0x00, 0x00, 0x00, 0x00, 0x00,
    0x00, 0x00, 0x00, 0x00, 0x00, 0x00, 0x00, 0x00, 0x00, 0x00, 0x00, 0x00, 0x00, 0x00, 0x00, 0x00,
    0x00, 0x00, 0x00, 0x00, 0x00, 0x00, 0x00, 0x00, 0x00, 0x00, 0x00, 0x00, 0x00, 0x00, 0x00, 0x00,
    0x00, 0x00, 0x00, 0x00, 0x00, 0x00, 0x00, 0x00, 0x00, 0x00, 0x00, 0x00, 0x00, 0x00, 0x00, 0x00,
    0x00, 0x00, 0x00, 0x00, 0x00, 0x00, 0x00, 0x00, 0x00, 0x00, 0x00, 0x00, 0x00, 0x00, 0x00, 0x00,
    0x00, 0x00, 0x00, 0x00, 0x00, 0x00, 0x00, 0x00, 0x00, 0x00, 0x00, 0x00, 0x00, 0x00, 0x00, 0x00,
    0x00, 0x00, 0x00, 0x00, 0x00, 0x00, 0x00, 0x00, 0x00, 0x00, 0x00, 0x00, 0x00, 0x00, 0x00, 0x00,
    0x00, 0x00, 0x00, 0x00, 0x00, 0x00, 0x00, 0x00, 0x00, 0x00, 0x00, 0x00, 0x00, 0x00, 0x00, 0x00,
    0x00, 0x00, 0x00, 0x00, 0x00, 0x00, 0x00, 0x00, 0x00, 0x00, 0x00, 0x00, 0x00, 0x00, 0x00, 0x00,
    0x00, 0x00, 0x00, 0x00, 0x00, 0x00, 0x00, 0x00, 0x00, 0x00, 0x00, 0x00, 0x00, 0x00, 0x00, 0x00,
    0x00, 0x00, 0x00, 0x00, 0x00, 0x00, 0x00, 0x00, 0x00, 0x00, 0x00, 0x00, 0x00, 0x00, 0x00, 0x00,
    0x00, 0x00, 0x00, 0x00, 0x00, 0x00, 0x00, 0x00, 0x00, 0x00, 0x00, 0x00, 0x00, 0x00, 0x00, 0x00,
    0x00, 0x00, 0x00, 0x00, 0x00, 0x00, 0x00, 0x00, 0x00, 0x00, 0x00, 0x00, 0x00, 0x00, 0x00, 0x00,
    0x00, 0x00, 0x00, 0x00, 0x00, 0x00, 0x00, 0x00, 0x00, 0x00, 0x00, 0x00, 0x00, 0x00, 0x00, 0x00,
    0x00, 0x00, 0x00, 0x00, 0x00, 0x00, 0x00, 0x00, 0x00, 0x00, 0x00, 0x00, 0x00, 0x00, 0x00, 0x00,
    0x00, 0x00, 0x00, 0x00, 0x00, 0x00, 0x00, 0x00, 0x00, 0x00, 0x00, 0x00, 0x00, 0x00, 0x00, 0x00,
    0x00, 0x00, 0x00, 0x00, 0x00, 0x00, 0x00, 0x00, 0x00, 0x00, 0x00, 0x00, 0x00, 0x00, 0x00, 0x00,
    0x00, 0x00, 0x00, 0x00, 0x00, 0x00, 0x00, 0x00, 0x00, 0x00, 0x00, 0x00, 0x00, 0x00, 0x00, 0x00,
    0x00, 0x00, 0x00, 0x00, 0x00, 0x00, 0x00, 0x00, 0x00, 0x00, 0x00, 0x00, 0x00, 0x00, 0x00, 0x00,
    0x00, 0x00, 0x00, 0x00, 0x00, 0x00, 0x00, 0x00, 0x00, 0x00, 0x00, 0x00, 0x00, 0x00, 0x00, 0x00,
    0x00, 0x00, 0x00, 0x00, 0x00, 0x00, 0x00, 0x00, 0x00, 0x00, 0x00, 0x00, 0x00, 0x00, 0x00, 0x00,
    0x00, 0x00, 0x00, 0x00, 0x00, 0x00, 0x00, 0x00, 0x00, 0x00, 0x00, 0x00, 0x00, 0x00, 0x00, 0x00,
    0x00, 0x00, 0x00, 0x00, 0x00, 0x00, 0x00, 0x00, 0x00, 0x00, 0x00, 0x00, 0x00, 0x00, 0x00, 0x00,
    0x00, 0x00, 0x00, 0x00, 0x00, 0x00, 0x00, 0x00, 0x00, 0x00, 0x00, 0x00, 0x00, 0x00, 0x00, 0x00,
    0xED, 0xED, 0xED, 0xD8, 0xED, 0xED, 0xED, 0xFF, 0xF0, 0xF0, 0xF0, 0xFF, 0xC6, 0xC6, 0xC8, 0xFF,
    0x93, 0x93, 0x98, 0xFF, 0x98, 0x98, 0x9D, 0xFF, 0x98, 0x98, 0x9D, 0xFF, 0x98, 0x98, 0x9D, 0xFF,
    0x98, 0x98, 0x9D, 0xFF, 0x98, 0x98, 0x9D, 0xFF, 0x98, 0x98, 0x9D, 0xFF, 0x98, 0x98, 0x9D, 0xFF,
    0x98, 0x98, 0x9D, 0xFF, 0x98, 0x98, 0x9D, 0xFF, 0x98, 0x98, 0x9D, 0xFF, 0x98, 0x98, 0x9D, 0xFF,
    0x98, 0x98, 0x9D, 0xFF, 0x98, 0x98, 0x9D, 0xFF, 0x98, 0x98, 0x9D, 0xFF, 0x98, 0x98, 0x9D, 0xFF,
    0x98, 0x98, 0x9D, 0xFF, 0x98, 0x98, 0x9D, 0xFF, 0x98, 0x98, 0x9D, 0xFF, 0x98, 0x98, 0x9D, 0xFF,
    0x98, 0x98, 0x9D, 0xFF, 0x98, 0x98, 0x9D, 0xFF, 0x98, 0x98, 0x9D, 0xFF, 0x98, 0x98, 0x9D, 0xFF,
    0x98, 0x98, 0x9D, 0xFF, 0x98, 0x98, 0x9D, 0xFF, 0x98, 0x98, 0x9D, 0xFF, 0x98, 0x98, 0x9D, 0xFF,
    0x98, 0x98, 0x9D, 0xFF, 0x98, 0x98, 0x9D, 0xFF, 0x98, 0x98, 0x9D, 0xFF, 0x98, 0x98, 0x9D, 0xFF,
    0x98, 0x98, 0x9D, 0xFF, 0x98, 0x98, 0x9D, 0xFF, 0x98, 0x98, 0x9D, 0xFF, 0x98, 0x98, 0x9D, 0xFF,
    0x98, 0x98, 0x9D, 0xFF, 0x98, 0x98, 0x9D, 0xFF, 0x98, 0x98, 0x9D, 0xFF, 0x98, 0x98, 0x9D, 0xFF,
    0x98, 0x98, 0x9D, 0xFF, 0x98, 0x98, 0x9D, 0xFF, 0x98, 0x98, 0x9D, 0xFF, 0x98, 0x98, 0x9D, 0xFF,
    0x98, 0x98, 0x9D, 0xFF, 0x98, 0x98, 0x9D, 0xFF, 0x98, 0x98, 0x9D, 0xFF, 0x98, 0x98, 0x9D, 0xFF,
    0x98, 0x98, 0x9D, 0xFF, 0x98, 0x98, 0x9D, 0xFF, 0x98, 0x98, 0x9D, 0xFF, 0x98, 0x98, 0x9D, 0xFF,
    0x98, 0x98, 0x9D, 0xFF, 0x98, 0x98, 0x9D, 0xFF, 0x98, 0x98, 0x9D, 0xFF, 0x98, 0x98, 0x9D, 0xFF,
    0x98, 0x98, 0x9D, 0xFF, 0x98, 0x98, 0x9D, 0xFF, 0x98, 0x98, 0x9D, 0xFF, 0x98, 0x98, 0x9D, 0xFF,
    0x93, 0x93, 0x98, 0xFF, 0xCC, 0xCC, 0xCE, 0xFF, 0xF0, 0xF0, 0xF0, 0xFF, 0xED, 0xED, 0xED, 0xFF,
    0xED, 0xED, 0xED, 0xC9, 0x00, 0x00, 0x00, 0x00, 0x00, 0x00, 0x00, 0x00, 0x00, 0x00, 0x00, 0x00,
    0x00, 0x00, 0x00, 0x00, 0x00, 0x00, 0x00, 0x00, 0x00, 0x00, 0x00, 0x00, 0x00, 0x00, 0x00, 0x00,
    0x00, 0x00, 0x00, 0x00, 0x00, 0x00, 0x00, 0x00, 0x00, 0x00, 0x00, 0x00, 0x00, 0x00, 0x00, 0x00,
    0x00, 0x00, 0x00, 0x00, 0x00, 0x00, 0x00, 0x00, 0x00, 0x00, 0x00, 0x00, 0x00, 0x00, 0x00, 0x00,
    0x00, 0x00, 0x00, 0x00, 0x00, 0x00, 0x00, 0x00, 0x00, 0x00, 0x00, 0x00, 0x00, 0x00, 0x00, 0x00,
    0x00, 0x00, 0x00, 0x00, 0x00, 0x00, 0x00, 0x00, 0x00, 0x00, 0x00, 0x00, 0x00, 0x00, 0x00, 0x00,
    0x00, 0x00, 0x00, 0x00, 0x00, 0x00, 0x00, 0x00, 0x00, 0x00, 0x00, 0x00, 0x00, 0x00, 0x00, 0x00,
    0x00, 0x00, 0x00, 0x00, 0x00, 0x00, 0x00, 0x00, 0x00, 0x00, 0x00, 0x00, 0x00, 0x00, 0x00, 0x00,
    0x00, 0x00, 0x00, 0x00, 0x00, 0x00, 0x00, 0x00, 0x00, 0x00, 0x00, 0x00, 0x00, 0x00, 0x00, 0x00,
    0x00, 0x00, 0x00, 0x00, 0x00, 0x00, 0x00, 0x00, 0x00, 0x00, 0x00, 0x00, 0x00, 0x00, 0x00, 0x00,
    0x00, 0x00, 0x00, 0x00, 0x00, 0x00, 0x00, 0x00, 0x00, 0x00, 0x00, 0x00, 0x00, 0x00, 0x00, 0x00,
    0x00, 0x00, 0x00, 0x00, 0x00, 0x00, 0x00, 0x00, 0x00, 0x00, 0x00, 0x00, 0x00, 0x00, 0x00, 0x00,
    0x00, 0x00, 0x00, 0x00, 0x00, 0x00, 0x00, 0x00, 0x00, 0x00, 0x00, 0x00, 0x00, 0x00, 0x00, 0x00,
    0x00, 0x00, 0x00, 0x00, 0x00, 0x00, 0x00, 0x00, 0x00, 0x00, 0x00, 0x00, 0x00, 0x00, 0x00, 0x00,
    0x00, 0x00, 0x00, 0x00, 0x00, 0x00, 0x00, 0x00, 0x00, 0x00, 0x00, 0x00, 0x00, 0x00, 0x00, 0x00,
    0x00, 0x00, 0x00, 0x00, 0x00, 0x00, 0x00, 0x00, 0x00, 0x00, 0x00, 0x00, 0x00, 0x00, 0x00, 0x00,
    0x00, 0x00, 0x00, 0x00, 0x00, 0x00, 0x00, 0x00, 0x00, 0x00, 0x00, 0x00, 0x00, 0x00, 0x00, 0x00,
    0x00, 0x00, 0x00, 0x00, 0x00, 0x00, 0x00, 0x00, 0x00, 0x00, 0x00, 0x00, 0x00, 0x00, 0x00, 0x00,
    0x00, 0x00, 0x00, 0x00, 0x00, 0x00, 0x00, 0x00, 0x00, 0x00, 0x00, 0x00, 0x00, 0x00, 0x00, 0x00,
    0x00, 0x00, 0x00, 0x00, 0x00, 0x00, 0x00, 0x00, 0x00, 0x00, 0x00, 0x00, 0x00, 0x00, 0x00, 0x00,
    0x00, 0x00, 0x00, 0x00, 0x00, 0x00, 0x00, 0x00, 0x00, 0x00, 0x00, 0x00, 0x00, 0x00, 0x00, 0x00,
    0x00, 0x00, 0x00, 0x00, 0x00, 0x00, 0x00, 0x00, 0x00, 0x00, 0x00, 0x00, 0x00, 0x00, 0x00, 0x00,
    0x00, 0x00, 0x00, 0x00, 0x00, 0x00, 0x00, 0x00, 0x00, 0x00, 0x00, 0x00, 0x00, 0x00, 0x00, 0x00,
    0x00, 0x00, 0x00, 0x00, 0x00, 0x00, 0x00, 0x00, 0x00, 0x00, 0x00, 0x00, 0x00, 0x00, 0x00, 0x00,
    0x00, 0x00, 0x00, 0x00, 0x00, 0x00, 0x00, 0x00, 0x00, 0x00, 0x00, 0x00, 0x00, 0x00, 0x00, 0x00,
    0x00, 0x00, 0x00, 0x00, 0x00, 0x00, 0x00, 0x00, 0x00, 0x00, 0x00, 0x00, 0x00, 0x00, 0x00, 0x00,
    0x00, 0x00, 0x00, 0x00, 0x00, 0x00, 0x00, 0x00, 0x00, 0x00, 0x00, 0x00, 0x00, 0x00, 0x00, 0x00,
    0x00, 0x00, 0x00, 0x00, 0x00, 0x00, 0x00, 0x00, 0x00, 0x00, 0x00, 0x00, 0x00, 0x00, 0x00, 0x00,
    0x00, 0x00, 0x00, 0x00, 0x00, 0x00, 0x00, 0x00, 0x00, 0x00, 0x00, 0x00, 0x00, 0x00, 0x00, 0x00,
    0x00, 0x00, 0x00, 0x00, 0x00, 0x00, 0x00, 0x00, 0x00, 0x00, 0x00, 0x00, 0x00, 0x00, 0x00, 0x00,
    0x00, 0x00, 0x00, 0x00, 0x00, 0x00, 0x00, 0x00, 0x00, 0x00, 0x00, 0x00, 0x00, 0x00, 0x00, 0x00,
    0x00, 0x00, 0x00, 0x00, 0x00, 0x00, 0x00, 0x00, 0x00, 0x00, 0x00, 0x00, 0x00, 0x00, 0x00, 0x00,
    0x00, 0x00, 0x00, 0x00, 0x00, 0x00, 0x00, 0x00, 0x00, 0x00, 0x00, 0x00, 0x00, 0x00, 0x00, 0x00,
    0x00, 0x00, 0x00, 0x00, 0x00, 0x00, 0x00, 0x00, 0x00, 0x00, 0x00, 0x00, 0x00, 0x00, 0x00, 0x00,
    0x00, 0x00, 0x00, 0x00, 0x00, 0x00, 0x00, 0x00, 0x00, 0x00, 0x00, 0x00, 0x00, 0x00, 0x00, 0x00,
    0x00, 0x00, 0x00, 0x00, 0x00, 0x00, 0x00, 0x00, 0x00, 0x00, 0x00, 0x00, 0x00, 0x00, 0x00, 0x00,
    0x00, 0x00, 0x00, 0x00, 0x00, 0x00, 0x00, 0x00, 0x00, 0x00, 0x00, 0x00, 0x00, 0x00, 0x00, 0x00,
    0x00, 0x00, 0x00, 0x00, 0x00, 0x00, 0x00, 0x00, 0x00, 0x00, 0x00, 0x00, 0x00, 0x00, 0x00, 0x00,
    0x00, 0x00, 0x00, 0x00, 0x00, 0x00, 0x00, 0x00, 0x00, 0x00, 0x00, 0x00, 0x00, 0x00, 0x00, 0x00,
    0x00, 0x00, 0x00, 0x00, 0x00, 0x00, 0x00, 0x00, 0x00, 0x00, 0x00, 0x00, 0x00, 0x00, 0x00, 0x00,
    0x00, 0x00, 0x00, 0x00, 0x00, 0x00, 0x00, 0x00, 0x00, 0x00, 0x00, 0x00, 0x00, 0x00, 0x00, 0x00,
    0x00, 0x00, 0x00, 0x00, 0x00, 0x00, 0x00, 0x00, 0x00, 0x00, 0x00, 0x00, 0x00, 0x00, 0x00, 0x00,
    0x00, 0x00, 0x00, 0x00, 0x00, 0x00, 0x00, 0x00, 0x00, 0x00, 0x00, 0x00, 0x00, 0x00, 0x00, 0x00,
    0x00, 0x00, 0x00, 0x00, 0x00, 0x00, 0x00, 0x00, 0x00, 0x00, 0x00, 0x00, 0x00, 0x00, 0x00, 0x00,
    0x00, 0x00, 0x00, 0x00, 0x00, 0x00, 0x00, 0x00, 0x00, 0x00, 0x00, 0x00, 0x00, 0x00, 0x00, 0x00,
    0x00, 0x00, 0x00, 0x00, 0x00, 0x00, 0x00, 0x00, 0x00, 0x00, 0x00, 0x00, 0x00, 0x00, 0x00, 0x00,
    0x00, 0x00, 0x00, 0x00, 0x00, 0x00, 0x00, 0x00, 0x00, 0x00, 0x00, 0x00, 0x00, 0x00, 0x00, 0x00,
    0x00, 0x00, 0x00, 0x00, 0x00, 0x00, 0x00, 0x00, 0x00, 0x00, 0x00, 0x00, 0x00, 0x00, 0x00, 0x00,
    0x00, 0x00, 0x00, 0x00, 0x00, 0x00, 0x00, 0x00, 0x00, 0x00, 0x00, 0x00, 0x00, 0x00, 0x00, 0x00,
    0x00, 0x00, 0x00, 0x00, 0x00, 0x00, 0x00, 0x00, 0x00, 0x00, 0x00, 0x00, 0x00, 0x00, 0x00, 0x00,
    0x00, 0x00, 0x00, 0x00, 0x00, 0x00, 0x00, 0x00, 0x00, 0x00, 0x00, 0x00, 0x00, 0x00, 0x00, 0x00,
    0x00, 0x00, 0x00, 0x00, 0x00, 0x00, 0x00, 0x00, 0x00, 0x00, 0x00, 0x00, 0x00, 0x00, 0x00, 0x00,
    0x00, 0x00, 0x00, 0x00, 0x00, 0x00, 0x00, 0x00, 0x00, 0x00, 0x00, 0x00, 0x00, 0x00, 0x00, 0x00,
    0x00, 0x00, 0x00, 0x00, 0x00, 0x00, 0x00, 0x00, 0x00, 0x00, 0x00, 0x00, 0x00, 0x00, 0x00, 0x00,
    0x00, 0x00, 0x00, 0x00, 0x00, 0x00, 0x00, 0x00, 0x00, 0x00, 0x00, 0x00, 0x00, 0x00, 0x00, 0x00,
    0x00, 0x00, 0x00, 0x00, 0x00, 0x00, 0x00, 0x00, 0x00, 0x00, 0x00, 0x00, 0x00, 0x00, 0x00, 0x00,
    0x00, 0x00, 0x00, 0x00, 0x00, 0x00, 0x00, 0x00, 0x00, 0x00, 0x00, 0x00, 0x00, 0x00, 0x00, 0x00,
    0xED, 0xED, 0xED, 0xD8, 0xED, 0xED, 0xED, 0xFF, 0xF1, 0xF1, 0xF1, 0xFF, 0xA6, 0xA6, 0xA9, 0xFF,
    0x00, 0x00, 0x00, 0xFF, 0x00, 0x00, 0x0B, 0xFF, 0x00, 0x00, 0x0B, 0xFF, 0x00, 0x00, 0x0B, 0xFF,
    0x00, 0x00, 0x0B, 0xFF, 0x00, 0x00, 0x0B, 0xFF, 0x00, 0x00, 0x0B, 0xFF, 0x00, 0x00, 0x0B, 0xFF,
    0x00, 0x00, 0x0B, 0xFF, 0x00, 0x00, 0x0B, 0xFF, 0x00, 0x00, 0x0B, 0xFF, 0x00, 0x00, 0x0B, 0xFF,
    0x00, 0x00, 0x0B, 0xFF, 0x00, 0x00, 0x0B, 0xFF, 0x00, 0x00, 0x0B, 0xFF, 0x00, 0x00, 0x0B, 0xFF,
    0x00, 0x00, 0x0B, 0xFF, 0x00, 0x00, 0x0B, 0xFF, 0x00, 0x00, 0x0B, 0xFF, 0x00, 0x00, 0x0B, 0xFF,
    0x00, 0x00, 0x0B, 0xFF, 0x00, 0x00, 0x0B, 0xFF, 0x00, 0x00, 0x0B, 0xFF, 0x00, 0x00, 0x0B, 0xFF,
    0x00, 0x00, 0x0B, 0xFF, 0x00, 0x00, 0x0B, 0xFF, 0x00, 0x00, 0x0B, 0xFF, 0x00, 0x00, 0x0B, 0xFF,
    0x00, 0x00, 0x0B, 0xFF, 0x00, 0x00, 0x0B, 0xFF, 0x00, 0x00, 0x0B, 0xFF, 0x00, 0x00, 0x0B, 0xFF,
    0x00, 0x00, 0x0B, 0xFF, 0x00, 0x00, 0x0B, 0xFF, 0x00, 0x00, 0x0B, 0xFF, 0x00, 0x00, 0x0B, 0xFF,
    0x00, 0x00, 0x0B, 0xFF, 0x00, 0x00, 0x0B, 0xFF, 0x00, 0x00, 0x0B, 0xFF, 0x00, 0x00, 0x0B, 0xFF,
    0x00, 0x00, 0x0B, 0xFF, 0x00, 0x00, 0x0B, 0xFF, 0x00, 0x00, 0x0B, 0xFF, 0x00, 0x00, 0x0B, 0xFF,
    0x00, 0x00, 0x0B, 0xFF, 0x00, 0x00, 0x0B, 0xFF, 0x00, 0x00, 0x0B, 0xFF, 0x00, 0x00, 0x0B, 0xFF,
    0x00, 0x00, 0x0B, 0xFF, 0x00, 0x00, 0x0B, 0xFF, 0x00, 0x00, 0x0B, 0xFF, 0x00, 0x00, 0x0B, 0xFF,
    0x00, 0x00, 0x0B, 0xFF, 0x00, 0x00, 0x0B, 0xFF, 0x00, 0x00, 0x0B, 0xFF, 0x00, 0x00, 0x0B, 0xFF,
    0x00, 0x00, 0x0B, 0xFF, 0x00, 0x00, 0x0B, 0xFF, 0x00, 0x00, 0x0B, 0xFF, 0x00, 0x00, 0x0B, 0xFF,
    0x00, 0x00, 0x00, 0xFF, 0xB2, 0xB2, 0xB5, 0xFF, 0xF1, 0xF1, 0xF1, 0xFF, 0xED, 0xED, 0xED, 0xFF,
    0xED, 0xED, 0xED, 0xC9, 0x00, 0x00, 0x00, 0x00, 0x00, 0x00, 0x00, 0x00, 0x00, 0x00, 0x00, 0x00,
    0x00, 0x00, 0x00, 0x00, 0x00, 0x00, 0x00, 0x00, 0x00, 0x00, 0x00, 0x00, 0x00, 0x00, 0x00, 0x00,
    0x00, 0x00, 0x00, 0x00, 0x00, 0x00, 0x00, 0x00, 0x00, 0x00, 0x00, 0x00, 0x00, 0x00, 0x00, 0x00,
    0x00, 0x00, 0x00, 0x00, 0x00, 0x00, 0x00, 0x00, 0x00, 0x00, 0x00, 0x00, 0x00, 0x00, 0x00, 0x00,
    0x00, 0x00, 0x00, 0x00, 0x00, 0x00, 0x00, 0x00, 0x00, 0x00, 0x00, 0x00, 0x00, 0x00, 0x00, 0x00,
    0x00, 0x00, 0x00, 0x00, 0x00, 0x00, 0x00, 0x00, 0x00, 0x00, 0x00, 0x00, 0x00, 0x00, 0x00, 0x00,
    0x00, 0x00, 0x00, 0x00, 0x00, 0x00, 0x00, 0x00, 0x00, 0x00, 0x00, 0x00, 0x00, 0x00, 0x00, 0x00,
    0x00, 0x00, 0x00, 0x00, 0x00, 0x00, 0x00, 0x00, 0x00, 0x00, 0x00, 0x00, 0x00, 0x00, 0x00, 0x00,
    0x00, 0x00, 0x00, 0x00, 0x00, 0x00, 0x00, 0x00, 0x00, 0x00, 0x00, 0x00, 0x00, 0x00, 0x00, 0x00,
    0x00, 0x00, 0x00, 0x00, 0x00, 0x00, 0x00, 0x00, 0x00, 0x00, 0x00, 0x00, 0x00, 0x00, 0x00, 0x00,
    0x00, 0x00, 0x00, 0x00, 0x00, 0x00, 0x00, 0x00, 0x00, 0x00, 0x00, 0x00, 0x00, 0x00, 0x00, 0x00,
    0x00, 0x00, 0x00, 0x00, 0x00, 0x00, 0x00, 0x00, 0x00, 0x00, 0x00, 0x00, 0x00, 0x00, 0x00, 0x00,
    0x00, 0x00, 0x00, 0x00, 0x00, 0x00, 0x00, 0x00, 0x00, 0x00, 0x00, 0x00, 0x00, 0x00, 0x00, 0x00,
    0x00, 0x00, 0x00, 0x00, 0x00, 0x00, 0x00, 0x00, 0x00, 0x00, 0x00, 0x00, 0x00, 0x00, 0x00, 0x00,
    0x00, 0x00, 0x00, 0x00, 0x00, 0x00, 0x00, 0x00, 0x00, 0x00, 0x00, 0x00, 0x00, 0x00, 0x00, 0x00,
    0x00, 0x00, 0x00, 0x00, 0x00, 0x00, 0x00, 0x00, 0x00, 0x00, 0x00, 0x00, 0x00, 0x00, 0x00, 0x00,
    0x00, 0x00, 0x00, 0x00, 0x00, 0x00, 0x00, 0x00, 0x00, 0x00, 0x00, 0x00, 0x00, 0x00, 0x00, 0x00,
    0x00, 0x00, 0x00, 0x00, 0x00, 0x00, 0x00, 0x00, 0x00, 0x00, 0x00, 0x00, 0x00, 0x00, 0x00, 0x00,
    0x00, 0x00, 0x00, 0x00, 0x00, 0x00, 0x00, 0x00, 0x00, 0x00, 0x00, 0x00, 0x00, 0x00, 0x00, 0x00,
    0x00, 0x00, 0x00, 0x00, 0x00, 0x00, 0x00, 0x00, 0x00, 0x00, 0x00, 0x00, 0x00, 0x00, 0x00, 0x00,
    0x00, 0x00, 0x00, 0x00, 0x00, 0x00, 0x00, 0x00, 0x00, 0x00, 0x00, 0x00, 0x00, 0x00, 0x00, 0x00,
    0x00, 0x00, 0x00, 0x00, 0x00, 0x00, 0x00, 0x00, 0x00, 0x00, 0x00, 0x00, 0x00, 0x00, 0x00, 0x00,
    0x00, 0x00, 0x00, 0x00, 0x00, 0x00, 0x00, 0x00, 0x00, 0x00, 0x00, 0x00, 0x00, 0x00, 0x00, 0x00,
    0x00, 0x00, 0x00, 0x00, 0x00, 0x00, 0x00, 0x00, 0x00, 0x00, 0x00, 0x00, 0x00, 0x00, 0x00, 0x00,
    0x00, 0x00, 0x00, 0x00, 0x00, 0x00, 0x00, 0x00, 0x00, 0x00, 0x00, 0x00, 0x00, 0x00, 0x00, 0x00,
    0x00, 0x00, 0x00, 0x00, 0x00, 0x00, 0x00, 0x00, 0x00, 0x00, 0x00, 0x00, 0x00, 0x00, 0x00, 0x00,
    0x00, 0x00, 0x00, 0x00, 0x00, 0x00, 0x00, 0x00, 0x00, 0x00, 0x00, 0x00, 0x00, 0x00, 0x00, 0x00,
    0x00, 0x00, 0x00, 0x00, 0x00, 0x00, 0x00, 0x00, 0x00, 0x00, 0x00, 0x00, 0x00, 0x00, 0x00, 0x00,
    0x00, 0x00, 0x00, 0x00, 0x00, 0x00, 0x00, 0x00, 0x00, 0x00, 0x00, 0x00, 0x00, 0x00, 0x00, 0x00,
    0x00, 0x00, 0x00, 0x00, 0x00, 0x00, 0x00, 0x00, 0x00, 0x00, 0x00, 0x00, 0x00, 0x00, 0x00, 0x00,
    0x00, 0x00, 0x00, 0x00, 0x00, 0x00, 0x00, 0x00, 0x00, 0x00, 0x00, 0x00, 0x00, 0x00, 0x00, 0x00,
    0x00, 0x00, 0x00, 0x00, 0x00, 0x00, 0x00, 0x00, 0x00, 0x00, 0x00, 0x00, 0x00, 0x00, 0x00, 0x00,
    0x00, 0x00, 0x00, 0x00, 0x00, 0x00, 0x00, 0x00, 0x00, 0x00, 0x00, 0x00, 0x00, 0x00, 0x00, 0x00,
    0x00, 0x00, 0x00, 0x00, 0x00, 0x00, 0x00, 0x00, 0x00, 0x00, 0x00, 0x00, 0x00, 0x00, 0x00, 0x00,
    0x00, 0x00, 0x00, 0x00, 0x00, 0x00, 0x00, 0x00, 0x00, 0x00, 0x00, 0x00, 0x00, 0x00, 0x00, 0x00,
    0x00, 0x00, 0x00, 0x00, 0x00, 0x00, 0x00, 0x00, 0x00, 0x00, 0x00, 0x00, 0x00, 0x00, 0x00, 0x00,
    0x00, 0x00, 0x00, 0x00, 0x00, 0x00, 0x00, 0x00, 0x00, 0x00, 0x00, 0x00, 0x00, 0x00, 0x00, 0x00,
    0x00, 0x00, 0x00, 0x00, 0x00, 0x00, 0x00, 0x00, 0x00, 0x00, 0x00, 0x00, 0x00, 0x00, 0x00, 0x00,
    0x00, 0x00, 0x00, 0x00, 0x00, 0x00, 0x00, 0x00, 0x00, 0x00, 0x00, 0x00, 0x00, 0x00, 0x00, 0x00,
    0x00, 0x00, 0x00, 0x00, 0x00, 0x00, 0x00, 0x00, 0x00, 0x00, 0x00, 0x00, 0x00, 0x00, 0x00, 0x00,
    0x00, 0x00, 0x00, 0x00, 0x00, 0x00, 0x00, 0x00, 0x00, 0x00, 0x00, 0x00, 0x00, 0x00, 0x00, 0x00,
    0x00, 0x00, 0x00, 0x00, 0x00, 0x00, 0x00, 0x00, 0x00, 0x00, 0x00, 0x00, 0x00, 0x00, 0x00, 0x00,
    0x00, 0x00, 0x00, 0x00, 0x00, 0x00, 0x00, 0x00, 0x00, 0x00, 0x00, 0x00, 0x00, 0x00, 0x00, 0x00,
    0x00, 0x00, 0x00, 0x00, 0x00, 0x00, 0x00, 0x00, 0x00, 0x00, 0x00, 0x00, 0x00, 0x00, 0x00, 0x00,
    0x00, 0x00, 0x00, 0x00, 0x00, 0x00, 0x00, 0x00, 0x00, 0x00, 0x00, 0x00, 0x00, 0x00, 0x00, 0x00,
    0x00, 0x00, 0x00, 0x00, 0x00, 0x00, 0x00, 0x00, 0x00, 0x00, 0x00, 0x00, 0x00, 0x00, 0x00, 0x00,
    0x00, 0x00, 0x00, 0x00, 0x00, 0x00, 0x00, 0x00, 0x00, 0x00, 0x00, 0x00, 0x00, 0x00, 0x00, 0x00,
    0x00, 0x00, 0x00, 0x00, 0x00, 0x00, 0x00, 0x00, 0x00, 0x00, 0x00, 0x00, 0x00, 0x00, 0x00, 0x00,
    0x00, 0x00, 0x00, 0x00, 0x00, 0x00, 0x00, 0x00, 0x00, 0x00, 0x00, 0x00, 0x00, 0x00, 0x00, 0x00,
    0x00, 0x00, 0x00, 0x00, 0x00, 0x00, 0x00, 0x00, 0x00, 0x00, 0x00, 0x00, 0x00, 0x00, 0x00, 0x00,
    0x00, 0x00, 0x00, 0x00, 0x00, 0x00, 0x00, 0x00, 0x00, 0x00, 0x00, 0x00, 0x00, 0x00, 0x00, 0x00,
    0x00, 0x00, 0x00, 0x00, 0x00, 0x00, 0x00, 0x00, 0x00, 0x00, 0x00, 0x00, 0x00, 0x00, 0x00, 0x00,
    0x00, 0x00, 0x00, 0x00, 0x00, 0x00, 0x00, 0x00, 0x00, 0x00, 0x00, 0x00, 0x00, 0x00, 0x00, 0x00,
    0x00, 0x00, 0x00, 0x00, 0x00, 0x00, 0x00, 0x00, 0x00, 0x00, 0x00, 0x00, 0x00, 0x00, 0x00, 0x00,
    0x00, 0x00, 0x00, 0x00, 0x00, 0x00, 0x00, 0x00, 0x00, 0x00, 0x00, 0x00, 0x00, 0x00, 0x00, 0x00,
    0x00, 0x00, 0x00, 0x00, 0x00, 0x00, 0x00, 0x00, 0x00, 0x00, 0x00, 0x00, 0x00, 0x00, 0x00, 0x00,
    0x00, 0x00, 0x00, 0x00, 0x00, 0x00, 0x00, 0x00, 0x00, 0x00, 0x00, 0x00, 0x00, 0x00, 0x00, 0x00,
    0xEC, 0xEC, 0xED, 0xD8, 0xED, 0xED, 0xED, 0xFF, 0xF1, 0xF1, 0xF1, 0xFF, 0xA9, 0xA9, 0xAC, 0xFF,
    0x00, 0x00, 0x02, 0xFF, 0x00, 0x00, 0x34, 0xFF, 0x00, 0x00, 0x34, 0xFF, 0x00, 0x00, 0x34, 0xFF,
    0x00, 0x00, 0x34, 0xFF, 0x00, 0x00, 0x34, 0xFF, 0x00, 0x00, 0x34, 0xFF, 0x00, 0x00, 0x34, 0xFF,
    0x00, 0x00, 0x34, 0xFF, 0x00, 0x00, 0x34, 0xFF, 0x00, 0x00, 0x34, 0xFF, 0x00, 0x00, 0x34, 0xFF,
    0x00, 0x00, 0x34, 0xFF, 0x00, 0x00, 0x34, 0xFF, 0x00, 0x00, 0x34, 0xFF, 0x00, 0x00, 0x34, 0xFF,
    0x00, 0x00, 0x34, 0xFF, 0x00, 0x00, 0x34, 0xFF, 0x00, 0x00, 0x34, 0xFF, 0x00, 0x00, 0x34, 0xFF,
    0x00, 0x00, 0x34, 0xFF, 0x00, 0x00, 0x34, 0xFF, 0x00, 0x00, 0x34, 0xFF, 0x00, 0x00, 0x34, 0xFF,
    0x00, 0x00, 0x34, 0xFF, 0x00, 0x00, 0x34, 0xFF, 0x00, 0x00, 0x34, 0xFF, 0x00, 0x00, 0x34, 0xFF,
    0x00, 0x00, 0x34, 0xFF, 0x00, 0x00, 0x34, 0xFF, 0x00, 0x00, 0x34, 0xFF, 0x00, 0x00, 0x34, 0xFF,
    0x00, 0x00, 0x34, 0xFF, 0x00, 0x00, 0x34, 0xFF, 0x00, 0x00, 0x34, 0xFF, 0x00, 0x00, 0x34, 0xFF,
    0x00, 0x00, 0x34, 0xFF, 0x00, 0x00, 0x34, 0xFF, 0x00, 0x00, 0x34, 0xFF, 0x00, 0x00, 0x34, 0xFF,
    0x00, 0x00, 0x34, 0xFF, 0x00, 0x00, 0x34, 0xFF, 0x00, 0x00, 0x34, 0xFF, 0x00, 0x00, 0x34, 0xFF,
    0x00, 0x00, 0x34, 0xFF, 0x00, 0x00, 0x34, 0xFF, 0x00, 0x00, 0x34, 0xFF, 0x00, 0x00, 0x34, 0xFF,
    0x00, 0x00, 0x34, 0xFF, 0x00, 0x00, 0x34, 0xFF, 0x00, 0x00, 0x34, 0xFF, 0x00, 0x00, 0x34, 0xFF,
    0x00, 0x00, 0x34, 0xFF, 0x00, 0x00, 0x34, 0xFF, 0x00, 0x00, 0x34, 0xFF, 0x00, 0x00, 0x34, 0xFF,
    0x00, 0x00, 0x34, 0xFF, 0x00, 0x00, 0x34, 0xFF, 0x00, 0x00, 0x34, 0xFF, 0x00, 0x00, 0x34, 0xFF,
    0x00, 0x00, 0x03, 0xFF, 0xB5, 0xB5, 0xB7, 0xFF, 0xF1, 0xF1, 0xF1, 0xFF, 0xED, 0xED, 0xED, 0xFF,
    0xEC, 0xEC, 0xEC, 0xC9, 0x00, 0x00, 0x00, 0x00, 0x00, 0x00, 0x00, 0x00, 0x00, 0x00, 0x00, 0x00,
    0x00, 0x00, 0x00, 0x00, 0x00, 0x00, 0x00, 0x00, 0x00, 0x00, 0x00, 0x00, 0x00, 0x00, 0x00, 0x00,
    0x00, 0x00, 0x00, 0x00, 0x00, 0x00, 0x00, 0x00, 0x00, 0x00, 0x00, 0x00, 0x00, 0x00, 0x00, 0x00,
    0x00, 0x00, 0x00, 0x00, 0x00, 0x00, 0x00, 0x00, 0x00, 0x00, 0x00, 0x00, 0x00, 0x00, 0x00, 0x00,
    0x00, 0x00, 0x00, 0x00, 0x00, 0x00, 0x00, 0x00, 0x00, 0x00, 0x00, 0x00, 0x00, 0x00, 0x00, 0x00,
    0x00, 0x00, 0x00, 0x00, 0x00, 0x00, 0x00, 0x00, 0x00, 0x00, 0x00, 0x00, 0x00, 0x00, 0x00, 0x00,
    0x00, 0x00, 0x00, 0x00, 0x00, 0x00, 0x00, 0x00, 0x00, 0x00, 0x00, 0x00, 0x00, 0x00, 0x00, 0x00,
    0x00, 0x00, 0x00, 0x00, 0x00, 0x00, 0x00, 0x00, 0x00, 0x00, 0x00, 0x00, 0x00, 0x00, 0x00, 0x00,
    0x00, 0x00, 0x00, 0x00, 0x00, 0x00, 0x00, 0x00, 0x00, 0x00, 0x00, 0x00, 0x00, 0x00, 0x00, 0x00,
    0x00, 0x00, 0x00, 0x00, 0x00, 0x00, 0x00, 0x00, 0x00, 0x00, 0x00, 0x00, 0x00, 0x00, 0x00, 0x00,
    0x00, 0x00, 0x00, 0x00, 0x00, 0x00, 0x00, 0x00, 0x00, 0x00, 0x00, 0x00, 0x00, 0x00, 0x00, 0x00,
    0x00, 0x00, 0x00, 0x00, 0x00, 0x00, 0x00, 0x00, 0x00, 0x00, 0x00, 0x00, 0x00, 0x00, 0x00, 0x00,
    0x00, 0x00, 0x00, 0x00, 0x00, 0x00, 0x00, 0x00, 0x00, 0x00, 0x00, 0x00, 0x00, 0x00, 0x00, 0x00,
    0x00, 0x00, 0x00, 0x00, 0x00, 0x00, 0x00, 0x00, 0x00, 0x00, 0x00, 0x00, 0x00, 0x00, 0x00, 0x00,
    0x00, 0x00, 0x00, 0x00, 0x00, 0x00, 0x00, 0x00, 0x00, 0x00, 0x00, 0x00, 0x00, 0x00, 0x00, 0x00,
    0x00, 0x00, 0x00, 0x00, 0x00, 0x00, 0x00, 0x00, 0x00, 0x00, 0x00, 0x00, 0x00, 0x00, 0x00, 0x00,
    0x00, 0x00, 0x00, 0x00, 0x00, 0x00, 0x00, 0x00, 0x00, 0x00, 0x00, 0x00, 0x00, 0x00, 0x00, 0x00,
    0x00, 0x00, 0x00, 0x00, 0x00, 0x00, 0x00, 0x00, 0x00, 0x00, 0x00, 0x00, 0x00, 0x00, 0x00, 0x00,
    0x00, 0x00, 0x00, 0x00, 0x00, 0x00, 0x00, 0x00, 0x00, 0x00, 0x00, 0x00, 0x00, 0x00, 0x00, 0x00,
    0x00, 0x00, 0x00, 0x00, 0x00, 0x00, 0x00, 0x00, 0x00, 0x00, 0x00, 0x00, 0x00, 0x00, 0x00, 0x00,
    0x00, 0x00, 0x00, 0x00, 0x00, 0x00, 0x00, 0x00, 0x00, 0x00, 0x00, 0x00, 0x00, 0x00, 0x00, 0x00,
    0x00, 0x00, 0x00, 0x00, 0x00, 0x00, 0x00, 0x00, 0x00, 0x00, 0x00, 0x00, 0x00, 0x00, 0x00, 0x00,
    0x00, 0x00, 0x00, 0x00, 0x00, 0x00, 0x00, 0x00, 0x00, 0x00, 0x00, 0x00, 0x00, 0x00, 0x00, 0x00,
    0x00, 0x00, 0x00, 0x00, 0x00, 0x00, 0x00, 0x00, 0x00, 0x00, 0x00, 0x00, 0x00, 0x00, 0x00, 0x00,
    0x00, 0x00, 0x00, 0x00, 0x00, 0x00, 0x00, 0x00, 0x00, 0x00, 0x00, 0x00, 0x00, 0x00, 0x00, 0x00,
    0x00, 0x00, 0x00, 0x00, 0x00, 0x00, 0x00, 0x00, 0x00, 0x00, 0x00, 0x00, 0x00, 0x00, 0x00, 0x00,
    0x00, 0x00, 0x00, 0x00, 0x00, 0x00, 0x00, 0x00, 0x00, 0x00, 0x00, 0x00, 0x00, 0x00, 0x00, 0x00,
    0x00, 0x00, 0x00, 0x00, 0x00, 0x00, 0x00, 0x00, 0x00, 0x00, 0x00, 0x00, 0x00, 0x00, 0x00, 0x00,
    0x00, 0x00, 0x00, 0x00, 0x00, 0x00, 0x00, 0x00, 0x00, 0x00, 0x00, 0x00, 0x00, 0x00, 0x00, 0x00,
    0x00, 0x00, 0x00, 0x00, 0x00, 0x00, 0x00, 0x00, 0x00, 0x00, 0x00, 0x00, 0x00, 0x00, 0x00, 0x00,
    0x00, 0x00, 0x00, 0x00, 0x00, 0x00, 0x00, 0x00, 0x00, 0x00, 0x00, 0x00, 0x00, 0x00, 0x00, 0x00,
    0x00, 0x00, 0x00, 0x00, 0x00, 0x00, 0x00, 0x00, 0x00, 0x00, 0x00, 0x00, 0x00, 0x00, 0x00, 0x00,
    0x00, 0x00, 0x00, 0x00, 0x00, 0x00, 0x00, 0x00, 0x00, 0x00, 0x00, 0x00, 0x00, 0x00, 0x00, 0x00,
    0x00, 0x00, 0x00, 0x00, 0x00, 0x00, 0x00, 0x00, 0x00, 0x00, 0x00, 0x00, 0x00, 0x00, 0x00, 0x00,
    0x00, 0x00, 0x00, 0x00, 0x00, 0x00, 0x00, 0x00, 0x00, 0x00, 0x00, 0x00, 0x00, 0x00, 0x00, 0x00,
    0x00, 0x00, 0x00, 0x00, 0x00, 0x00, 0x00, 0x00, 0x00, 0x00, 0x00, 0x00, 0x00, 0x00, 0x00, 0x00,
    0x00, 0x00, 0x00, 0x00, 0x00, 0x00, 0x00, 0x00, 0x00, 0x00, 0x00, 0x00, 0x00, 0x00, 0x00, 0x00,
    0x00, 0x00, 0x00, 0x00, 0x00, 0x00, 0x00, 0x00, 0x00, 0x00, 0x00, 0x00, 0x00, 0x00, 0x00, 0x00,
    0x00, 0x00, 0x00, 0x00, 0x00, 0x00, 0x00, 0x00, 0x00, 0x00, 0x00, 0x00, 0x00, 0x00, 0x00, 0x00,
    0x00, 0x00, 0x00, 0x00, 0x00, 0x00, 0x00, 0x00, 0x00, 0x00, 0x00, 0x00, 0x00, 0x00, 0x00, 0x00,
    0x00, 0x00, 0x00, 0x00, 0x00, 0x00, 0x00, 0x00, 0x00, 0x00, 0x00, 0x00, 0x00, 0x00, 0x00, 0x00,
    0x00, 0x00, 0x00, 0x00, 0x00, 0x00, 0x00, 0x00, 0x00, 0x00, 0x00, 0x00, 0x00, 0x00, 0x00, 0x00,
    0x00, 0x00, 0x00, 0x00, 0x00, 0x00, 0x00, 0x00, 0x00, 0x00, 0x00, 0x00, 0x00, 0x00, 0x00, 0x00,
    0x00, 0x00, 0x00, 0x00, 0x00, 0x00, 0x00, 0x00, 0x00, 0x00, 0x00, 0x00, 0x00, 0x00, 0x00, 0x00,
    0x00, 0x00, 0x00, 0x00, 0x00, 0x00, 0x00, 0x00, 0x00, 0x00, 0x00, 0x00, 0x00, 0x00, 0x00, 0x00,
    0x00, 0x00, 0x00, 0x00, 0x00, 0x00, 0x00, 0x00, 0x00, 0x00, 0x00, 0x00, 0x00, 0x00, 0x00, 0x00,
    0x00, 0x00, 0x00, 0x00, 0x00, 0x00, 0x00, 0x00, 0x00, 0x00, 0x00, 0x00, 0x00, 0x00, 0x00, 0x00,
    0x00, 0x00, 0x00, 0x00, 0x00, 0x00, 0x00, 0x00, 0x00, 0x00, 0x00, 0x00, 0x00, 0x00, 0x00, 0x00,
    0x00, 0x00, 0x00, 0x00, 0x00, 0x00, 0x00, 0x00, 0x00, 0x00, 0x00, 0x00, 0x00, 0x00, 0x00, 0x00,
    0x00, 0x00, 0x00, 0x00, 0x00, 0x00, 0x00, 0x00, 0x00, 0x00, 0x00, 0x00, 0x00, 0x00, 0x00, 0x00,
    0x00, 0x00, 0x00, 0x00, 0x00, 0x00, 0x00, 0x00, 0x00, 0x00, 0x00, 0x00, 0x00, 0x00, 0x00, 0x00,
    0x00, 0x00, 0x00, 0x00, 0x00, 0x00, 0x00, 0x00, 0x00, 0x00, 0x00, 0x00, 0x00, 0x00, 0x00, 0x00,
    0x00, 0x00, 0x00, 0x00, 0x00, 0x00, 0x00, 0x00, 0x00, 0x00, 0x00, 0x00, 0x00, 0x00, 0x00, 0x00,
    0x00, 0x00, 0x00, 0x00, 0x00, 0x00, 0x00, 0x00, 0x00, 0x00, 0x00, 0x00, 0x00, 0x00, 0x00, 0x00,
    0x00, 0x00, 0x00, 0x00, 0x00, 0x00, 0x00, 0x00, 0x00, 0x00, 0x00, 0x00, 0x00, 0x00, 0x00, 0x00,
    0x00, 0x00, 0x00, 0x00, 0x00, 0x00, 0x00, 0x00, 0x00, 0x00, 0x00, 0x00, 0x00, 0x00, 0x00, 0x00,
    0x00, 0x00, 0x00, 0x00, 0x00, 0x00, 0x00, 0x00, 0x00, 0x00, 0x00, 0x00, 0x00, 0x00, 0x00, 0x00,
    0xEA, 0xEA, 0xEA, 0xDE, 0xED, 0xED, 0xED, 0xFF, 0xF1, 0xF1, 0xF1, 0xFF, 0xA9, 0xA9, 0xAC, 0xFF,
    0x00, 0x00, 0x02, 0xFF, 0x00, 0x00, 0x34, 0xFF, 0x00, 0x00, 0x34, 0xFF, 0x00, 0x00, 0x34, 0xFF,
    0x00, 0x00, 0x34, 0xFF, 0x00, 0x00, 0x34, 0xFF, 0x00, 0x00, 0x34, 0xFF, 0x00, 0x00, 0x34, 0xFF,
    0x00, 0x00, 0x34, 0xFF, 0x00, 0x00, 0x34, 0xFF, 0x00, 0x00, 0x34, 0xFF, 0x00, 0x00, 0x34, 0xFF,
    0x00, 0x00, 0x34, 0xFF, 0x00, 0x00, 0x34, 0xFF, 0x00, 0x00, 0x34, 0xFF, 0x00, 0x00, 0x34, 0xFF,
    0x00, 0x00, 0x34, 0xFF, 0x00, 0x00, 0x34, 0xFF, 0x00, 0x00, 0x34, 0xFF, 0x00, 0x00, 0x34, 0xFF,
    0x00, 0x00, 0x34, 0xFF, 0x00, 0x00, 0x34, 0xFF, 0x00, 0x00, 0x34, 0xFF, 0x00, 0x00, 0x34, 0xFF,
    0x00, 0x00, 0x34, 0xFF, 0x00, 0x00, 0x34, 0xFF, 0x00, 0x00, 0x34, 0xFF, 0x00, 0x00, 0x34, 0xFF,
    0x00, 0x00, 0x34, 0xFF, 0x00, 0x00, 0x34, 0xFF, 0x00, 0x00, 0x34, 0xFF, 0x00, 0x00, 0x34, 0xFF,
    0x00, 0x00, 0x34, 0xFF, 0x00, 0x00, 0x34, 0xFF, 0x00, 0x00, 0x34, 0xFF, 0x00, 0x00, 0x34, 0xFF,
    0x00, 0x00, 0x34, 0xFF, 0x00, 0x00, 0x34, 0xFF, 0x00, 0x00, 0x34, 0xFF, 0x00, 0x00, 0x34, 0xFF,
    0x00, 0x00, 0x34, 0xFF, 0x00, 0x00, 0x34, 0xFF, 0x00, 0x00, 0x34, 0xFF, 0x00, 0x00, 0x34, 0xFF,
    0x00, 0x00, 0x34, 0xFF, 0x00, 0x00, 0x34, 0xFF, 0x00, 0x00, 0x34, 0xFF, 0x00, 0x00, 0x34, 0xFF,
    0x00, 0x00, 0x34, 0xFF, 0x00, 0x00, 0x34, 0xFF, 0x00, 0x00, 0x34, 0xFF, 0x00, 0x00, 0x34, 0xFF,
    0x00, 0x00, 0x34, 0xFF, 0x00, 0x00, 0x34, 0xFF, 0x00, 0x00, 0x34, 0xFF, 0x00, 0x00, 0x34, 0xFF,
    0x00, 0x00, 0x34, 0xFF, 0x00, 0x00, 0x34, 0xFF, 0x00, 0x00, 0x34, 0xFF, 0x00, 0x00, 0x34, 0xFF,
    0x00, 0x00, 0x03, 0xFF, 0xB5, 0xB5, 0xB7, 0xFF, 0xF1, 0xF1, 0xF1, 0xFF, 0xED, 0xED, 0xED, 0xFF,
    0xEA, 0xEA, 0xEA, 0xD3, 0xE2, 0xE2, 0xE3, 0x1D, 0xEE, 0xEE, 0xEE, 0x1B, 0xED, 0xED, 0xED, 0x1C,
    0xED, 0xED, 0xED, 0x1D, 0xED, 0xED, 0xED, 0x1D, 0xED, 0xED, 0xED, 0x1D, 0xED, 0xED, 0xED, 0x1C,
    0xED, 0xED, 0xED, 0x1C, 0xED, 0xED, 0xED, 0x1B, 0xED, 0xED, 0xED, 0x11, 0x00, 0x00, 0x00, 0x00,
    0x00, 0x00, 0x00, 0x00, 0x00, 0x00, 0x00, 0x00, 0x00, 0x00, 0x00, 0x00, 0xED, 0xED, 0xED, 0x08,
    0xED, 0xED, 0xED, 0x1A, 0xED, 0xED, 0xED, 0x1B, 0xED, 0xED, 0xED, 0x1B, 0xED, 0xED, 0xED, 0x1C,
    0xED, 0xED, 0xED, 0x1C, 0xED, 0xED, 0xED, 0x1C, 0xED, 0xED, 0xED, 0x1D, 0xED, 0xED, 0xED, 0x1D,
    0xED, 0xED, 0xED, 0x1D, 0xED, 0xED, 0xED, 0x1D, 0xED, 0xED, 0xED, 0x1D, 0xED, 0xED, 0xED, 0x1D,
    0xED, 0xED, 0xED, 0x1C, 0xED, 0xED, 0xED, 0x1C, 0xED, 0xED, 0xED, 0x1C, 0xED, 0xED, 0xED, 0x1B,
    0xED, 0xED, 0xED, 0x1B, 0xED, 0xED, 0xED, 0x1A, 0xED, 0xED, 0xED, 0x15, 0xED, 0xED, 0xED, 0x0C,
    0xED, 0xED, 0xED, 0x03, 0x00, 0x00, 0x00, 0x00, 0x00, 0x00, 0x00, 0x00, 0x00, 0x00, 0x00, 0x00,
    0x00, 0x00, 0x00, 0x00, 0x00, 0x00, 0x00, 0x00, 0x00, 0x00, 0x00, 0x00, 0x00, 0x00, 0x00, 0x00,
    0x00, 0x00, 0x00, 0x00, 0x00, 0x00, 0x00, 0x00, 0x00, 0x00, 0x00, 0x00, 0x00, 0x00, 0x00, 0x00,
    0x00, 0x00, 0x00, 0x00, 0x00, 0x00, 0x00, 0x00, 0x00, 0x00, 0x00, 0x00, 0xED, 0xED, 0xED, 0x16,
    0xED, 0xED, 0xED, 0x1B, 0xED, 0xED, 0xED, 0x1B, 0xED, 0xED, 0xED, 0x1B, 0xED, 0xED, 0xED, 0x1B,
    0xED, 0xED, 0xED, 0x1C, 0xED, 0xED, 0xED, 0x1C, 0xED, 0xED, 0xED, 0x1C, 0xED, 0xED, 0xED, 0x1C,
    0xED, 0xED, 0xED, 0x1D, 0xED, 0xED, 0xED, 0x1D, 0xED, 0xED, 0xED, 0x1D, 0xED, 0xED, 0xED, 0x1D,
    0xED, 0xED, 0xED, 0x1D, 0xED, 0xED, 0xED, 0x1D, 0xED, 0xED, 0xED, 0x1D, 0xED, 0xED, 0xED, 0x1D,
    0xED, 0xED, 0xED, 0x1C, 0xED, 0xED, 0xED, 0x1C, 0xED, 0xED, 0xED, 0x1C, 0xED, 0xED, 0xED, 0x1C,
    0xED, 0xED, 0xED, 0x1C, 0xED, 0xED, 0xED, 0x1B, 0xED, 0xED, 0xED, 0x1B, 0xED, 0xED, 0xED, 0x1B,
    0xED, 0xED, 0xED, 0x1B, 0xED, 0xED, 0xED, 0x13, 0x00, 0x00, 0x00, 0x00, 0x00, 0x00, 0x00, 0x00,
    0x00, 0x00, 0x00, 0x00, 0xED, 0xED, 0xED, 0x01, 0xED, 0xED, 0xED, 0x18, 0xED, 0xED, 0xED, 0x1C,
    0xED, 0xED, 0xED, 0x1C, 0xED, 0xED, 0xED, 0x1C, 0xED, 0xED, 0xED, 0x1D, 0xED, 0xED, 0xED, 0x1D,
    0xED, 0xED, 0xED, 0x1D, 0xED, 0xED, 0xED, 0x1C, 0xED, 0xED, 0xED, 0x1C, 0xED, 0xED, 0xED, 0x1B,
    0xED, 0xED, 0xED, 0x0D, 0x00, 0x00, 0x00, 0x00, 0x00, 0x00, 0x00, 0x00, 0x00, 0x00, 0x00, 0x00,
    0x00, 0x00, 0x00, 0x00, 0x00, 0x00, 0x00, 0x00, 0x00, 0x00, 0x00, 0x00, 0x00, 0x00, 0x00, 0x00,
    0x00, 0x00, 0x00, 0x00, 0x00, 0x00, 0x00, 0x00, 0x00, 0x00, 0x00, 0x00, 0x00, 0x00, 0x00, 0x00,
    0x00, 0x00, 0x00, 0x00, 0x00, 0x00, 0x00, 0x00, 0x00, 0x00, 0x00, 0x00, 0x00, 0x00, 0x00, 0x00,
    0x00, 0x00, 0x00, 0x00, 0x00, 0x00, 0x00, 0x00, 0xED, 0xED, 0xED, 0x17, 0xED, 0xED, 0xED, 0x1C,
    0xED, 0xED, 0xED, 0x1C, 0xED, 0xED, 0xED, 0x1C, 0xED, 0xED, 0xED, 0x1D, 0xED, 0xED, 0xED, 0x1D,
    0xED, 0xED, 0xED, 0x1D, 0xED, 0xED, 0xED, 0x1C, 0xED, 0xED, 0xED, 0x1C, 0xED, 0xED, 0xED, 0x1B,
    0xED, 0xED, 0xED, 0x0E, 0x00, 0x00, 0x00, 0x00, 0x00, 0x00, 0x00, 0x00, 0x00, 0x00, 0x00, 0x00,
    0x00, 0x00, 0x00, 0x00, 0x00, 0x00, 0x00, 0x00, 0x00, 0x00, 0x00, 0x00, 0x00, 0x00, 0x00, 0x00,
    0x00, 0x00, 0x00, 0x00, 0x00, 0x00, 0x00, 0x00, 0x00, 0x00, 0x00, 0x00, 0x00, 0x00, 0x00, 0x00,
    0x00, 0x00, 0x00, 0x00, 0x00, 0x00, 0x00, 0x00, 0x00, 0x00, 0x00, 0x00, 0x00, 0x00, 0x00, 0x00,
    0xED, 0xED, 0xED, 0x10, 0xED, 0xED, 0xED, 0x35, 0xED, 0xED, 0xED, 0x60, 0xED, 0xED, 0xED, 0x83,
    0xED, 0xED, 0xED, 0x9A, 0xED, 0xED, 0xED, 0xA8, 0xED, 0xED, 0xED, 0xAF, 0xED, 0xED, 0xED, 0xAA,
    0xED, 0xED, 0xED, 0x9D, 0xED, 0xED, 0xED, 0x89, 0xED, 0xED, 0xED, 0x6A, 0xED, 0xED, 0xED, 0x42,
    0xED, 0xED, 0xED, 0x1A, 0x00, 0x00, 0x00, 0x00, 0x00, 0x00, 0x00, 0x00, 0x00, 0x00, 0x00, 0x00,
    0x00, 0x00, 0x00, 0x00, 0x00, 0x00, 0x00, 0x00, 0x00, 0x00, 0x00, 0x00, 0x00, 0x00, 0x00, 0x00,
    0x00, 0x00, 0x00, 0x00, 0x00, 0x00, 0x00, 0x00, 0x00, 0x00, 0x00, 0x00, 0x00, 0x00, 0x00, 0x00,
    0x00, 0x00, 0x00, 0x00, 0xED, 0xED, 0xED, 0x17, 0xED, 0xED, 0xED, 0x1C, 0xED, 0xED, 0xED, 0x1C,
    0xED, 0xED, 0xED, 0x1C, 0xED, 0xED, 0xED, 0x1D, 0xED, 0xED, 0xED, 0x1D, 0xED, 0xED, 0xED, 0x1D,
    0xED, 0xED, 0xED, 0x1C, 0xED, 0xED, 0xED, 0x1C, 0xED, 0xED, 0xED, 0x1B, 0xED, 0xED, 0xED, 0x0D,
    0x00, 0x00, 0x00, 0x00, 0x00, 0x00, 0x00, 0x00, 0x00, 0x00, 0x00, 0x00, 0x00, 0x00, 0x00, 0x00,
    0x00, 0x00, 0x00, 0x00, 0x00, 0x00, 0x00, 0x00, 0x00, 0x00, 0x00, 0x00, 0x00, 0x00, 0x00, 0x00,
    0x00, 0x00, 0x00, 0x00, 0x00, 0x00, 0x00, 0x00, 0xED, 0xED, 0xED, 0x0D, 0xED, 0xED, 0xED, 0x1B,
    0xED, 0xED, 0xED, 0x1C, 0xED, 0xED, 0xED, 0x1C, 0xED, 0xED, 0xED, 0x1D, 0xED, 0xED, 0xED, 0x1D,
    0xED, 0xED, 0xED, 0x1D, 0xED, 0xED, 0xED, 0x1C, 0xED, 0xED, 0xED, 0x1C, 0xED, 0xED, 0xED, 0x1C,
    0xED, 0xED, 0xED, 0x17, 0x00, 0x00, 0x00, 0x00, 0x00, 0x00, 0x00, 0x00, 0xED, 0xED, 0xED, 0x17,
    0xED, 0xED, 0xED, 0x1B, 0xED, 0xED, 0xED, 0x1B, 0xED, 0xED, 0xED, 0x1B, 0xED, 0xED, 0xED, 0x1B,
    0xED, 0xED, 0xED, 0x1C, 0xED, 0xED, 0xED, 0x1C, 0xED, 0xED, 0xED, 0x1C, 0xED, 0xED, 0xED, 0x1C,
    0xED, 0xED, 0xED, 0x1C, 0xED, 0xED, 0xED, 0x1D, 0xED, 0xED, 0xED, 0x1D, 0xED, 0xED, 0xED, 0x1D,
    0xED, 0xED, 0xED, 0x1D, 0xED, 0xED, 0xED, 0x1D, 0xED, 0xED, 0xED, 0x1D, 0xED, 0xED, 0xED, 0x1D,
    0xED, 0xED, 0xED, 0x1D, 0xED, 0xED, 0xED, 0x1D, 0xED, 0xED, 0xED, 0x1D, 0xED, 0xED, 0xED, 0x1C,
    0xED, 0xED, 0xED, 0x1C, 0xED, 0xED, 0xED, 0x1C, 0xED, 0xED, 0xED, 0x1C, 0xED, 0xED, 0xED, 0x1C,
    0xED, 0xED, 0xED, 0x1B, 0xED, 0xED, 0xED, 0x1B, 0xED, 0xED, 0xED, 0x1B, 0xED, 0xED, 0xED, 0x1B,
    0xED, 0xED, 0xED, 0x1A, 0xED, 0xED, 0xED, 0x06, 0x00, 0x00, 0x00, 0x00, 0x00, 0x00, 0x00, 0x00,
    0xE5, 0xE5, 0xE5, 0xE8, 0xEE, 0xEE, 0xEE, 0xFF, 0xF1, 0xF1, 0xF1, 0xFF, 0xA9, 0xA9, 0xAC, 0xFF,
    0x00, 0x00, 0x02, 0xFF, 0x00, 0x00, 0x34, 0xFF, 0x00, 0x00, 0x34, 0xFF, 0x00, 0x00, 0x34, 0xFF,
    0x00, 0x00, 0x34, 0xFF, 0x00, 0x00, 0x34, 0xFF, 0x00, 0x00, 0x34, 0xFF, 0x00, 0x00, 0x34, 0xFF,
    0x00, 0x00, 0x34, 0xFF, 0x00, 0x00, 0x34, 0xFF, 0x00, 0x00, 0x34, 0xFF, 0x00, 0x00, 0x34, 0xFF,
    0x00, 0x00, 0x34, 0xFF, 0x00, 0x00, 0x34, 0xFF, 0x00, 0x00, 0x34, 0xFF, 0x00, 0x00, 0x34, 0xFF,
    0x00, 0x00, 0x34, 0xFF, 0x00, 0x00, 0x34, 0xFF, 0x00, 0x00, 0x34, 0xFF, 0x00, 0x00, 0x34, 0xFF,
    0x00, 0x00, 0x34, 0xFF, 0x00, 0x00, 0x34, 0xFF, 0x00, 0x00, 0x34, 0xFF, 0x00, 0x00, 0x34, 0xFF,
    0x00, 0x00, 0x34, 0xFF, 0x00, 0x00, 0x34, 0xFF, 0x00, 0x00, 0x34, 0xFF, 0x00, 0x00, 0x34, 0xFF,
    0x00, 0x00, 0x34, 0xFF, 0x00, 0x00, 0x34, 0xFF, 0x00, 0x00, 0x34, 0xFF, 0x00, 0x00, 0x34, 0xFF,
    0x00, 0x00, 0x34, 0xFF, 0x00, 0x00, 0x34, 0xFF, 0x00, 0x00, 0x34, 0xFF, 0x00, 0x00, 0x34, 0xFF,
    0x00, 0x00, 0x34, 0xFF, 0x00, 0x00, 0x34, 0xFF, 0x00, 0x00, 0x34, 0xFF, 0x00, 0x00, 0x34, 0xFF,
    0x00, 0x00, 0x34, 0xFF, 0x00, 0x00, 0x34, 0xFF, 0x00, 0x00, 0x34, 0xFF, 0x00, 0x00, 0x34, 0xFF,
    0x00, 0x00, 0x34, 0xFF, 0x00, 0x00, 0x34, 0xFF, 0x00, 0x00, 0x34, 0xFF, 0x00, 0x00, 0x34, 0xFF,
    0x00, 0x00, 0x34, 0xFF, 0x00, 0x00, 0x34, 0xFF, 0x00, 0x00, 0x34, 0xFF, 0x00, 0x00, 0x34, 0xFF,
    0x00, 0x00, 0x34, 0xFF, 0x00, 0x00, 0x34, 0xFF, 0x00, 0x00, 0x34, 0xFF, 0x00, 0x00, 0x34, 0xFF,
    0x00, 0x00, 0x34, 0xFF, 0x00, 0x00, 0x34, 0xFF, 0x00, 0x00, 0x34, 0xFF, 0x00, 0x00, 0x34, 0xFF,
    0x00, 0x00, 0x03, 0xFF, 0xB5, 0xB5, 0xB7, 0xFF, 0xF1, 0xF1, 0xF1, 0xFF, 0xED, 0xED, 0xED, 0xFF,
    0xED, 0xED, 0xED, 0xFD, 0xED, 0xED, 0xED, 0xF1, 0xED, 0xED, 0xED, 0xF1, 0xED, 0xED, 0xED, 0xF1,
    0xED, 0xED, 0xED, 0xF2, 0xED, 0xED, 0xED, 0xF2, 0xED, 0xED, 0xED, 0xF2, 0xED, 0xED, 0xED, 0xF1,
    0xED, 0xED, 0xED, 0xF1, 0xED, 0xED, 0xED, 0xF1, 0xED, 0xED, 0xED, 0xE9, 0xED, 0xED, 0xED, 0x9E,
    0xED, 0xED, 0xED, 0x11, 0x00, 0x00, 0x00, 0x00, 0xED, 0xED, 0xED, 0x69, 0xED, 0xED, 0xED, 0xDB,
    0xED, 0xED, 0xED, 0xF0, 0xED, 0xED, 0xED, 0xF0, 0xED, 0xED, 0xED, 0xF0, 0xED, 0xED, 0xED, 0xF1,
    0xED, 0xED, 0xED, 0xF1, 0xED, 0xED, 0xED, 0xF1, 0xED, 0xED, 0xED, 0xF1, 0xED, 0xED, 0xED, 0xF2,
    0xED, 0xED, 0xED, 0xF2, 0xED, 0xED, 0xED, 0xF2, 0xED, 0xED, 0xED, 0xF2, 0xED, 0xED, 0xED, 0xF1,
    0xED, 0xED, 0xED, 0xF1, 0xED, 0xED, 0xED, 0xF1, 0xED, 0xED, 0xED, 0xF1, 0xED, 0xED, 0xED, 0xF0,
    0xED, 0xED, 0xED, 0xF0, 0xED, 0xED, 0xED, 0xEF, 0xED, 0xED, 0xED, 0xEB, 0xED, 0xED, 0xED, 0xE1,
    0xED, 0xED, 0xED, 0xD0, 0xED, 0xED, 0xED, 0xB3, 0xED, 0xED, 0xED, 0x85, 0xED, 0xED, 0xED, 0x4C,
    0xED, 0xED, 0xED, 0x15, 0x00, 0x00, 0x00, 0x00, 0x00, 0x00, 0x00, 0x00, 0x00, 0x00, 0x00, 0x00,
    0x00, 0x00, 0x00, 0x00, 0x00, 0x00, 0x00, 0x00, 0x00, 0x00, 0x00, 0x00, 0x00, 0x00, 0x00, 0x00,
    0x00, 0x00, 0x00, 0x00, 0xED, 0xED, 0xED, 0x33, 0xED, 0xED, 0xED, 0xC0, 0xED, 0xED, 0xED, 0xEE,
    0xED, 0xED, 0xED, 0xF0, 0xED, 0xED, 0xED, 0xF0, 0xED, 0xED, 0xED, 0xF0, 0xED, 0xED, 0xED, 0xF1,
    0xED, 0xED, 0xED, 0xF1, 0xED, 0xED, 0xED, 0xF1, 0xED, 0xED, 0xED, 0xF1, 0xED, 0xED, 0xED, 0xF1,
    0xED, 0xED, 0xED, 0xF1, 0xED, 0xED, 0xED, 0xF2, 0xED, 0xED, 0xED, 0xF2, 0xED, 0xED, 0xED, 0xF2,
    0xED, 0xED, 0xED, 0xF2, 0xED, 0xED, 0xED, 0xF2, 0xED, 0xED, 0xED, 0xF2, 0xED, 0xED, 0xED, 0xF2,
    0xED, 0xED, 0xED, 0xF1, 0xED, 0xED, 0xED, 0xF1, 0xED, 0xED, 0xED, 0xF1, 0xED, 0xED, 0xED, 0xF1,
    0xED, 0xED, 0xED, 0xF1, 0xED, 0xED, 0xED, 0xF1, 0xED, 0xED, 0xED, 0xF0, 0xED, 0xED, 0xED, 0xF0,
    0xED, 0xED, 0xED, 0xF1, 0xED, 0xED, 0xED, 0xEB, 0xED, 0xED, 0xED, 0xA7, 0xED, 0xED, 0xED, 0x14,
    0xED, 0xED, 0xED, 0x3C, 0xED, 0xED, 0xED, 0xC8, 0xED, 0xED, 0xED, 0xEF, 0xED, 0xED, 0xED, 0xF1,
    0xED, 0xED, 0xED, 0xF1, 0xED, 0xED, 0xED, 0xF1, 0xED, 0xED, 0xED, 0xF2, 0xED, 0xED, 0xED, 0xF2,
    0xED, 0xED, 0xED, 0xF1, 0xED, 0xED, 0xED, 0xF1, 0xED, 0xED, 0xED, 0xF1, 0xED, 0xED, 0xED, 0xF1,
    0xED, 0xED, 0xED, 0xE3, 0xED, 0xED, 0xED, 0x84, 0xED, 0xED, 0xED, 0x04, 0x00, 0x00, 0x00, 0x00,
    0x00, 0x00, 0x00, 0x00, 0x00, 0x00, 0x00, 0x00, 0x00, 0x00, 0x00, 0x00, 0x00, 0x00, 0x00, 0x00,
    0x00, 0x00, 0x00, 0x00, 0x00, 0x00, 0x00, 0x00, 0x00, 0x00, 0x00, 0x00, 0x00, 0x00, 0x00, 0x00,
    0x00, 0x00, 0x00, 0x00, 0x00, 0x00, 0x00, 0x00, 0x00, 0x00, 0x00, 0x00, 0x00, 0x00, 0x00, 0x00,
    0xED, 0xED, 0xED, 0x39, 0xED, 0xED, 0xED, 0xC4, 0xED, 0xED, 0xED, 0xEE, 0xED, 0xED, 0xED, 0xF1,
    0xED, 0xED, 0xED, 0xF1, 0xED, 0xED, 0xED, 0xF1, 0xED, 0xED, 0xED, 0xF2, 0xED, 0xED, 0xED, 0xF2,
    0xED, 0xED, 0xED, 0xF1, 0xED, 0xED, 0xED, 0xF1, 0xED, 0xED, 0xED, 0xF1, 0xED, 0xED, 0xED, 0xF1,
    0xED, 0xED, 0xED, 0xE5, 0xED, 0xED, 0xED, 0x8B, 0xED, 0xED, 0xED, 0x07, 0x00, 0x00, 0x00, 0x00,
    0x00, 0x00, 0x00, 0x00, 0x00, 0x00, 0x00, 0x00, 0x00, 0x00, 0x00, 0x00, 0x00, 0x00, 0x00, 0x00,
    0x00, 0x00, 0x00, 0x00, 0x00, 0x00, 0x00, 0x00, 0x00, 0x00, 0x00, 0x00, 0x00, 0x00, 0x00, 0x00,
    0x00, 0x00, 0x00, 0x00, 0xED, 0xED, 0xED, 0x12, 0xED, 0xED, 0xED, 0x5D, 0xED, 0xED, 0xED, 0xAE,
    0xED, 0xED, 0xED, 0xE5, 0xED, 0xED, 0xED, 0xFF, 0xED, 0xED, 0xED, 0xFF, 0xED, 0xED, 0xED, 0xFF,
    0xED, 0xED, 0xED, 0xFF, 0xED, 0xED, 0xED, 0xFF, 0xED, 0xED, 0xED, 0xFF, 0xED, 0xED, 0xED, 0xFF,
    0xED, 0xED, 0xED, 0xFF, 0xED, 0xED, 0xED, 0xFF, 0xED, 0xED, 0xED, 0xFF, 0xED, 0xED, 0xED, 0xFF,
    0xED, 0xED, 0xED, 0xF0, 0xED, 0xED, 0xED, 0xC4, 0xED, 0xED, 0xED, 0x78, 0xED, 0xED, 0xED, 0x27,
    0x00, 0x00, 0x00, 0x00, 0x00, 0x00, 0x00, 0x00, 0x00, 0x00, 0x00, 0x00, 0x00, 0x00, 0x00, 0x00,
    0x00, 0x00, 0x00, 0x00, 0x00, 0x00, 0x00, 0x00, 0x00, 0x00, 0x00, 0x00, 0xED, 0xED, 0xED, 0x3C,
    0xED, 0xED, 0xED, 0xC6, 0xED, 0xED, 0xED, 0xEF, 0xED, 0xED, 0xED, 0xF1, 0xED, 0xED, 0xED, 0xF1,
    0xED, 0xED, 0xED, 0xF1, 0xED, 0xED, 0xED, 0xF2, 0xED, 0xED, 0xED, 0xF2, 0xED, 0xED, 0xED, 0xF1,
    0xED, 0xED, 0xED, 0xF1, 0xED, 0xED, 0xED, 0xF1, 0xED, 0xED, 0xED, 0xF1, 0xED, 0xED, 0xED, 0xE4,
    0xED, 0xED, 0xED, 0x88, 0xED, 0xED, 0xED, 0x05, 0x00, 0x00, 0x00, 0x00, 0x00, 0x00, 0x00, 0x00,
    0x00, 0x00, 0x00, 0x00, 0x00, 0x00, 0x00, 0x00, 0x00, 0x00, 0x00, 0x00, 0x00, 0x00, 0x00, 0x00,
    0xED, 0xED, 0xED, 0x05, 0xED, 0xED, 0xED, 0x87, 0xED, 0xED, 0xED, 0xE4, 0xED, 0xED, 0xED, 0xF1,
    0xED, 0xED, 0xED, 0xF1, 0xED, 0xED, 0xED, 0xF1, 0xED, 0xED, 0xED, 0xF1, 0xED, 0xED, 0xED, 0xF2,
    0xED, 0xED, 0xED, 0xF2, 0xED, 0xED, 0xED, 0xF1, 0xED, 0xED, 0xED, 0xF1, 0xED, 0xED, 0xED, 0xF1,
    0xED, 0xED, 0xED, 0xEE, 0xED, 0xED, 0xED, 0xC3, 0xED, 0xED, 0xED, 0xC2, 0xED, 0xED, 0xED, 0xEE,
    0xED, 0xED, 0xED, 0xF0, 0xED, 0xED, 0xED, 0xF0, 0xED, 0xED, 0xED, 0xF0, 0xED, 0xED, 0xED, 0xF0,
    0xED, 0xED, 0xED, 0xF1, 0xED, 0xED, 0xED, 0xF1, 0xED, 0xED, 0xED, 0xF1, 0xED, 0xED, 0xED, 0xF1,
    0xED, 0xED, 0xED, 0xF1, 0xED, 0xED, 0xED, 0xF1, 0xED, 0xED, 0xED, 0xF2, 0xED, 0xED, 0xED, 0xF2,
    0xED, 0xED, 0xED, 0xF2, 0xED, 0xED, 0xED, 0xF2, 0xED, 0xED, 0xED, 0xF2, 0xED, 0xED, 0xED, 0xF2,
    0xED, 0xED, 0xED, 0xF2, 0xED, 0xED, 0xED, 0xF2, 0xED, 0xED, 0xED, 0xF1, 0xED, 0xED, 0xED, 0xF1,
    0xED, 0xED, 0xED, 0xF1, 0xED, 0xED, 0xED, 0xF1, 0xED, 0xED, 0xED, 0xF1, 0xED, 0xED, 0xED, 0xF1,
    0xED, 0xED, 0xED, 0xF1, 0xED, 0xED, 0xED, 0xF0, 0xED, 0xED, 0xED, 0xF0, 0xED, 0xED, 0xED, 0xF0,
    0xED, 0xED, 0xED, 0xF0, 0xED, 0xED, 0xED, 0xD7, 0xED, 0xED, 0xED, 0x5F, 0x00, 0x00, 0x00, 0x00,
    0xE5, 0xE5, 0xE5, 0xE9, 0xEE, 0xEE, 0xEE, 0xFF, 0xF1, 0xF1, 0xF1, 0xFF, 0xA9, 0xA9, 0xAC, 0xFF,
    0x00, 0x00, 0x02, 0xFF, 0x00, 0x00, 0x34, 0xFF, 0x00, 0x00, 0x34, 0xFF, 0x00, 0x00, 0x34, 0xFF,
    0x00, 0x00, 0x33, 0xFF, 0x00, 0x00, 0x30, 0xFF, 0x00, 0x00, 0x2F, 0xFF, 0x00, 0x00, 0x2F, 0xFF,
    0x00, 0x00, 0x2F, 0xFF, 0x00, 0x00, 0x2F, 0xFF, 0x00, 0x00, 0x2F, 0xFF, 0x00, 0x00, 0x2F, 0xFF,
    0x00, 0x00, 0x2F, 0xFF, 0x00, 0x00, 0x30, 0xFF, 0x00, 0x00, 0x30, 0xFF, 0x00, 0x00, 0x30, 0xFF,
    0x00, 0x00, 0x33, 0xFF, 0x01, 0x01, 0x34, 0xFF, 0x00, 0x00, 0x34, 0xFF, 0x00, 0x00, 0x34, 0xFF,
    0x00, 0x00, 0x34, 0xFF, 0x00, 0x00, 0x34, 0xFF, 0x00, 0x00, 0x34, 0xFF, 0x00, 0x00, 0x34, 0xFF,
    0x01, 0x01, 0x34, 0xFF, 0x00, 0x00, 0x33, 0xFF, 0x00, 0x00, 0x2C, 0xFF, 0x00, 0x00, 0x2C, 0xFF,
    0x00, 0x00, 0x2C, 0xFF, 0x00, 0x00, 0x2C, 0xFF, 0x00, 0x00, 0x2C, 0xFF, 0x00, 0x00, 0x2C, 0xFF,
    0x00, 0x00, 0x2C, 0xFF, 0x00, 0x00, 0x2C, 0xFF, 0x00, 0x00, 0x2C, 0xFF, 0x00, 0x00, 0x32, 0xFF,
    0x01, 0x01, 0x34, 0xFF, 0x00, 0x00, 0x34, 0xFF, 0x00, 0x00, 0x34, 0xFF, 0x00, 0x00, 0x34, 0xFF,
    0x00, 0x00, 0x34, 0xFF, 0x00, 0x00, 0x34, 0xFF, 0x00, 0x00, 0x34, 0xFF, 0x00, 0x00, 0x34, 0xFF,
    0x00, 0x00, 0x33, 0xFF, 0x00, 0x00, 0x30, 0xFF, 0x00, 0x00, 0x2F, 0xFF, 0x00, 0x00, 0x2F, 0xFF,
    0x00, 0x00, 0x2F, 0xFF, 0x00, 0x00, 0x2F, 0xFF, 0x00, 0x00, 0x2F, 0xFF, 0x00, 0x00, 0x2F, 0xFF,
    0x00, 0x00, 0x2F, 0xFF, 0x00, 0x00, 0x2F, 0xFF, 0x00, 0x00, 0x2F, 0xFF, 0x00, 0x00, 0x30, 0xFF,
    0x00, 0x00, 0x34, 0xFF, 0x00, 0x00, 0x34, 0xFF, 0x00, 0x00, 0x34, 0xFF, 0x00, 0x00, 0x34, 0xFF,
    0x00, 0x00, 0x03, 0xFF, 0xB5, 0xB5, 0xB7, 0xFF, 0xF1, 0xF1, 0xF1, 0xFF, 0xED, 0xED, 0xED, 0xFF,
    0xED, 0xED, 0xED, 0xFF, 0xED, 0xED, 0xED, 0xFF, 0xED, 0xED, 0xED, 0xFF, 0xED, 0xED, 0xED, 0xFF,
    0xED, 0xED, 0xED, 0xFF, 0xED, 0xED, 0xED, 0xFF, 0xED, 0xED, 0xED, 0xFF, 0xED, 0xED, 0xED, 0xFF,
    0xED, 0xED, 0xED, 0xFF, 0xED, 0xED, 0xED, 0xFF, 0xED, 0xED, 0xED, 0xFF, 0xED, 0xED, 0xED, 0xFF,
    0xED, 0xED, 0xED, 0xAB, 0xED, 0xED, 0xED, 0x62, 0xED, 0xED, 0xED, 0xFF, 0xED, 0xED, 0xED, 0xFF,
    0xED, 0xED, 0xED, 0xFF, 0xED, 0xED, 0xED, 0xFF, 0xED, 0xED, 0xED, 0xFF, 0xED, 0xED, 0xED, 0xFF,
    0xED, 0xED, 0xED, 0xFF, 0xED, 0xED, 0xED, 0xFF, 0xED, 0xED, 0xED, 0xFF, 0xED, 0xED, 0xED, 0xFF,
    0xED, 0xED, 0xED, 0xFF, 0xED, 0xED, 0xED, 0xFF, 0xED, 0xED, 0xED, 0xFF, 0xED, 0xED, 0xED, 0xFF,
    0xED, 0xED, 0xED, 0xFF, 0xED, 0xED, 0xED, 0xFF, 0xED, 0xED, 0xED, 0xFF, 0xED, 0xED, 0xED, 0xFF,
    0xED, 0xED, 0xED, 0xFF, 0xED, 0xED, 0xED, 0xFF, 0xED, 0xED, 0xED, 0xFF, 0xED, 0xED, 0xED, 0xFF,
    0xED, 0xED, 0xED, 0xFF, 0xED, 0xED, 0xED, 0xFF, 0xED, 0xED, 0xED, 0xFF, 0xED, 0xED, 0xED, 0xFF,
    0xED, 0xED, 0xED, 0xEA, 0xED, 0xED, 0xED, 0xA0, 0xED, 0xED, 0xED, 0x35, 0x00, 0x00, 0x00, 0x00,
    0x00, 0x00, 0x00, 0x00, 0x00, 0x00, 0x00, 0x00, 0x00, 0x00, 0x00, 0x00, 0x00, 0x00, 0x00, 0x00,
    0xED, 0xED, 0xED, 0x1D, 0xED, 0xED, 0xED, 0xE8, 0xED, 0xED, 0xED, 0xFF, 0xED, 0xED, 0xED, 0xFF,
    0xED, 0xED, 0xED, 0xFF, 0xED, 0xED, 0xED, 0xFF, 0xED, 0xED, 0xED, 0xFF, 0xED, 0xED, 0xED, 0xFF,
    0xED, 0xED, 0xED, 0xFF, 0xED, 0xED, 0xED, 0xFF, 0xED, 0xED, 0xED, 0xFF, 0xED, 0xED, 0xED, 0xFF,
    0xED, 0xED, 0xED, 0xFF, 0xED, 0xED, 0xED, 0xFF, 0xED, 0xED, 0xED, 0xFF, 0xED, 0xED, 0xED, 0xFF,
    0xED, 0xED, 0xED, 0xFF, 0xED, 0xED, 0xED, 0xFF, 0xED, 0xED, 0xED, 0xFF, 0xED, 0xED, 0xED, 0xFF,
    0xED, 0xED, 0xED, 0xFF, 0xED, 0xED, 0xED, 0xFF, 0xED, 0xED, 0xED, 0xFF, 0xED, 0xED, 0xED, 0xFF,
    0xED, 0xED, 0xED, 0xFF, 0xED, 0xED, 0xED, 0xFF, 0xED, 0xED, 0xED, 0xFF, 0xED, 0xED, 0xED, 0xFF,
    0xED, 0xED, 0xED, 0xFF, 0xED, 0xED, 0xED, 0xFF, 0xED, 0xED, 0xED, 0xFF, 0xED, 0xED, 0xED, 0xD5,
    0xED, 0xED, 0xED, 0xED, 0xED, 0xED, 0xED, 0xFF, 0xED, 0xED, 0xED, 0xFF, 0xED, 0xED, 0xED, 0xFF,
    0xED, 0xED, 0xED, 0xFF, 0xED, 0xED, 0xED, 0xFF, 0xED, 0xED, 0xED, 0xFF, 0xED, 0xED, 0xED, 0xFF,
    0xED, 0xED, 0xED, 0xFF, 0xED, 0xED, 0xED, 0xFF, 0xED, 0xED, 0xED, 0xFF, 0xED, 0xED, 0xED, 0xFF,
    0xED, 0xED, 0xED, 0xFF, 0xED, 0xED, 0xED, 0xFF, 0xED, 0xED, 0xED, 0x8B, 0x00, 0x00, 0x00, 0x00,
    0x00, 0x00, 0x00, 0x00, 0x00, 0x00, 0x00, 0x00, 0x00, 0x00, 0x00, 0x00, 0x00, 0x00, 0x00, 0x00,
    0x00, 0x00, 0x00, 0x00, 0x00, 0x00, 0x00, 0x00, 0x00, 0x00, 0x00, 0x00, 0x00, 0x00, 0x00, 0x00,
    0x00, 0x00, 0x00, 0x00, 0x00, 0x00, 0x00, 0x00, 0x00, 0x00, 0x00, 0x00, 0xED, 0xED, 0xED, 0x24,
    0xED, 0xED, 0xED, 0xED, 0xED, 0xED, 0xED, 0xFF, 0xED, 0xED, 0xED, 0xFF, 0xED, 0xED, 0xED, 0xFF,
    0xED, 0xED, 0xED, 0xFF, 0xED, 0xED, 0xED, 0xFF, 0xED, 0xED, 0xED, 0xFF, 0xED, 0xED, 0xED, 0xFF,
    0xED, 0xED, 0xED, 0xFF, 0xED, 0xED, 0xED, 0xFF, 0xED, 0xED, 0xED, 0xFF, 0xED, 0xED, 0xED, 0xFF,
    0xED, 0xED, 0xED, 0xFF, 0xED, 0xED, 0xED, 0xFF, 0xED, 0xED, 0xED, 0x96, 0x00, 0x00, 0x00, 0x00,
    0x00, 0x00, 0x00, 0x00, 0x00, 0x00, 0x00, 0x00, 0x00, 0x00, 0x00, 0x00, 0x00, 0x00, 0x00, 0x00,
    0x00, 0x00, 0x00, 0x00, 0x00, 0x00, 0x00, 0x00, 0x00, 0x00, 0x00, 0x00, 0xED, 0xED, 0xED, 0x1B,
    0xED, 0xED, 0xED, 0x88, 0xED, 0xED, 0xED, 0xE7, 0xED, 0xED, 0xED, 0xFF, 0xED, 0xED, 0xED, 0xFF,
    0xED, 0xED, 0xED, 0xFF, 0xED, 0xED, 0xED, 0xFF, 0xEE, 0xEE, 0xEE, 0xFF, 0xEF, 0xEF, 0xEF, 0xFF,
    0xF0, 0xF0, 0xF0, 0xFF, 0xF1, 0xF1, 0xF0, 0xFF, 0xF1, 0xF1, 0xF1, 0xFF, 0xF1, 0xF1, 0xF0, 0xFF,
    0xF0, 0xF0, 0xF0, 0xFF, 0xF0, 0xF0, 0xEF, 0xFF, 0xEE, 0xEE, 0xEE, 0xFF, 0xED, 0xED, 0xED, 0xFF,
    0xED, 0xED, 0xED, 0xFF, 0xED, 0xED, 0xED, 0xFF, 0xED, 0xED, 0xED, 0xFF, 0xED, 0xED, 0xED, 0xF7,
    0xED, 0xED, 0xED, 0xAC, 0xED, 0xED, 0xED, 0x38, 0x00, 0x00, 0x00, 0x00, 0x00, 0x00, 0x00, 0x00,
    0x00, 0x00, 0x00, 0x00, 0x00, 0x00, 0x00, 0x00, 0xED, 0xED, 0xED, 0x27, 0xED, 0xED, 0xED, 0xF0,
    0xED, 0xED, 0xED, 0xFF, 0xED, 0xED, 0xED, 0xFF, 0xED, 0xED, 0xED, 0xFF, 0xED, 0xED, 0xED, 0xFF,
    0xED, 0xED, 0xED, 0xFF, 0xED, 0xED, 0xED, 0xFF, 0xED, 0xED, 0xED, 0xFF, 0xED, 0xED, 0xED, 0xFF,
    0xED, 0xED, 0xED, 0xFF, 0xED, 0xED, 0xED, 0xFF, 0xED, 0xED, 0xED, 0xFF, 0xED, 0xED, 0xED, 0xFF,
    0xED, 0xED, 0xED, 0xFF, 0xED, 0xED, 0xED, 0x91, 0x00, 0x00, 0x00, 0x00, 0x00, 0x00, 0x00, 0x00,
    0x00, 0x00, 0x00, 0x00, 0x00, 0x00, 0x00, 0x00, 0x00, 0x00, 0x00, 0x00, 0x00, 0x00, 0x00, 0x00,
    0xED, 0xED, 0xED, 0x8E, 0xED, 0xED, 0xED, 0xFF, 0xED, 0xED, 0xED, 0xFF, 0xED, 0xED, 0xED, 0xFF,
    0xED, 0xED, 0xED, 0xFF, 0xED, 0xED, 0xED, 0xFF, 0xED, 0xED, 0xED, 0xFF, 0xED, 0xED, 0xED, 0xFF,
    0xED, 0xED, 0xED, 0xFF, 0xED, 0xED, 0xED, 0xFF, 0xED, 0xED, 0xED, 0xFF, 0xED, 0xED, 0xED, 0xFF,
    0xED, 0xED, 0xED, 0xFF, 0xED, 0xED, 0xED, 0xFF, 0xED, 0xED, 0xED, 0xFF, 0xED, 0xED, 0xED, 0xFF,
    0xED, 0xED, 0xED, 0xFF, 0xED, 0xED, 0xED, 0xFF, 0xED, 0xED, 0xED, 0xFF, 0xED, 0xED, 0xED, 0xFF,
    0xED, 0xED, 0xED, 0xFF, 0xED, 0xED, 0xED, 0xFF, 0xED, 0xED, 0xED, 0xFF, 0xED, 0xED, 0xED, 0xFF,
    0xED, 0xED, 0xED, 0xFF, 0xED, 0xED, 0xED, 0xFF, 0xED, 0xED, 0xED, 0xFF, 0xED, 0xED, 0xED, 0xFF,
    0xED, 0xED, 0xED, 0xFF, 0xED, 0xED, 0xED, 0xFF, 0xED, 0xED, 0xED, 0xFF, 0xED, 0xED, 0xED, 0xFF,
    0xED, 0xED, 0xED, 0xFF, 0xED, 0xED, 0xED, 0xFF, 0xED, 0xED, 0xED, 0xFF, 0xED, 0xED, 0xED, 0xFF,
    0xED, 0xED, 0xED, 0xFF, 0xED, 0xED, 0xED, 0xFF, 0xED, 0xED, 0xED, 0xFF, 0xED, 0xED, 0xED, 0xFF,
    0xED, 0xED, 0xED, 0xFF, 0xED, 0xED, 0xED, 0xFF, 0xED, 0xED, 0xED, 0xFF, 0xED, 0xED, 0xED, 0xFF,
    0xED, 0xED, 0xED, 0xFF, 0xED, 0xED, 0xED, 0xFF, 0xED, 0xED, 0xED, 0xFF, 0xED, 0xED, 0xED, 0x55,
    0xE5, 0xE5, 0xE5, 0xE9, 0xEE, 0xEE, 0xEE, 0xFF, 0xF1, 0xF1, 0xF1, 0xFF, 0xA9, 0xA9, 0xAC, 0xFF,
    0x00, 0x00, 0x02, 0xFF, 0x00, 0x00, 0x34, 0xFF, 0x00, 0x00, 0x34, 0xFF, 0x00, 0x00, 0x33, 0xFF,
    0x13, 0x13, 0x39, 0xFF, 0x2C, 0x2C, 0x45, 0xFF, 0x28, 0x28, 0x42, 0xFF, 0x28, 0x28, 0x42, 0xFF,
    0x27, 0x27, 0x42, 0xFF, 0x27, 0x27, 0x42, 0xFF, 0x27, 0x27, 0x42, 0xFF, 0x27, 0x27, 0x42, 0xFF,
    0x26, 0x26, 0x41, 0xFF, 0x26, 0x26, 0x41, 0xFF, 0x26, 0x26, 0x41, 0xFF, 0x24, 0x24, 0x41, 0xFF,
    0x00, 0x00, 0x32, 0xFF, 0x00, 0x00, 0x34, 0xFF, 0x00, 0x00, 0x34, 0xFF, 0x00, 0x00, 0x34, 0xFF,
    0x00, 0x00, 0x34, 0xFF, 0x00, 0x00, 0x34, 0xFF, 0x00, 0x00, 0x34, 0xFF, 0x00, 0x00, 0x34, 0xFF,
    0x00, 0x00, 0x33, 0xFF, 0x06, 0x06, 0x36, 0xFF, 0x3F, 0x3F, 0x51, 0xFF, 0x41, 0x41, 0x53, 0xFF,
    0x41, 0x41, 0x53, 0xFF, 0x41, 0x41, 0x53, 0xFF, 0x41, 0x41, 0x53, 0xFF, 0x41, 0x41, 0x53, 0xFF,
    0x40, 0x40, 0x53, 0xFF, 0x41, 0x41, 0x53, 0xFF, 0x40, 0x40, 0x52, 0xFF, 0x0F, 0x0F, 0x38, 0xFF,
    0x00, 0x00, 0x33, 0xFF, 0x00, 0x00, 0x34, 0xFF, 0x00, 0x00, 0x34, 0xFF, 0x00, 0x00, 0x34, 0xFF,
    0x00, 0x00, 0x34, 0xFF, 0x00, 0x00, 0x34, 0xFF, 0x00, 0x00, 0x34, 0xFF, 0x00, 0x00, 0x34, 0xFF,
    0x00, 0x00, 0x32, 0xFF, 0x23, 0x23, 0x40, 0xFF, 0x27, 0x27, 0x42, 0xFF, 0x26, 0x26, 0x42, 0xFF,
    0x27, 0x27, 0x42, 0xFF, 0x27, 0x27, 0x42, 0xFF, 0x27, 0x27, 0x42, 0xFF, 0x27, 0x27, 0x42, 0xFF,
    0x28, 0x28, 0x42, 0xFF, 0x28, 0x28, 0x42, 0xFF, 0x28, 0x28, 0x42, 0xFF, 0x2C, 0x2C, 0x45, 0xFF,
    0x0E, 0x0E, 0x37, 0xFF, 0x00, 0x00, 0x34, 0xFF, 0x00, 0x00, 0x34, 0xFF, 0x00, 0x00, 0x34, 0xFF,
    0x00, 0x00, 0x03, 0xFF, 0xB5, 0xB5, 0xB7, 0xFF, 0xF1, 0xF1, 0xF1, 0xFF, 0xED, 0xED, 0xED, 0xFF,
    0xEE, 0xEE, 0xEE, 0xFF, 0xF0, 0xF0, 0xF0, 0xFF, 0xF0, 0xF0, 0xF0, 0xFF, 0xF0, 0xF0, 0xF0, 0xFF,
    0xF0, 0xF0, 0xF0, 0xFF, 0xF0, 0xF0, 0xF0, 0xFF, 0xF0, 0xF0, 0xF0, 0xFF, 0xF0, 0xF0, 0xF0, 0xFF,
    0xF0, 0xF0, 0xF0, 0xFF, 0xF0, 0xF0, 0xF0, 0xFF, 0xED, 0xED, 0xED, 0xFF, 0xED, 0xED, 0xED, 0xFF,
    0xED, 0xED, 0xED, 0xFD, 0xED, 0xED, 0xED, 0xF4, 0xED, 0xED, 0xED, 0xFF, 0xED, 0xED, 0xED, 0xFF,
    0xEF, 0xEF, 0xEF, 0xFF, 0xF0, 0xF0, 0xF0, 0xFF, 0xF0, 0xF0, 0xF0, 0xFF, 0xF0, 0xF0, 0xF0, 0xFF,
    0xF0, 0xF0, 0xF0, 0xFF, 0xF0, 0xF0, 0xF0, 0xFF, 0xF0, 0xF0, 0xF0, 0xFF, 0xF0, 0xF0, 0xF0, 0xFF,
    0xF0, 0xF0, 0xF0, 0xFF, 0xF0, 0xF0, 0xF0, 0xFF, 0xF0, 0xF0, 0xF0, 0xFF, 0xF0, 0xF0, 0xF0, 0xFF,
    0xF0, 0xF0, 0xF0, 0xFF, 0xF0, 0xF0, 0xF0, 0xFF, 0xF0, 0xF0, 0xF0, 0xFF, 0xF0, 0xF0, 0xF0, 0xFF,
    0xF0, 0xF0, 0xF0, 0xFF, 0xF0, 0xF0, 0xF0, 0xFF, 0xF1, 0xF1, 0xF0, 0xFF, 0xF1, 0xF1, 0xF1, 0xFF,
    0xF1, 0xF1, 0xF1, 0xFF, 0xF1, 0xF1, 0xF0, 0xFF, 0xEF, 0xEF, 0xEF, 0xFF, 0xED, 0xED, 0xED, 0xFF,
    0xED, 0xED, 0xED, 0xFF, 0xED, 0xED, 0xED, 0xFF, 0xED, 0xED, 0xED, 0xFE, 0xED, 0xED, 0xED, 0x9D,
    0xED, 0xED, 0xED, 0x13, 0x00, 0x00, 0x00, 0x00, 0x00, 0x00, 0x00, 0x00, 0x00, 0x00, 0x00, 0x00,
    0xED, 0xED, 0xED, 0x77, 0xED, 0xED, 0xED, 0xFF, 0xED, 0xED, 0xED, 0xFF, 0xEE, 0xEE, 0xEE, 0xFF,
    0xF0, 0xF0, 0xF0, 0xFF, 0xF0, 0xF0, 0xF0, 0xFF, 0xF0, 0xF0, 0xF0, 0xFF, 0xF0, 0xF0, 0xF0, 0xFF,
    0xF0, 0xF0, 0xF0, 0xFF, 0xF0, 0xF0, 0xF0, 0xFF, 0xF0, 0xF0, 0xF0, 0xFF, 0xF0, 0xF0, 0xF0, 0xFF,
    0xF0, 0xF0, 0xF0, 0xFF, 0xF0, 0xF0, 0xF0, 0xFF, 0xF0, 0xF0, 0xF0, 0xFF, 0xF0, 0xF0, 0xF0, 0xFF,
    0xF0, 0xF0, 0xF0, 0xFF, 0xF0, 0xF0, 0xF0, 0xFF, 0xF0, 0xF0, 0xF0, 0xFF, 0xF0, 0xF0, 0xF0, 0xFF,
    0xF0, 0xF0, 0xF0, 0xFF, 0xF0, 0xF0, 0xF0, 0xFF, 0xF0, 0xF0, 0xF0, 0xFF, 0xF0, 0xF0, 0xF0, 0xFF,
    0xF0, 0xF0, 0xF0, 0xFF, 0xF0, 0xF0, 0xF0, 0xFF, 0xF0, 0xF0, 0xF0, 0xFF, 0xF0, 0xF0, 0xF0, 0xFF,
    0xF0, 0xF0, 0xF0, 0xFF, 0xED, 0xED, 0xED, 0xFF, 0xED, 0xED, 0xED, 0xFF, 0xED, 0xED, 0xED, 0xFF,
    0xED, 0xED, 0xED, 0xFF, 0xED, 0xED, 0xED, 0xFF, 0xEE, 0xEE, 0xEE, 0xFF, 0xF0, 0xF0, 0xF0, 0xFF,
    0xF0, 0xF0, 0xF0, 0xFF, 0xF0, 0xF0, 0xF0, 0xFF, 0xF0, 0xF0, 0xF0, 0xFF, 0xF0, 0xF0, 0xF0, 0xFF,
    0xF0, 0xF0, 0xF0, 0xFF, 0xF0, 0xF0, 0xF0, 0xFF, 0xF0, 0xF0, 0xF0, 0xFF, 0xEF, 0xEF, 0xEF, 0xFF,
    0xED, 0xED, 0xED, 0xFF, 0xED, 0xED, 0xED, 0xFF, 0xED, 0xED, 0xED, 0xEC, 0xED, 0xED, 0xED, 0x15,
    0x00, 0x00, 0x00, 0x00, 0x00, 0x00, 0x00, 0x00, 0x00, 0x00, 0x00, 0x00, 0x00, 0x00, 0x00, 0x00,
    0x00, 0x00, 0x00, 0x00, 0x00, 0x00, 0x00, 0x00, 0x00, 0x00, 0x00, 0x00, 0x00, 0x00, 0x00, 0x00,
    0x00, 0x00, 0x00, 0x00, 0x00, 0x00, 0x00, 0x00, 0x00, 0x00, 0x00, 0x00, 0xED, 0xED, 0xED, 0x82,
    0xED, 0xED, 0xED, 0xFF, 0xED, 0xED, 0xED, 0xFF, 0xEE, 0xEE, 0xEE, 0xFF, 0xF0, 0xF0, 0xF0, 0xFF,
    0xF0, 0xF0, 0xF0, 0xFF, 0xF0, 0xF0, 0xF0, 0xFF, 0xF0, 0xF0, 0xF0, 0xFF, 0xF0, 0xF0, 0xF0, 0xFF,
    0xF0, 0xF0, 0xF0, 0xFF, 0xF0, 0xF0, 0xF0, 0xFF, 0xF0, 0xF0, 0xF0, 0xFF, 0xEF, 0xEF, 0xEF, 0xFF,
    0xED, 0xED, 0xED, 0xFF, 0xED, 0xED, 0xED, 0xFF, 0xED, 0xED, 0xED, 0xF3, 0xED, 0xED, 0xED, 0x1C,
    0x00, 0x00, 0x00, 0x00, 0x00, 0x00, 0x00, 0x00, 0x00, 0x00, 0x00, 0x00, 0x00, 0x00, 0x00, 0x00,
    0x00, 0x00, 0x00, 0x00, 0xED, 0xED, 0xED, 0x03, 0xED, 0xED, 0xED, 0x74, 0xED, 0xED, 0xED, 0xED,
    0xED, 0xED, 0xED, 0xFF, 0xED, 0xED, 0xED, 0xFF, 0xED, 0xED, 0xED, 0xFF, 0xEF, 0xEF, 0xEF, 0xFF,
    0xF1, 0xF1, 0xF1, 0xFF, 0xEF, 0xEF, 0xEF, 0xFF, 0xE6, 0xE6, 0xE7, 0xFF, 0xDB, 0xDB, 0xDC, 0xFF,
    0xD1, 0xD1, 0xD2, 0xFF, 0xC9, 0xC9, 0xCB, 0xFF, 0xC6, 0xC6, 0xC8, 0xFF, 0xC8, 0xC8, 0xCA, 0xFF,
    0xCF, 0xCF, 0xD0, 0xFF, 0xD8, 0xD8, 0xD9, 0xFF, 0xE3, 0xE3, 0xE4, 0xFF, 0xED, 0xED, 0xED, 0xFF,
    0xF1, 0xF1, 0xF1, 0xFF, 0xF0, 0xF0, 0xF0, 0xFF, 0xEE, 0xEE, 0xEE, 0xFF, 0xED, 0xED, 0xED, 0xFF,
    0xED, 0xED, 0xED, 0xFF, 0xED, 0xED, 0xED, 0xFE, 0xED, 0xED, 0xED, 0xA1, 0xED, 0xED, 0xED, 0x19,
    0x00, 0x00, 0x00, 0x00, 0x00, 0x00, 0x00, 0x00, 0xED, 0xED, 0xED, 0x88, 0xED, 0xED, 0xED, 0xFF,
    0xED, 0xED, 0xED, 0xFF, 0xEE, 0xEE, 0xEE, 0xFF, 0xF0, 0xF0, 0xF0, 0xFF, 0xF0, 0xF0, 0xF0, 0xFF,
    0xF0, 0xF0, 0xF0, 0xFF, 0xF0, 0xF0, 0xF0, 0xFF, 0xF0, 0xF0, 0xF0, 0xFF, 0xF0, 0xF0, 0xF0, 0xFF,
    0xF0, 0xF0, 0xF0, 0xFF, 0xF0, 0xF0, 0xF0, 0xFF, 0xEF, 0xEF, 0xEF, 0xFF, 0xED, 0xED, 0xED, 0xFF,
    0xED, 0xED, 0xED, 0xFF, 0xED, 0xED, 0xED, 0xF0, 0xED, 0xED, 0xED, 0x19, 0x00, 0x00, 0x00, 0x00,
    0x00, 0x00, 0x00, 0x00, 0x00, 0x00, 0x00, 0x00, 0x00, 0x00, 0x00, 0x00, 0xED, 0xED, 0xED, 0x17,
    0xED, 0xED, 0xED, 0xEE, 0xED, 0xED, 0xED, 0xFF, 0xED, 0xED, 0xED, 0xFF, 0xEF, 0xEF, 0xEF, 0xFF,
    0xF0, 0xF0, 0xF0, 0xFF, 0xF0, 0xF0, 0xF0, 0xFF, 0xF0, 0xF0, 0xF0, 0xFF, 0xF0, 0xF0, 0xF0, 0xFF,
    0xF0, 0xF0, 0xF0, 0xFF, 0xF0, 0xF0, 0xF0, 0xFF, 0xF0, 0xF0, 0xF0, 0xFF, 0xF0, 0xF0, 0xF0, 0xFF,
    0xEE, 0xEE, 0xEE, 0xFF, 0xED, 0xED, 0xED, 0xFF, 0xED, 0xED, 0xED, 0xFF, 0xEE, 0xEE, 0xEE, 0xFF,
    0xF0, 0xF0, 0xF0, 0xFF, 0xF0, 0xF0, 0xF0, 0xFF, 0xF0, 0xF0, 0xF0, 0xFF, 0xF0, 0xF0, 0xF0, 0xFF,
    0xF0, 0xF0, 0xF0, 0xFF, 0xF0, 0xF0, 0xF0, 0xFF, 0xF0, 0xF0, 0xF0, 0xFF, 0xF0, 0xF0, 0xF0, 0xFF,
    0xF0, 0xF0, 0xF0, 0xFF, 0xF0, 0xF0, 0xF0, 0xFF, 0xF0, 0xF0, 0xF0, 0xFF, 0xF0, 0xF0, 0xF0, 0xFF,
    0xF0, 0xF0, 0xF0, 0xFF, 0xF0, 0xF0, 0xF0, 0xFF, 0xF0, 0xF0, 0xF0, 0xFF, 0xF0, 0xF0, 0xF0, 0xFF,
    0xF0, 0xF0, 0xF0, 0xFF, 0xF0, 0xF0, 0xF0, 0xFF, 0xF0, 0xF0, 0xF0, 0xFF, 0xF0, 0xF0, 0xF0, 0xFF,
    0xF0, 0xF0, 0xF0, 0xFF, 0xF0, 0xF0, 0xF0, 0xFF, 0xF0, 0xF0, 0xF0, 0xFF, 0xF0, 0xF0, 0xF0, 0xFF,
    0xF0, 0xF0, 0xF0, 0xFF, 0xF0, 0xF0, 0xF0, 0xFF, 0xF0, 0xF0, 0xF0, 0xFF, 0xF0, 0xF0, 0xF0, 0xFF,
    0xEF, 0xEF, 0xEF, 0xFF, 0xED, 0xED, 0xED, 0xFF, 0xED, 0xED, 0xED, 0xFF, 0xED, 0xED, 0xED, 0xC0,
    0xE5, 0xE5, 0xE5, 0xE9, 0xEE, 0xEE, 0xEE, 0xFF, 0xF1, 0xF1, 0xF1, 0xFF, 0xA9, 0xA9, 0xAC, 0xFF,
    0x00, 0x00, 0x02, 0xFF, 0x00, 0x00, 0x34, 0xFF, 0x00, 0x00, 0x34, 0xFF, 0x00, 0x00, 0x2D, 0xFF,
    0x3C, 0x3C, 0x4F, 0xFF, 0xD2, 0xD2, 0xD3, 0xFF, 0xDE, 0xDE, 0xDE, 0xFF, 0xDC, 0xDC, 0xDD, 0xFF,
    0xDC, 0xDC, 0xDD, 0xFF, 0xDC, 0xDC, 0xDD, 0xFF, 0xDC, 0xDC, 0xDD, 0xFF, 0xDC, 0xDC, 0xDD, 0xFF,
    0xDC, 0xDC, 0xDC, 0xFF, 0xDC, 0xDC, 0xDC, 0xFF, 0xDC, 0xDC, 0xDD, 0xFF, 0xDE, 0xDE, 0xDE, 0xFF,
    0x7D, 0x7D, 0x85, 0xFF, 0x00, 0x00, 0x1C, 0xFF, 0x00, 0x00, 0x34, 0xFF, 0x00, 0x00, 0x34, 0xFF,
    0x00, 0x00, 0x34, 0xFF, 0x00, 0x00, 0x34, 0xFF, 0x00, 0x00, 0x34, 0xFF, 0x00, 0x00, 0x34, 0xFF,
    0x00, 0x00, 0x1A, 0xFF, 0x7F, 0x7F, 0x86, 0xFF, 0xE4, 0xE4, 0xE4, 0xFF, 0xE2, 0xE2, 0xE3, 0xFF,
    0xE2, 0xE2, 0xE3, 0xFF, 0xE2, 0xE2, 0xE3, 0xFF, 0xE2, 0xE2, 0xE3, 0xFF, 0xE2, 0xE2, 0xE3, 0xFF,
    0xE2, 0xE2, 0xE3, 0xFF, 0xE2, 0xE2, 0xE3, 0xFF, 0xE5, 0xE5, 0xE6, 0xFF, 0x8E, 0x8E, 0x94, 0xFF,
    0x00, 0x00, 0x13, 0xFF, 0x00, 0x00, 0x34, 0xFF, 0x00, 0x00, 0x34, 0xFF, 0x00, 0x00, 0x34, 0xFF,
    0x00, 0x00, 0x34, 0xFF, 0x00, 0x00, 0x34, 0xFF, 0x00, 0x00, 0x34, 0xFF, 0x00, 0x00, 0x21, 0xFF,
    0x6E, 0x6E, 0x77, 0xFF, 0xDC, 0xDC, 0xDD, 0xFF, 0xDC, 0xDC, 0xDD, 0xFF, 0xDC, 0xDC, 0xDC, 0xFF,
    0xDC, 0xDC, 0xDD, 0xFF, 0xDC, 0xDC, 0xDD, 0xFF, 0xDC, 0xDC, 0xDD, 0xFF, 0xDC, 0xDC, 0xDD, 0xFF,
    0xDC, 0xDC, 0xDD, 0xFF, 0xDC, 0xDC, 0xDD, 0xFF, 0xDE, 0xDE, 0xDF, 0xFF, 0xCA, 0xCA, 0xCC, 0xFF,
    0x1F, 0x1F, 0x3E, 0xFF, 0x00, 0x00, 0x30, 0xFF, 0x00, 0x00, 0x34, 0xFF, 0x00, 0x00, 0x34, 0xFF,
    0x00, 0x00, 0x03, 0xFF, 0xB5, 0xB5, 0xB7, 0xFF, 0xF1, 0xF1, 0xF1, 0xFF, 0xEF, 0xEF, 0xEF, 0xFF,
    0xDE, 0xDE, 0xDF, 0xFF, 0x8F, 0x8F, 0x94, 0xFF, 0x8D, 0x8D, 0x93, 0xFF, 0x8E, 0x8E, 0x94, 0xFF,
    0x8E, 0x8E, 0x94, 0xFF, 0x8E, 0x8E, 0x94, 0xFF, 0x8E, 0x8E, 0x94, 0xFF, 0x8E, 0x8E, 0x94, 0xFF,
    0x8C, 0x8C, 0x91, 0xFF, 0x9C, 0x9C, 0xA1, 0xFF, 0xE9, 0xE9, 0xE9, 0xFF, 0xEE, 0xEE, 0xEE, 0xFF,
    0xED, 0xED, 0xED, 0xFF, 0xED, 0xED, 0xED, 0xFF, 0xED, 0xED, 0xED, 0xFF, 0xF0, 0xF0, 0xF0, 0xFF,
    0xBD, 0xBD, 0xC0, 0xFF, 0x88, 0x88, 0x8E, 0xFF, 0x8E, 0x8E, 0x94, 0xFF, 0x8E, 0x8E, 0x94, 0xFF,
    0x8E, 0x8E, 0x94, 0xFF, 0x8E, 0x8E, 0x94, 0xFF, 0x8E, 0x8E, 0x94, 0xFF, 0x8E, 0x8E, 0x94, 0xFF,
    0x8E, 0x8E, 0x94, 0xFF, 0x8E, 0x8E, 0x94, 0xFF, 0x8E, 0x8E, 0x94, 0xFF, 0x8E, 0x8E, 0x94, 0xFF,
    0x8E, 0x8E, 0x94, 0xFF, 0x8E, 0x8E, 0x94, 0xFF, 0x8E, 0x8E, 0x94, 0xFF, 0x8E, 0x8E, 0x94, 0xFF,
    0x8E, 0x8E, 0x94, 0xFF, 0x8F, 0x8F, 0x95, 0xFF, 0x96, 0x96, 0x9B, 0xFF, 0xA2, 0xA2, 0xA7, 0xFF,
    0xB4, 0xB4, 0xB7, 0xFF, 0xCA, 0xCA, 0xCB, 0xFF, 0xDF, 0xDF, 0xDF, 0xFF, 0xED, 0xED, 0xED, 0xFF,
    0xF1, 0xF1, 0xF1, 0xFF, 0xEE, 0xEE, 0xEE, 0xFF, 0xED, 0xED, 0xED, 0xFF, 0xED, 0xED, 0xED, 0xFF,
    0xED, 0xED, 0xED, 0xDA, 0xED, 0xED, 0xED, 0x2E, 0x00, 0x00, 0x00, 0x00, 0x00, 0x00, 0x00, 0x00,
    0xED, 0xED, 0xED, 0x95, 0xED, 0xED, 0xED, 0xFF, 0xEF, 0xEF, 0xEF, 0xFF, 0xDB, 0xDB, 0xDB, 0xFF,
    0x8C, 0x8C, 0x92, 0xFF, 0x8D, 0x8D, 0x93, 0xFF, 0x8E, 0x8E, 0x94, 0xFF, 0x8E, 0x8E, 0x94, 0xFF,
    0x8E, 0x8E, 0x94, 0xFF, 0x8E, 0x8E, 0x94, 0xFF, 0x8E, 0x8E, 0x94, 0xFF, 0x8E, 0x8E, 0x94, 0xFF,
    0x8E, 0x8E, 0x94, 0xFF, 0x8E, 0x8E, 0x94, 0xFF, 0x8E, 0x8E, 0x94, 0xFF, 0x8E, 0x8E, 0x94, 0xFF,
    0x8E, 0x8E, 0x94, 0xFF, 0x8E, 0x8E, 0x94, 0xFF, 0x8E, 0x8E, 0x94, 0xFF, 0x8E, 0x8E, 0x94, 0xFF,
    0x8E, 0x8E, 0x94, 0xFF, 0x8E, 0x8E, 0x94, 0xFF, 0x8E, 0x8E, 0x94, 0xFF, 0x8E, 0x8E, 0x94, 0xFF,
    0x8E, 0x8E, 0x94, 0xFF, 0x8E, 0x8E, 0x94, 0xFF, 0x8E, 0x8E, 0x94, 0xFF, 0x8C, 0x8C, 0x92, 0xFF,
    0x97, 0x97, 0x9C, 0xFF, 0xE6, 0xE6, 0xE7, 0xFF, 0xEE, 0xEE, 0xEE, 0xFF, 0xED, 0xED, 0xED, 0xFF,
    0xED, 0xED, 0xED, 0xFF, 0xF0, 0xF0, 0xEF, 0xFF, 0xD3, 0xD3, 0xD4, 0xFF, 0x89, 0x89, 0x8F, 0xFF,
    0x8E, 0x8E, 0x93, 0xFF, 0x8E, 0x8E, 0x94, 0xFF, 0x8E, 0x8E, 0x94, 0xFF, 0x8E, 0x8E, 0x94, 0xFF,
    0x8E, 0x8E, 0x94, 0xFF, 0x8E, 0x8E, 0x94, 0xFF, 0x8A, 0x8A, 0x90, 0xFF, 0xAA, 0xAA, 0xAE, 0xFF,
    0xEE, 0xEE, 0xEE, 0xFF, 0xED, 0xED, 0xED, 0xFF, 0xED, 0xED, 0xED, 0xF9, 0xED, 0xED, 0xED, 0x28,
    0x00, 0x00, 0x00, 0x00, 0x00, 0x00, 0x00, 0x00, 0x00, 0x00, 0x00, 0x00, 0x00, 0x00, 0x00, 0x00,
    0x00, 0x00, 0x00, 0x00, 0x00, 0x00, 0x00, 0x00, 0x00, 0x00, 0x00, 0x00, 0x00, 0x00, 0x00, 0x00,
    0x00, 0x00, 0x00, 0x00, 0x00, 0x00, 0x00, 0x00, 0x00, 0x00, 0x00, 0x00, 0xED, 0xED, 0xED, 0xA0,
    0xED, 0xED, 0xED, 0xFF, 0xEF, 0xEF, 0xEF, 0xFF, 0xD6, 0xD6, 0xD7, 0xFF, 0x8A, 0x8A, 0x90, 0xFF,
    0x8E, 0x8E, 0x93, 0xFF, 0x8E, 0x8E, 0x94, 0xFF, 0x8E, 0x8E, 0x94, 0xFF, 0x8E, 0x8E, 0x94, 0xFF,
    0x8E, 0x8E, 0x94, 0xFF, 0x8E, 0x8E, 0x94, 0xFF, 0x8A, 0x8A, 0x90, 0xFF, 0xA7, 0xA7, 0xAB, 0xFF,
    0xED, 0xED, 0xED, 0xFF, 0xED, 0xED, 0xED, 0xFF, 0xED, 0xED, 0xED, 0xFE, 0xED, 0xED, 0xED, 0x31,
    0x00, 0x00, 0x00, 0x00, 0x00, 0x00, 0x00, 0x00, 0x00, 0x00, 0x00, 0x00, 0x00, 0x00, 0x00, 0x00,
    0xED, 0xED, 0xED, 0x22, 0xED, 0xED, 0xED, 0xC1, 0xED, 0xED, 0xED, 0xFF, 0xED, 0xED, 0xED, 0xFF,
    0xED, 0xED, 0xED, 0xFF, 0xF1, 0xF1, 0xF0, 0xFF, 0xEE, 0xEE, 0xEE, 0xFF, 0xD9, 0xD9, 0xDA, 0xFF,
    0xB1, 0xB1, 0xB4, 0xFF, 0x81, 0x81, 0x88, 0xFF, 0x52, 0x52, 0x60, 0xFF, 0x24, 0x24, 0x40, 0xFF,
    0x00, 0x00, 0x2A, 0xFF, 0x00, 0x00, 0x1D, 0xFF, 0x00, 0x00, 0x18, 0xFF, 0x00, 0x00, 0x1B, 0xFF,
    0x00, 0x00, 0x26, 0xFF, 0x15, 0x15, 0x3A, 0xFF, 0x46, 0x46, 0x56, 0xFF, 0x73, 0x73, 0x7B, 0xFF,
    0xA2, 0xA2, 0xA6, 0xFF, 0xCD, 0xCD, 0xCF, 0xFF, 0xE9, 0xE9, 0xEA, 0xFF, 0xF1, 0xF1, 0xF1, 0xFF,
    0xEE, 0xEE, 0xEE, 0xFF, 0xED, 0xED, 0xED, 0xFF, 0xED, 0xED, 0xED, 0xFF, 0xED, 0xED, 0xED, 0xE5,
    0xED, 0xED, 0xED, 0x49, 0x00, 0x00, 0x00, 0x00, 0xED, 0xED, 0xED, 0xA5, 0xED, 0xED, 0xED, 0xFF,
    0xEF, 0xEF, 0xEF, 0xFF, 0xD5, 0xD5, 0xD6, 0xFF, 0x8A, 0x8A, 0x90, 0xFF, 0x8E, 0x8E, 0x93, 0xFF,
    0x8E, 0x8E, 0x94, 0xFF, 0x8E, 0x8E, 0x94, 0xFF, 0x8E, 0x8E, 0x94, 0xFF, 0x8E, 0x8E, 0x94, 0xFF,
    0x8E, 0x8E, 0x94, 0xFF, 0x8A, 0x8A, 0x90, 0xFF, 0xA8, 0xA8, 0xAC, 0xFF, 0xED, 0xED, 0xED, 0xFF,
    0xED, 0xED, 0xED, 0xFF, 0xED, 0xED, 0xED, 0xFC, 0xED, 0xED, 0xED, 0x2D, 0x00, 0x00, 0x00, 0x00,
    0x00, 0x00, 0x00, 0x00, 0x00, 0x00, 0x00, 0x00, 0x00, 0x00, 0x00, 0x00, 0xED, 0xED, 0xED, 0x2B,
    0xED, 0xED, 0xED, 0xFB, 0xED, 0xED, 0xED, 0xFF, 0xED, 0xED, 0xED, 0xFF, 0xAA, 0xAA, 0xAD, 0xFF,
    0x8A, 0x8A, 0x90, 0xFF, 0x8E, 0x8E, 0x94, 0xFF, 0x8E, 0x8E, 0x94, 0xFF, 0x8E, 0x8E, 0x94, 0xFF,
    0x8E, 0x8E, 0x94, 0xFF, 0x8E, 0x8E, 0x94, 0xFF, 0x8E, 0x8E, 0x93, 0xFF, 0x8A, 0x8A, 0x90, 0xFF,
    0xD4, 0xD4, 0xD5, 0xFF, 0xEF, 0xEF, 0xEF, 0xFF, 0xEF, 0xEF, 0xEF, 0xFF, 0xD6, 0xD6, 0xD7, 0xFF,
    0x8A, 0x8A, 0x90, 0xFF, 0x8E, 0x8E, 0x93, 0xFF, 0x8E, 0x8E, 0x94, 0xFF, 0x8E, 0x8E, 0x94, 0xFF,
    0x8E, 0x8E, 0x94, 0xFF, 0x8E, 0x8E, 0x94, 0xFF, 0x8E, 0x8E, 0x94, 0xFF, 0x8E, 0x8E, 0x94, 0xFF,
    0x8E, 0x8E, 0x94, 0xFF, 0x8E, 0x8E, 0x94, 0xFF, 0x8E, 0x8E, 0x94, 0xFF, 0x8E, 0x8E, 0x94, 0xFF,
    0x8E, 0x8E, 0x94, 0xFF, 0x8E, 0x8E, 0x94, 0xFF, 0x8E, 0x8E, 0x94, 0xFF, 0x8E, 0x8E, 0x94, 0xFF,
    0x8E, 0x8E, 0x94, 0xFF, 0x8E, 0x8E, 0x94, 0xFF, 0x8E, 0x8E, 0x94, 0xFF, 0x8E, 0x8E, 0x94, 0xFF,
    0x8E, 0x8E, 0x94, 0xFF, 0x8E, 0x8E, 0x94, 0xFF, 0x8E, 0x8E, 0x94, 0xFF, 0x8E, 0x8E, 0x94, 0xFF,
    0x8E, 0x8E, 0x94, 0xFF, 0x8E, 0x8E, 0x94, 0xFF, 0x8E, 0x8E, 0x94, 0xFF, 0x88, 0x88, 0x8E, 0xFF,
    0xC0, 0xC0, 0xC3, 0xFF, 0xF0, 0xF0, 0xF0, 0xFF, 0xED, 0xED, 0xED, 0xFF, 0xED, 0xED, 0xED, 0xD8,
    0xE5, 0xE5, 0xE5, 0xE9, 0xEE, 0xEE, 0xEE, 0xFF, 0xF1, 0xF1, 0xF1, 0xFF, 0xA9, 0xA9, 0xAC, 0xFF,
    0x00, 0x00, 0x02, 0xFF, 0x00, 0x00, 0x34, 0xFF, 0x00, 0x00, 0x34, 0xFF, 0x00, 0x00, 0x33, 0xFF,
    0x00, 0x00, 0x1C, 0xFF, 0xC7, 0xC7, 0xC9, 0xFF, 0xF3, 0xF3, 0xF3, 0xFF, 0xEF, 0xEF, 0xEF, 0xFF,
    0xEF, 0xEF, 0xEF, 0xFF, 0xEF, 0xEF, 0xEF, 0xFF, 0xEF, 0xEF, 0xEF, 0xFF, 0xEF, 0xEF, 0xEF, 0xFF,
    0xEF, 0xEF, 0xEF, 0xFF, 0xEF, 0xEF, 0xEF, 0xFF, 0xEF, 0xEF, 0xEF, 0xFF, 0xF3, 0xF3, 0xF3, 0xFF,
    0xB7, 0xB7, 0xBA, 0xFF, 0x00, 0x00, 0x03, 0xFF, 0x00, 0x00, 0x34, 0xFF, 0x00, 0x00, 0x34, 0xFF,
    0x00, 0x00, 0x34, 0xFF, 0x00, 0x00, 0x34, 0xFF, 0x00, 0x00, 0x34, 0xFF, 0x00, 0x00, 0x34, 0xFF,
    0x00, 0x00, 0x08, 0xFF, 0xBB, 0xBB, 0xBE, 0xFF, 0xF3, 0xF3, 0xF2, 0xFF, 0xEF, 0xEF, 0xEF, 0xFF,
    0xEF, 0xEF, 0xEE, 0xFF, 0xEF, 0xEF, 0xEE, 0xFF, 0xEF, 0xEF, 0xEF, 0xFF, 0xEF, 0xEF, 0xEF, 0xFF,
    0xEF, 0xEF, 0xEE, 0xFF, 0xEF, 0xEF, 0xEE, 0xFF, 0xF2, 0xF2, 0xF2, 0xFF, 0xC6, 0xC6, 0xC8, 0xFF,
    0x00, 0x00, 0x19, 0xFF, 0x00, 0x00, 0x33, 0xFF, 0x00, 0x00, 0x34, 0xFF, 0x00, 0x00, 0x34, 0xFF,
    0x00, 0x00, 0x34, 0xFF, 0x00, 0x00, 0x34, 0xFF, 0x01, 0x01, 0x34, 0xFF, 0x00, 0x00, 0x00, 0xFF,
    0xAA, 0xAA, 0xAE, 0xFF, 0xF3, 0xF3, 0xF3, 0xFF, 0xEF, 0xEF, 0xEF, 0xFF, 0xEF, 0xEF, 0xEF, 0xFF,
    0xEF, 0xEF, 0xEF, 0xFF, 0xEF, 0xEF, 0xEF, 0xFF, 0xEF, 0xEF, 0xEF, 0xFF, 0xEF, 0xEF, 0xEF, 0xFF,
    0xEF, 0xEF, 0xEF, 0xFF, 0xEF, 0xEF, 0xEF, 0xFF, 0xF3, 0xF3, 0xF3, 0xFF, 0xBA, 0xBA, 0xBC, 0xFF,
    0x00, 0x00, 0x0B, 0xFF, 0x00, 0x00, 0x34, 0xFF, 0x00, 0x00, 0x34, 0xFF, 0x00, 0x00, 0x34, 0xFF,
    0x00, 0x00, 0x03, 0xFF, 0xB5, 0xB5, 0xB7, 0xFF, 0xF1, 0xF1, 0xF1, 0xFF, 0xF0, 0xF0, 0xF0, 0xFF,
    0xD6, 0xD6, 0xD8, 0xFF, 0x00, 0x00, 0x1B, 0xFF, 0x00, 0x00, 0x06, 0xFF, 0x00, 0x00, 0x12, 0xFF,
    0x00, 0x00, 0x12, 0xFF, 0x00, 0x00, 0x12, 0xFF, 0x00, 0x00, 0x12, 0xFF, 0x00, 0x00, 0x12, 0xFF,
    0x00, 0x00, 0x00, 0xFF, 0x4A, 0x4A, 0x59, 0xFF, 0xE7, 0xE7, 0xE7, 0xFF, 0xEE, 0xEE, 0xEE, 0xFF,
    0xED, 0xED, 0xED, 0xFF, 0xED, 0xED, 0xED, 0xFF, 0xED, 0xED, 0xED, 0xFF, 0xF1, 0xF1, 0xF1, 0xFF,
    0x9D, 0x9D, 0xA1, 0xFF, 0x00, 0x00, 0x00, 0xFF, 0x00, 0x00, 0x12, 0xFF, 0x00, 0x00, 0x12, 0xFF,
    0x00, 0x00, 0x12, 0xFF, 0x00, 0x00, 0x11, 0xFF, 0x00, 0x00, 0x11, 0xFF, 0x00, 0x00, 0x11, 0xFF,
    0x00, 0x00, 0x11, 0xFF, 0x00, 0x00, 0x11, 0xFF, 0x00, 0x00, 0x11, 0xFF, 0x00, 0x00, 0x11, 0xFF,
    0x00, 0x00, 0x11, 0xFF, 0x00, 0x00, 0x11, 0xFF, 0x00, 0x00, 0x11, 0xFF, 0x00, 0x00, 0x11, 0xFF,
    0x00, 0x00, 0x11, 0xFF, 0x00, 0x00, 0x10, 0xFF, 0x00, 0x00, 0x0C, 0xFF, 0x00, 0x00, 0x04, 0xFF,
    0x00, 0x00, 0x02, 0xFF, 0x00, 0x00, 0x1D, 0xFF, 0x33, 0x33, 0x49, 0xFF, 0x79, 0x79, 0x81, 0xFF,
    0xBB, 0xBB, 0xBE, 0xFF, 0xE8, 0xE8, 0xE8, 0xFF, 0xF1, 0xF1, 0xF0, 0xFF, 0xED, 0xED, 0xED, 0xFF,
    0xED, 0xED, 0xED, 0xFF, 0xED, 0xED, 0xED, 0xE8, 0xED, 0xED, 0xED, 0x2B, 0x00, 0x00, 0x00, 0x00,
    0xED, 0xED, 0xED, 0x97, 0xED, 0xED, 0xED, 0xFF, 0xF0, 0xF0, 0xF0, 0xFF, 0xD0, 0xD0, 0xD2, 0xFF,
    0x00, 0x00, 0x00, 0xFF, 0x00, 0x00, 0x0C, 0xFF, 0x00, 0x00, 0x12, 0xFF, 0x00, 0x00, 0x12, 0xFF,
    0x00, 0x00, 0x12, 0xFF, 0x00, 0x00, 0x12, 0xFF, 0x00, 0x00, 0x12, 0xFF, 0x00, 0x00, 0x12, 0xFF,
    0x00, 0x00, 0x12, 0xFF, 0x00, 0x00, 0x12, 0xFF, 0x00, 0x00, 0x12, 0xFF, 0x00, 0x00, 0x12, 0xFF,
    0x00, 0x00, 0x12, 0xFF, 0x00, 0x00, 0x12, 0xFF, 0x00, 0x00, 0x12, 0xFF, 0x00, 0x00, 0x12, 0xFF,
    0x00, 0x00, 0x12, 0xFF, 0x00, 0x00, 0x12, 0xFF, 0x00, 0x00, 0x12, 0xFF, 0x00, 0x00, 0x12, 0xFF,
    0x00, 0x00, 0x12, 0xFF, 0x00, 0x00, 0x12, 0xFF, 0x00, 0x00, 0x12, 0xFF, 0x00, 0x00, 0x00, 0xFF,
    0x32, 0x32, 0x48, 0xFF, 0xE3, 0xE3, 0xE3, 0xFF, 0xEF, 0xEF, 0xEE, 0xFF, 0xED, 0xED, 0xED, 0xFF,
    0xED, 0xED, 0xED, 0xFF, 0xF1, 0xF1, 0xF1, 0xFF, 0xC4, 0xC4, 0xC6, 0xFF, 0x00, 0x00, 0x00, 0xFF,
    0x00, 0x00, 0x10, 0xFF, 0x00, 0x00, 0x12, 0xFF, 0x00, 0x00, 0x12, 0xFF, 0x00, 0x00, 0x12, 0xFF,
    0x00, 0x00, 0x12, 0xFF, 0x00, 0x00, 0x12, 0xFF, 0x00, 0x00, 0x00, 0xFF, 0x74, 0x74, 0x7C, 0xFF,
    0xEE, 0xEE, 0xEE, 0xFF, 0xED, 0xED, 0xED, 0xFF, 0xED, 0xED, 0xED, 0xF9, 0xEC, 0xEC, 0xEC, 0x29,
    0x00, 0x00, 0x00, 0x00, 0x00, 0x00, 0x00, 0x00, 0x00, 0x00, 0x00, 0x00, 0x00, 0x00, 0x00, 0x00,
    0x00, 0x00, 0x00, 0x00, 0x00, 0x00, 0x00, 0x00, 0x00, 0x00, 0x00, 0x00, 0x00, 0x00, 0x00, 0x00,
    0x00, 0x00, 0x00, 0x00, 0x00, 0x00, 0x00, 0x00, 0x00, 0x00, 0x00, 0x00, 0xED, 0xED, 0xED, 0xA0,
    0xED, 0xED, 0xED, 0xFF, 0xF1, 0xF1, 0xF0, 0xFF, 0xC9, 0xC9, 0xCB, 0xFF, 0x00, 0x00, 0x00, 0xFF,
    0x00, 0x00, 0x0F, 0xFF, 0x00, 0x00, 0x12, 0xFF, 0x00, 0x00, 0x12, 0xFF, 0x00, 0x00, 0x12, 0xFF,
    0x00, 0x00, 0x12, 0xFF, 0x00, 0x00, 0x12, 0xFF, 0x00, 0x00, 0x00, 0xFF, 0x6B, 0x6B, 0x74, 0xFF,
    0xED, 0xED, 0xED, 0xFF, 0xED, 0xED, 0xED, 0xFF, 0xED, 0xED, 0xED, 0xFE, 0xEC, 0xEC, 0xEC, 0x33,
    0x00, 0x00, 0x00, 0x00, 0x00, 0x00, 0x00, 0x00, 0x00, 0x00, 0x00, 0x00, 0xED, 0xED, 0xED, 0x3C,
    0xED, 0xED, 0xED, 0xE7, 0xED, 0xED, 0xED, 0xFF, 0xED, 0xED, 0xED, 0xFF, 0xF0, 0xF0, 0xEF, 0xFF,
    0xEE, 0xEE, 0xEE, 0xFF, 0xCA, 0xCA, 0xCC, 0xFF, 0x81, 0x81, 0x88, 0xFF, 0x1A, 0x1A, 0x3C, 0xFF,
    0x00, 0x00, 0x00, 0xFF, 0x00, 0x00, 0x18, 0xFF, 0x00, 0x00, 0x29, 0xFF, 0x00, 0x00, 0x30, 0xFF,
    0x00, 0x00, 0x32, 0xFF, 0x00, 0x00, 0x33, 0xFF, 0x00, 0x00, 0x34, 0xFF, 0x00, 0x00, 0x33, 0xFF,
    0x00, 0x00, 0x33, 0xFF, 0x00, 0x00, 0x31, 0xFF, 0x00, 0x00, 0x2B, 0xFF, 0x00, 0x00, 0x1E, 0xFF,
    0x00, 0x00, 0x02, 0xFF, 0x00, 0x00, 0x24, 0xFF, 0x64, 0x64, 0x6F, 0xFF, 0xB6, 0xB6, 0xB9, 0xFF,
    0xE7, 0xE7, 0xE8, 0xFF, 0xF1, 0xF1, 0xF1, 0xFF, 0xED, 0xED, 0xED, 0xFF, 0xED, 0xED, 0xED, 0xFF,
    0xED, 0xED, 0xED, 0xFE, 0xED, 0xED, 0xED, 0x61, 0xED, 0xED, 0xED, 0xA4, 0xED, 0xED, 0xED, 0xFF,
    0xF1, 0xF1, 0xF1, 0xFF, 0xC7, 0xC7, 0xC9, 0xFF, 0x00, 0x00, 0x00, 0xFF, 0x00, 0x00, 0x0F, 0xFF,
    0x00, 0x00, 0x12, 0xFF, 0x00, 0x00, 0x12, 0xFF, 0x00, 0x00, 0x12, 0xFF, 0x00, 0x00, 0x12, 0xFF,
    0x00, 0x00, 0x12, 0xFF, 0x00, 0x00, 0x00, 0xFF, 0x6E, 0x6E, 0x77, 0xFF, 0xED, 0xED, 0xED, 0xFF,
    0xED, 0xED, 0xED, 0xFF, 0xED, 0xED, 0xED, 0xFC, 0xEC, 0xEC, 0xEC, 0x2E, 0x00, 0x00, 0x00, 0x00,
    0x00, 0x00, 0x00, 0x00, 0x00, 0x00, 0x00, 0x00, 0x00, 0x00, 0x00, 0x00, 0xEC, 0xEC, 0xEC, 0x2C,
    0xED, 0xED, 0xED, 0xFB, 0xED, 0xED, 0xED, 0xFF, 0xEE, 0xEE, 0xEE, 0xFF, 0x72, 0x72, 0x7B, 0xFF,
    0x00, 0x00, 0x00, 0xFF, 0x00, 0x00, 0x12, 0xFF, 0x00, 0x00, 0x12, 0xFF, 0x00, 0x00, 0x12, 0xFF,
    0x00, 0x00, 0x12, 0xFF, 0x00, 0x00, 0x12, 0xFF, 0x00, 0x00, 0x10, 0xFF, 0x00, 0x00, 0x00, 0xFF,
    0xC5, 0xC5, 0xC7, 0xFF, 0xF1, 0xF1, 0xF1, 0xFF, 0xF1, 0xF1, 0xF0, 0xFF, 0xC9, 0xC9, 0xCB, 0xFF,
    0x00, 0x00, 0x00, 0xFF, 0x00, 0x00, 0x0F, 0xFF, 0x00, 0x00, 0x12, 0xFF, 0x00, 0x00, 0x12, 0xFF,
    0x00, 0x00, 0x12, 0xFF, 0x00, 0x00, 0x12, 0xFF, 0x00, 0x00, 0x12, 0xFF, 0x00, 0x00, 0x12, 0xFF,
    0x00, 0x00, 0x12, 0xFF, 0x00, 0x00, 0x12, 0xFF, 0x00, 0x00, 0x12, 0xFF, 0x00, 0x00, 0x12, 0xFF,
    0x00, 0x00, 0x12, 0xFF, 0x00, 0x00, 0x12, 0xFF, 0x00, 0x00, 0x12, 0xFF, 0x00, 0x00, 0x12, 0xFF,
    0x00, 0x00, 0x12, 0xFF, 0x00, 0x00, 0x12, 0xFF, 0x00, 0x00, 0x12, 0xFF, 0x00, 0x00, 0x12, 0xFF,
    0x00, 0x00, 0x12, 0xFF, 0x00, 0x00, 0x12, 0xFF, 0x00, 0x00, 0x12, 0xFF, 0x00, 0x00, 0x12, 0xFF,
    0x00, 0x00, 0x12, 0xFF, 0x00, 0x00, 0x12, 0xFF, 0x00, 0x00, 0x12, 0xFF, 0x00, 0x00, 0x00, 0xFF,
    0xA3, 0xA3, 0xA7, 0xFF, 0xF1, 0xF1, 0xF1, 0xFF, 0xED, 0xED, 0xED, 0xFF, 0xED, 0xED, 0xED, 0xD8,
    0xE5, 0xE5, 0xE5, 0xE9, 0xEE, 0xEE, 0xEE, 0xFF, 0xF1, 0xF1, 0xF1, 0xFF, 0xA9, 0xA9, 0xAC, 0xFF,
    0x00, 0x00, 0x02, 0xFF, 0x00, 0x00, 0x34, 0xFF, 0x00, 0x00, 0x34, 0xFF, 0x00, 0x00, 0x34, 0xFF,
    0x00, 0x00, 0x0E, 0xFF, 0x92, 0x92, 0x98, 0xFF, 0xF0, 0xF0, 0xF0, 0xFF, 0xED, 0xED, 0xED, 0xFF,
    0xED, 0xED, 0xED, 0xFF, 0xED, 0xED, 0xED, 0xFF, 0xED, 0xED, 0xED, 0xFF, 0xED, 0xED, 0xED, 0xFF,
    0xED, 0xED, 0xED, 0xFF, 0xED, 0xED, 0xED, 0xFF, 0xED, 0xED, 0xED, 0xFF, 0xEF, 0xEF, 0xEF, 0xFF,
    0xD9, 0xD9, 0xDA, 0xFF, 0x1B, 0x1B, 0x3C, 0xFF, 0x00, 0x00, 0x30, 0xFF, 0x00, 0x00, 0x34, 0xFF,
    0x00, 0x00, 0x34, 0xFF, 0x00, 0x00, 0x34, 0xFF, 0x00, 0x00, 0x34, 0xFF, 0x00, 0x00, 0x2E, 0xFF,
    0x36, 0x36, 0x4B, 0xFF, 0xDF, 0xDF, 0xE0, 0xFF, 0xEF, 0xEF, 0xEF, 0xFF, 0xED, 0xED, 0xED, 0xFF,
    0xED, 0xED, 0xED, 0xFF, 0xED, 0xED, 0xED, 0xFF, 0xED, 0xED, 0xED, 0xFF, 0xED, 0xED, 0xED, 0xFF,
    0xED, 0xED, 0xED, 0xFF, 0xED, 0xED, 0xED, 0xFF, 0xEE, 0xEE, 0xEE, 0xFF, 0xE5, 0xE5, 0xE5, 0xFF,
    0x4C, 0x4C, 0x5B, 0xFF, 0x00, 0x00, 0x2A, 0xFF, 0x00, 0x00, 0x34, 0xFF, 0x00, 0x00, 0x34, 0xFF,
    0x00, 0x00, 0x34, 0xFF, 0x00, 0x00, 0x34, 0xFF, 0x00, 0x00, 0x32, 0xFF, 0x00, 0x00, 0x2B, 0xFF,
    0xD1, 0xD1, 0xD2, 0xFF, 0xF0, 0xF0, 0xF0, 0xFF, 0xED, 0xED, 0xED, 0xFF, 0xED, 0xED, 0xED, 0xFF,
    0xED, 0xED, 0xED, 0xFF, 0xED, 0xED, 0xED, 0xFF, 0xED, 0xED, 0xED, 0xFF, 0xED, 0xED, 0xED, 0xFF,
    0xED, 0xED, 0xED, 0xFF, 0xED, 0xED, 0xED, 0xFF, 0xEE, 0xEE, 0xEE, 0xFF, 0x7F, 0x7F, 0x86, 0xFF,
    0x00, 0x00, 0x19, 0xFF, 0x00, 0x00, 0x34, 0xFF, 0x00, 0x00, 0x34, 0xFF, 0x00, 0x00, 0x34, 0xFF,
    0x00, 0x00, 0x03, 0xFF, 0xB5, 0xB5, 0xB7, 0xFF, 0xF1, 0xF1, 0xF1, 0xFF, 0xF0, 0xF0, 0xEF, 0xFF,
    0xD7, 0xD7, 0xD8, 0xFF, 0x0E, 0x0E, 0x38, 0xFF, 0x00, 0x00, 0x31, 0xFF, 0x00, 0x00, 0x34, 0xFF,
    0x00, 0x00, 0x34, 0xFF, 0x00, 0x00, 0x34, 0xFF, 0x00, 0x00, 0x34, 0xFF, 0x00, 0x00, 0x34, 0xFF,
    0x00, 0x00, 0x28, 0xFF, 0x57, 0x57, 0x63, 0xFF, 0xE7, 0xE7, 0xE8, 0xFF, 0xEE, 0xEE, 0xEE, 0xFF,
    0xED, 0xED, 0xED, 0xFF, 0xED, 0xED, 0xED, 0xFF, 0xED, 0xED, 0xED, 0xFF, 0xF1, 0xF1, 0xF1, 0xFF,
    0xA0, 0xA0, 0xA5, 0xFF, 0x00, 0x00, 0x06, 0xFF, 0x00, 0x00, 0x34, 0xFF, 0x00, 0x00, 0x34, 0xFF,
    0x00, 0x00, 0x34, 0xFF, 0x00, 0x00, 0x34, 0xFF, 0x00, 0x00, 0x34, 0xFF, 0x00, 0x00, 0x34, 0xFF,
    0x00, 0x00, 0x34, 0xFF, 0x00, 0x00, 0x34, 0xFF, 0x00, 0x00, 0x34, 0xFF, 0x00, 0x00, 0x34, 0xFF,
    0x00, 0x00, 0x34, 0xFF, 0x00, 0x00, 0x34, 0xFF, 0x00, 0x00, 0x34, 0xFF, 0x00, 0x00, 0x34, 0xFF,
    0x00, 0x00, 0x34, 0xFF, 0x00, 0x00, 0x34, 0xFF, 0x00, 0x00, 0x34, 0xFF, 0x00, 0x00, 0x34, 0xFF,
    0x00, 0x00, 0x34, 0xFF, 0x00, 0x00, 0x33, 0xFF, 0x00, 0x00, 0x2E, 0xFF, 0x00, 0x00, 0x1A, 0xFF,
    0x00, 0x00, 0x01, 0xFF, 0x63, 0x63, 0x6E, 0xFF, 0xCE, 0xCE, 0xCF, 0xFF, 0xF1, 0xF1, 0xF1, 0xFF,
    0xED, 0xED, 0xED, 0xFF, 0xED, 0xED, 0xED, 0xFF, 0xED, 0xED, 0xED, 0xD2, 0xED, 0xED, 0xED, 0x03,
    0xED, 0xED, 0xED, 0x95, 0xED, 0xED, 0xED, 0xFF, 0xF0, 0xF0, 0xF0, 0xFF, 0xD1, 0xD1, 0xD3, 0xFF,
    0x00, 0x00, 0x2B, 0xFF, 0x00, 0x00, 0x32, 0xFF, 0x00, 0x00, 0x34, 0xFF, 0x00, 0x00, 0x34, 0xFF,
    0x00, 0x00, 0x34, 0xFF, 0x00, 0x00, 0x34, 0xFF, 0x00, 0x00, 0x34, 0xFF, 0x00, 0x00, 0x34, 0xFF,
    0x00, 0x00, 0x34, 0xFF, 0x00, 0x00, 0x34, 0xFF, 0x00, 0x00, 0x34, 0xFF, 0x00, 0x00, 0x34, 0xFF,
    0x00, 0x00, 0x34, 0xFF, 0x00, 0x00, 0x34, 0xFF, 0x00, 0x00, 0x34, 0xFF, 0x00, 0x00, 0x34, 0xFF,
    0x00, 0x00, 0x34, 0xFF, 0x00, 0x00, 0x34, 0xFF, 0x00, 0x00, 0x34, 0xFF, 0x00, 0x00, 0x34, 0xFF,
    0x00, 0x00, 0x34, 0xFF, 0x00, 0x00, 0x34, 0xFF, 0x00, 0x00, 0x34, 0xFF, 0x00, 0x00, 0x2C, 0xFF,
    0x45, 0x45, 0x55, 0xFF, 0xE3, 0xE3, 0xE3, 0xFF, 0xEE, 0xEE, 0xEE, 0xFF, 0xED, 0xED, 0xED, 0xFF,
    0xED, 0xED, 0xED, 0xFF, 0xF1, 0xF1, 0xF1, 0xFF, 0xC5, 0xC5, 0xC7, 0xFF, 0x00, 0x00, 0x17, 0xFF,
    0x00, 0x00, 0x34, 0xFF, 0x00, 0x00, 0x34, 0xFF, 0x00, 0x00, 0x34, 0xFF, 0x00, 0x00, 0x34, 0xFF,
    0x00, 0x00, 0x34, 0xFF, 0x00, 0x00, 0x34, 0xFF, 0x00, 0x00, 0x1B, 0xFF, 0x7B, 0x7B, 0x82, 0xFF,
    0xEE, 0xEE, 0xEE, 0xFF, 0xED, 0xED, 0xED, 0xFF, 0xED, 0xED, 0xED, 0xFA, 0xEA, 0xEA, 0xEA, 0x29,
    0x00, 0x00, 0x00, 0x00, 0x00, 0x00, 0x00, 0x00, 0x00, 0x00, 0x00, 0x00, 0x00, 0x00, 0x00, 0x00,
    0x00, 0x00, 0x00, 0x00, 0x00, 0x00, 0x00, 0x00, 0x00, 0x00, 0x00, 0x00, 0x00, 0x00, 0x00, 0x00,
    0x00, 0x00, 0x00, 0x00, 0x00, 0x00, 0x00, 0x00, 0x00, 0x00, 0x00, 0x00, 0xEC, 0xEC, 0xEC, 0xA1,
    0xED, 0xED, 0xED, 0xFF, 0xF0, 0xF0, 0xF0, 0xFF, 0xCA, 0xCA, 0xCC, 0xFF, 0x00, 0x00, 0x1F, 0xFF,
    0x00, 0x00, 0x33, 0xFF, 0x00, 0x00, 0x34, 0xFF, 0x00, 0x00, 0x34, 0xFF, 0x00, 0x00, 0x34, 0xFF,
    0x00, 0x00, 0x34, 0xFF, 0x00, 0x00, 0x34, 0xFF, 0x00, 0x00, 0x1F, 0xFF, 0x73, 0x73, 0x7B, 0xFF,
    0xED, 0xED, 0xED, 0xFF, 0xED, 0xED, 0xED, 0xFF, 0xED, 0xED, 0xED, 0xFE, 0xEC, 0xEC, 0xEC, 0x33,
    0x00, 0x00, 0x00, 0x00, 0x00, 0x00, 0x00, 0x00, 0xED, 0xED, 0xED, 0x40, 0xED, 0xED, 0xED, 0xF3,
    0xED, 0xED, 0xED, 0xFF, 0xED, 0xED, 0xED, 0xFF, 0xF1, 0xF1, 0xF1, 0xFF, 0xDC, 0xDC, 0xDC, 0xFF,
    0x86, 0x86, 0x8D, 0xFF, 0x00, 0x00, 0x22, 0xFF, 0x00, 0x00, 0x14, 0xFF, 0x00, 0x00, 0x30, 0xFF,
    0x01, 0x01, 0x34, 0xFF, 0x00, 0x00, 0x34, 0xFF, 0x00, 0x00, 0x34, 0xFF, 0x00, 0x00, 0x34, 0xFF,
    0x00, 0x00, 0x34, 0xFF, 0x00, 0x00, 0x34, 0xFF, 0x00, 0x00, 0x34, 0xFF, 0x00, 0x00, 0x34, 0xFF,
    0x00, 0x00, 0x34, 0xFF, 0x00, 0x00, 0x34, 0xFF, 0x00, 0x00, 0x34, 0xFF, 0x00, 0x00, 0x34, 0xFF,
    0x01, 0x01, 0x34, 0xFF, 0x00, 0x00, 0x33, 0xFF, 0x00, 0x00, 0x22, 0xFF, 0x00, 0x00, 0x00, 0xFF,
    0x61, 0x61, 0x6C, 0xFF, 0xC9, 0xC9, 0xCA, 0xFF, 0xF0, 0xF0, 0xF0, 0xFF, 0xEE, 0xEE, 0xEE, 0xFF,
    0xED, 0xED, 0xED, 0xFF, 0xED, 0xED, 0xED, 0xFB, 0xED, 0xED, 0xED, 0xEC, 0xED, 0xED, 0xED, 0xFF,
    0xF1, 0xF1, 0xF0, 0xFF, 0xC9, 0xC9, 0xCA, 0xFF, 0x00, 0x00, 0x1C, 0xFF, 0x00, 0x00, 0x33, 0xFF,
    0x00, 0x00, 0x34, 0xFF, 0x00, 0x00, 0x34, 0xFF, 0x00, 0x00, 0x34, 0xFF, 0x00, 0x00, 0x34, 0xFF,
    0x00, 0x00, 0x34, 0xFF, 0x00, 0x00, 0x1E, 0xFF, 0x75, 0x75, 0x7E, 0xFF, 0xED, 0xED, 0xED, 0xFF,
    0xED, 0xED, 0xED, 0xFF, 0xED, 0xED, 0xED, 0xFC, 0xEB, 0xEB, 0xEB, 0x2F, 0x00, 0x00, 0x00, 0x00,
    0x00, 0x00, 0x00, 0x00, 0x00, 0x00, 0x00, 0x00, 0x00, 0x00, 0x00, 0x00, 0xEB, 0xEB, 0xEB, 0x2D,
    0xED, 0xED, 0xED, 0xFB, 0xED, 0xED, 0xED, 0xFF, 0xEE, 0xEE, 0xEE, 0xFF, 0x79, 0x79, 0x81, 0xFF,
    0x00, 0x00, 0x1C, 0xFF, 0x00, 0x00, 0x34, 0xFF, 0x00, 0x00, 0x34, 0xFF, 0x00, 0x00, 0x34, 0xFF,
    0x00, 0x00, 0x34, 0xFF, 0x00, 0x00, 0x34, 0xFF, 0x00, 0x00, 0x33, 0xFF, 0x00, 0x00, 0x19, 0xFF,
    0xC7, 0xC7, 0xC9, 0xFF, 0xF1, 0xF1, 0xF0, 0xFF, 0xF0, 0xF0, 0xF0, 0xFF, 0xCB, 0xCB, 0xCC, 0xFF,
    0x00, 0x00, 0x1F, 0xFF, 0x00, 0x00, 0x33, 0xFF, 0x00, 0x00, 0x34, 0xFF, 0x00, 0x00, 0x34, 0xFF,
    0x00, 0x00, 0x34, 0xFF, 0x00, 0x00, 0x34, 0xFF, 0x00, 0x00, 0x34, 0xFF, 0x00, 0x00, 0x34, 0xFF,
    0x00, 0x00, 0x34, 0xFF, 0x00, 0x00, 0x34, 0xFF, 0x00, 0x00, 0x34, 0xFF, 0x00, 0x00, 0x34, 0xFF,
    0x00, 0x00, 0x34, 0xFF, 0x00, 0x00, 0x34, 0xFF, 0x00, 0x00, 0x34, 0xFF, 0x00, 0x00, 0x34, 0xFF,
    0x00, 0x00, 0x34, 0xFF, 0x00, 0x00, 0x34, 0xFF, 0x00, 0x00, 0x34, 0xFF, 0x00, 0x00, 0x34, 0xFF,
    0x00, 0x00, 0x34, 0xFF, 0x00, 0x00, 0x34, 0xFF, 0x00, 0x00, 0x34, 0xFF, 0x00, 0x00, 0x34, 0xFF,
    0x00, 0x00, 0x34, 0xFF, 0x00, 0x00, 0x34, 0xFF, 0x00, 0x00, 0x34, 0xFF, 0x00, 0x00, 0x03, 0xFF,
    0xA6, 0xA6, 0xAA, 0xFF, 0xF1, 0xF1, 0xF1, 0xFF, 0xED, 0xED, 0xED, 0xFF, 0xED, 0xED, 0xED, 0xD9,
    0xE5, 0xE5, 0xE6, 0xE9, 0xEE, 0xEE, 0xEE, 0xFF, 0xF1, 0xF1, 0xF1, 0xFF, 0xA9, 0xA9, 0xAC, 0xFF,
    0x00, 0x00, 0x02, 0xFF, 0x00, 0x00, 0x34, 0xFF, 0x00, 0x00, 0x34, 0xFF, 0x00, 0x00, 0x34, 0xFF,
    0x00, 0x00, 0x2A, 0xFF, 0x4D, 0x4D, 0x5C, 0xFF, 0xE5, 0xE5, 0xE5, 0xFF, 0xEE, 0xEE, 0xEE, 0xFF,
    0xED, 0xED, 0xED, 0xFF, 0xED, 0xED, 0xED, 0xFF, 0xED, 0xED, 0xED, 0xFF, 0xED, 0xED, 0xED, 0xFF,
    0xED, 0xED, 0xED, 0xFF, 0xED, 0xED, 0xED, 0xFF, 0xED, 0xED, 0xED, 0xFF, 0xEE, 0xEE, 0xEE, 0xFF,
    0xEB, 0xEB, 0xEC, 0xFF, 0x6C, 0x6C, 0x75, 0xFF, 0x00, 0x00, 0x21, 0xFF, 0x00, 0x00, 0x34, 0xFF,
    0x00, 0x00, 0x34, 0xFF, 0x00, 0x00, 0x34, 0xFF, 0x00, 0x00, 0x34, 0xFF, 0x00, 0x00, 0x16, 0xFF,
    0x83, 0x83, 0x8A, 0xFF, 0xEF, 0xEF, 0xEF, 0xFF, 0xED, 0xED, 0xED, 0xFF, 0xED, 0xED, 0xED, 0xFF,
    0xED, 0xED, 0xED, 0xFF, 0xED, 0xED, 0xED, 0xFF, 0xED, 0xED, 0xED, 0xFF, 0xED, 0xED, 0xED, 0xFF,
    0xED, 0xED, 0xED, 0xFF, 0xED, 0xED, 0xED, 0xFF, 0xED, 0xED, 0xED, 0xFF, 0xF0, 0xF0, 0xF0, 0xFF,
    0x93, 0x93, 0x99, 0xFF, 0x00, 0x00, 0x0D, 0xFF, 0x01, 0x01, 0x34, 0xFF, 0x00, 0x00, 0x34, 0xFF,
    0x00, 0x00, 0x34, 0xFF, 0x00, 0x00, 0x34, 0xFF, 0x00, 0x00, 0x27, 0xFF, 0x59, 0x59, 0x66, 0xFF,
    0xE8, 0xE8, 0xE8, 0xFF, 0xEE, 0xEE, 0xEE, 0xFF, 0xED, 0xED, 0xED, 0xFF, 0xED, 0xED, 0xED, 0xFF,
    0xED, 0xED, 0xED, 0xFF, 0xED, 0xED, 0xED, 0xFF, 0xED, 0xED, 0xED, 0xFF, 0xED, 0xED, 0xED, 0xFF,
    0xED, 0xED, 0xED, 0xFF, 0xEF, 0xEF, 0xEF, 0xFF, 0xDE, 0xDE, 0xDF, 0xFF, 0x31, 0x31, 0x48, 0xFF,
    0x00, 0x00, 0x2E, 0xFF, 0x00, 0x00, 0x34, 0xFF, 0x00, 0x00, 0x34, 0xFF, 0x00, 0x00, 0x34, 0xFF,
    0x00, 0x00, 0x03, 0xFF, 0xB5, 0xB5, 0xB7, 0xFF, 0xF1, 0xF1, 0xF1, 0xFF, 0xF0, 0xF0, 0xEF, 0xFF,
    0xD7, 0xD7, 0xD8, 0xFF, 0x0E, 0x0E, 0x38, 0xFF, 0x00, 0x00, 0x31, 0xFF, 0x00, 0x00, 0x34, 0xFF,
    0x00, 0x00, 0x34, 0xFF, 0x00, 0x00, 0x34, 0xFF, 0x00, 0x00, 0x34, 0xFF, 0x00, 0x00, 0x34, 0xFF,
    0x00, 0x00, 0x28, 0xFF, 0x57, 0x57, 0x63, 0xFF, 0xE7, 0xE7, 0xE8, 0xFF, 0xEE, 0xEE, 0xEE, 0xFF,
    0xED, 0xED, 0xED, 0xFF, 0xED, 0xED, 0xED, 0xFF, 0xED, 0xED, 0xED, 0xFF, 0xF1, 0xF1, 0xF1, 0xFF,
    0xA0, 0xA0, 0xA5, 0xFF, 0x00, 0x00, 0x06, 0xFF, 0x00, 0x00, 0x34, 0xFF, 0x00, 0x00, 0x34, 0xFF,
    0x00, 0x00, 0x34, 0xFF, 0x00, 0x00, 0x34, 0xFF, 0x00, 0x00, 0x34, 0xFF, 0x00, 0x00, 0x34, 0xFF,
    0x00, 0x00, 0x34, 0xFF, 0x00, 0x00, 0x34, 0xFF, 0x00, 0x00, 0x34, 0xFF, 0x00, 0x00, 0x34, 0xFF,
    0x00, 0x00, 0x34, 0xFF, 0x00, 0x00, 0x34, 0xFF, 0x00, 0x00, 0x34, 0xFF, 0x00, 0x00, 0x34, 0xFF,
    0x00, 0x00, 0x34, 0xFF, 0x00, 0x00, 0x34, 0xFF, 0x00, 0x00, 0x34, 0xFF, 0x00, 0x00, 0x34, 0xFF,
    0x00, 0x00, 0x34, 0xFF, 0x00, 0x00, 0x34, 0xFF, 0x00, 0x00, 0x34, 0xFF, 0x00, 0x00, 0x34, 0xFF,
    0x00, 0x00, 0x34, 0xFF, 0x00, 0x00, 0x1C, 0xFF, 0x0B, 0x0B, 0x37, 0xFF, 0xC1, 0xC1, 0xC3, 0xFF,
    0xF1, 0xF1, 0xF1, 0xFF, 0xED, 0xED, 0xED, 0xFF, 0xED, 0xED, 0xED, 0xFF, 0xEC, 0xEC, 0xEC, 0x7B,
    0xE9, 0xE9, 0xE9, 0x95, 0xED, 0xED, 0xED, 0xFF, 0xF0, 0xF0, 0xF0, 0xFF, 0xD1, 0xD1, 0xD3, 0xFF,
    0x00, 0x00, 0x2B, 0xFF, 0x00, 0x00, 0x32, 0xFF, 0x00, 0x00, 0x34, 0xFF, 0x00, 0x00, 0x34, 0xFF,
    0x00, 0x00, 0x34, 0xFF, 0x00, 0x00, 0x34, 0xFF, 0x00, 0x00, 0x34, 0xFF, 0x00, 0x00, 0x34, 0xFF,
    0x00, 0x00, 0x34, 0xFF, 0x00, 0x00, 0x34, 0xFF, 0x00, 0x00, 0x34, 0xFF, 0x00, 0x00, 0x34, 0xFF,
    0x00, 0x00, 0x34, 0xFF, 0x00, 0x00, 0x34, 0xFF, 0x00, 0x00, 0x34, 0xFF, 0x00, 0x00, 0x34, 0xFF,
    0x00, 0x00, 0x34, 0xFF, 0x00, 0x00, 0x34, 0xFF, 0x00, 0x00, 0x34, 0xFF, 0x00, 0x00, 0x34, 0xFF,
    0x00, 0x00, 0x34, 0xFF, 0x00, 0x00, 0x34, 0xFF, 0x00, 0x00, 0x34, 0xFF, 0x00, 0x00, 0x2C, 0xFF,
    0x45, 0x45, 0x55, 0xFF, 0xE3, 0xE3, 0xE3, 0xFF, 0xEF, 0xEF, 0xEE, 0xFF, 0xED, 0xED, 0xED, 0xFF,
    0xED, 0xED, 0xED, 0xFF, 0xF1, 0xF1, 0xF1, 0xFF, 0xC5, 0xC5, 0xC7, 0xFF, 0x00, 0x00, 0x17, 0xFF,
    0x00, 0x00, 0x34, 0xFF, 0x00, 0x00, 0x34, 0xFF, 0x00, 0x00, 0x34, 0xFF, 0x00, 0x00, 0x34, 0xFF,
    0x00, 0x00, 0x34, 0xFF, 0x00, 0x00, 0x34, 0xFF, 0x00, 0x00, 0x1B, 0xFF, 0x7B, 0x7B, 0x82, 0xFF,
    0xEE, 0xEE, 0xEE, 0xFF, 0xED, 0xED, 0xED, 0xFF, 0xEC, 0xEC, 0xEC, 0xFC, 0xDD, 0xDD, 0xDE, 0x2F,
    0x00, 0x00, 0x00, 0x00, 0x00, 0x00, 0x00, 0x00, 0x00, 0x00, 0x00, 0x00, 0x00, 0x00, 0x00, 0x00,
    0x00, 0x00, 0x00, 0x00, 0x00, 0x00, 0x00, 0x00, 0x00, 0x00, 0x00, 0x00, 0x00, 0x00, 0x00, 0x00,
    0x00, 0x00, 0x00, 0x00, 0x00, 0x00, 0x00, 0x00, 0x00, 0x00, 0x00, 0x00, 0xE8, 0xE8, 0xE8, 0xA7,
    0xED, 0xED, 0xED, 0xFF, 0xF0, 0xF0, 0xF0, 0xFF, 0xCA, 0xCA, 0xCC, 0xFF, 0x00, 0x00, 0x1F, 0xFF,
    0x00, 0x00, 0x33, 0xFF, 0x00, 0x00, 0x34, 0xFF, 0x00, 0x00, 0x34, 0xFF, 0x00, 0x00, 0x34, 0xFF,
    0x00, 0x00, 0x34, 0xFF, 0x00, 0x00, 0x34, 0xFF, 0x00, 0x00, 0x1F, 0xFF, 0x73, 0x73, 0x7B, 0xFF,
    0xED, 0xED, 0xED, 0xFF, 0xEE, 0xEE, 0xEE, 0xFF, 0xEC, 0xEC, 0xEC, 0xFF, 0xE3, 0xE3, 0xE3, 0x3A,
    0x00, 0x00, 0x00, 0x00, 0xED, 0xED, 0xED, 0x2C, 0xED, 0xED, 0xED, 0xED, 0xED, 0xED, 0xED, 0xFF,
    0xED, 0xED, 0xED, 0xFF, 0xF1, 0xF1, 0xF1, 0xFF, 0xC3, 0xC3, 0xC6, 0xFF, 0x3C, 0x3C, 0x4F, 0xFF,
    0x00, 0x00, 0x08, 0xFF, 0x00, 0x00, 0x32, 0xFF, 0x01, 0x01, 0x34, 0xFF, 0x00, 0x00, 0x34, 0xFF,
    0x00, 0x00, 0x34, 0xFF, 0x00, 0x00, 0x34, 0xFF, 0x00, 0x00, 0x34, 0xFF, 0x00, 0x00, 0x34, 0xFF,
    0x00, 0x00, 0x34, 0xFF, 0x00, 0x00, 0x34, 0xFF, 0x00, 0x00, 0x34, 0xFF, 0x00, 0x00, 0x34, 0xFF,
    0x00, 0x00, 0x34, 0xFF, 0x00, 0x00, 0x34, 0xFF, 0x00, 0x00, 0x34, 0xFF, 0x00, 0x00, 0x34, 0xFF,
    0x00, 0x00, 0x34, 0xFF, 0x00, 0x00, 0x34, 0xFF, 0x00, 0x00, 0x34, 0xFF, 0x00, 0x00, 0x34, 0xFF,
    0x00, 0x00, 0x20, 0xFF, 0x00, 0x00, 0x27, 0xFF, 0xA6, 0xA6, 0xAA, 0xFF, 0xED, 0xED, 0xED, 0xFF,
    0xEE, 0xEE, 0xEE, 0xFF, 0xED, 0xED, 0xED, 0xFF, 0xED, 0xED, 0xED, 0xFF, 0xED, 0xED, 0xED, 0xFF,
    0xF1, 0xF1, 0xF0, 0xFF, 0xC9, 0xC9, 0xCA, 0xFF, 0x00, 0x00, 0x1C, 0xFF, 0x00, 0x00, 0x33, 0xFF,
    0x00, 0x00, 0x34, 0xFF, 0x00, 0x00, 0x34, 0xFF, 0x00, 0x00, 0x34, 0xFF, 0x00, 0x00, 0x34, 0xFF,
    0x00, 0x00, 0x34, 0xFF, 0x00, 0x00, 0x1E, 0xFF, 0x75, 0x75, 0x7E, 0xFF, 0xED, 0xED, 0xED, 0xFF,
    0xEE, 0xEE, 0xED, 0xFF, 0xEC, 0xEC, 0xEC, 0xFE, 0xE1, 0xE1, 0xE2, 0x34, 0x00, 0x00, 0x00, 0x00,
    0x00, 0x00, 0x00, 0x00, 0x00, 0x00, 0x00, 0x00, 0x00, 0x00, 0x00, 0x00, 0xE1, 0xE1, 0xE1, 0x32,
    0xEC, 0xEC, 0xEC, 0xFE, 0xED, 0xED, 0xED, 0xFF, 0xEE, 0xEE, 0xEE, 0xFF, 0x79, 0x79, 0x81, 0xFF,
    0x00, 0x00, 0x1C, 0xFF, 0x00, 0x00, 0x34, 0xFF, 0x00, 0x00, 0x34, 0xFF, 0x00, 0x00, 0x34, 0xFF,
    0x00, 0x00, 0x34, 0xFF, 0x00, 0x00, 0x34, 0xFF, 0x00, 0x00, 0x33, 0xFF, 0x00, 0x00, 0x19, 0xFF,
    0xC7, 0xC7, 0xC9, 0xFF, 0xF1, 0xF1, 0xF0, 0xFF, 0xF0, 0xF0, 0xF0, 0xFF, 0xCB, 0xCB, 0xCC, 0xFF,
    0x00, 0x00, 0x1F, 0xFF, 0x00, 0x00, 0x33, 0xFF, 0x00, 0x00, 0x34, 0xFF, 0x00, 0x00, 0x34, 0xFF,
    0x00, 0x00, 0x34, 0xFF, 0x00, 0x00, 0x34, 0xFF, 0x00, 0x00, 0x34, 0xFF, 0x00, 0x00, 0x34, 0xFF,
    0x00, 0x00, 0x34, 0xFF, 0x00, 0x00, 0x34, 0xFF, 0x00, 0x00, 0x34, 0xFF, 0x00, 0x00, 0x34, 0xFF,
    0x00, 0x00, 0x34, 0xFF, 0x00, 0x00, 0x34, 0xFF, 0x00, 0x00, 0x34, 0xFF, 0x00, 0x00, 0x34, 0xFF,
    0x00, 0x00, 0x34, 0xFF, 0x00, 0x00, 0x34, 0xFF, 0x00, 0x00, 0x34, 0xFF, 0x00, 0x00, 0x34, 0xFF,
    0x00, 0x00, 0x34, 0xFF, 0x00, 0x00, 0x34, 0xFF, 0x00, 0x00, 0x34, 0xFF, 0x00, 0x00, 0x34, 0xFF,
    0x00, 0x00, 0x34, 0xFF, 0x00, 0x00, 0x34, 0xFF, 0x00, 0x00, 0x34, 0xFF, 0x00, 0x00, 0x03, 0xFF,
    0xA6, 0xA6, 0xAA, 0xFF, 0xF1, 0xF1, 0xF1, 0xFF, 0xED, 0xED, 0xED, 0xFF, 0xEA, 0xEA, 0xEA, 0xE0,
    0xE5, 0xE5, 0xE6, 0xE9, 0xEE, 0xEE, 0xEE, 0xFF, 0xF1, 0xF1, 0xF1, 0xFF, 0xA9, 0xA9, 0xAC, 0xFF,
    0x00, 0x00, 0x02, 0xFF, 0x00, 0x00, 0x34, 0xFF, 0x00, 0x00, 0x34, 0xFF, 0x00, 0x00, 0x34, 0xFF,
    0x00, 0x00, 0x33, 0xFF, 0x00, 0x00, 0x1C, 0xFF, 0xC8, 0xC8, 0xCA, 0xFF, 0xF1, 0xF1, 0xF1, 0xFF,
    0xED, 0xED, 0xED, 0xFF, 0xED, 0xED, 0xED, 0xFF, 0xED, 0xED, 0xED, 0xFF, 0xED, 0xED, 0xED, 0xFF,
    0xED, 0xED, 0xED, 0xFF, 0xED, 0xED, 0xED, 0xFF, 0xED, 0xED, 0xED, 0xFF, 0xED, 0xED, 0xED, 0xFF,
    0xF1, 0xF1, 0xF1, 0xFF, 0xA4, 0xA4, 0xA8, 0xFF, 0x00, 0x00, 0x03, 0xFF, 0x01, 0x01, 0x34, 0xFF,
    0x00, 0x00, 0x34, 0xFF, 0x00, 0x00, 0x34, 0xFF, 0x00, 0x00, 0x34, 0xFF, 0x00, 0x00, 0x0A, 0xFF,
    0xBC, 0xBC, 0xBE, 0xFF, 0xF1, 0xF1, 0xF1, 0xFF, 0xED, 0xED, 0xED, 0xFF, 0xED, 0xED, 0xED, 0xFF,
    0xED, 0xED, 0xED, 0xFF, 0xED, 0xED, 0xED, 0xFF, 0xED, 0xED, 0xED, 0xFF, 0xED, 0xED, 0xED, 0xFF,
    0xED, 0xED, 0xED, 0xFF, 0xED, 0xED, 0xED, 0xFF, 0xED, 0xED, 0xED, 0xFF, 0xF1, 0xF1, 0xF1, 0xFF,
    0xC7, 0xC7, 0xC9, 0xFF, 0x00, 0x00, 0x1A, 0xFF, 0x00, 0x00, 0x33, 0xFF, 0x00, 0x00, 0x34, 0xFF,
    0x00, 0x00, 0x34, 0xFF, 0x00, 0x00, 0x34, 0xFF, 0x00, 0x00, 0x0B, 0xFF, 0x96, 0x96, 0x9B, 0xFF,
    0xF1, 0xF1, 0xF0, 0xFF, 0xED, 0xED, 0xED, 0xFF, 0xED, 0xED, 0xED, 0xFF, 0xED, 0xED, 0xED, 0xFF,
    0xED, 0xED, 0xED, 0xFF, 0xED, 0xED, 0xED, 0xFF, 0xED, 0xED, 0xED, 0xFF, 0xED, 0xED, 0xED, 0xFF,
    0xED, 0xED, 0xED, 0xFF, 0xF1, 0xF1, 0xF1, 0xFF, 0xBB, 0xBB, 0xBD, 0xFF, 0x00, 0x00, 0x08, 0xFF,
    0x00, 0x00, 0x34, 0xFF, 0x00, 0x00, 0x34, 0xFF, 0x00, 0x00, 0x34, 0xFF, 0x00, 0x00, 0x34, 0xFF,
    0x00, 0x00, 0x03, 0xFF, 0xB5, 0xB5, 0xB7, 0xFF, 0xF1, 0xF1, 0xF1, 0xFF, 0xF0, 0xF0, 0xEF, 0xFF,
    0xD7, 0xD7, 0xD8, 0xFF, 0x0E, 0x0E, 0x38, 0xFF, 0x00, 0x00, 0x31, 0xFF, 0x00, 0x00, 0x34, 0xFF,
    0x00, 0x00, 0x34, 0xFF, 0x00, 0x00, 0x34, 0xFF, 0x00, 0x00, 0x34, 0xFF, 0x00, 0x00, 0x34, 0xFF,
    0x00, 0x00, 0x28, 0xFF, 0x57, 0x57, 0x63, 0xFF, 0xE7, 0xE7, 0xE8, 0xFF, 0xEE, 0xEE, 0xEE, 0xFF,
    0xED, 0xED, 0xED, 0xFF, 0xED, 0xED, 0xED, 0xFF, 0xED, 0xED, 0xED, 0xFF, 0xF1, 0xF1, 0xF1, 0xFF,
    0xA0, 0xA0, 0xA5, 0xFF, 0x00, 0x00, 0x06, 0xFF, 0x00, 0x00, 0x34, 0xFF, 0x00, 0x00, 0x34, 0xFF,
    0x00, 0x00, 0x34, 0xFF, 0x00, 0x00, 0x34, 0xFF, 0x00, 0x00, 0x34, 0xFF, 0x00, 0x00, 0x34, 0xFF,
    0x00, 0x00, 0x34, 0xFF, 0x00, 0x00, 0x34, 0xFF, 0x00, 0x00, 0x34, 0xFF, 0x00, 0x00, 0x34, 0xFF,
    0x00, 0x00, 0x34, 0xFF, 0x00, 0x00, 0x34, 0xFF, 0x00, 0x00, 0x34, 0xFF, 0x00, 0x00, 0x34, 0xFF,
    0x00, 0x00, 0x34, 0xFF, 0x00, 0x00, 0x34, 0xFF, 0x00, 0x00, 0x34, 0xFF, 0x00, 0x00, 0x34, 0xFF,
    0x00, 0x00, 0x34, 0xFF, 0x00, 0x00, 0x34, 0xFF, 0x00, 0x00, 0x34, 0xFF, 0x00, 0x00, 0x34, 0xFF,
    0x00, 0x00, 0x34, 0xFF, 0x02, 0x02, 0x35, 0xFF, 0x00, 0x00, 0x28, 0xFF, 0x1D, 0x1D, 0x3D, 0xFF,
    0xD3, 0xD3, 0xD5, 0xFF, 0xF0, 0xF0, 0xF0, 0xFF, 0xED, 0xED, 0xED, 0xFF, 0xEC, 0xEC, 0xEC, 0xE3,
    0xE6, 0xE6, 0xE7, 0xBF, 0xED, 0xED, 0xED, 0xFF, 0xF0, 0xF0, 0xF0, 0xFF, 0xD1, 0xD1, 0xD3, 0xFF,
    0x00, 0x00, 0x2B, 0xFF, 0x00, 0x00, 0x32, 0xFF, 0x00, 0x00, 0x34, 0xFF, 0x00, 0x00, 0x34, 0xFF,
    0x00, 0x00, 0x34, 0xFF, 0x00, 0x00, 0x34, 0xFF, 0x00, 0x00, 0x34, 0xFF, 0x00, 0x00, 0x34, 0xFF,
    0x00, 0x00, 0x34, 0xFF, 0x00, 0x00, 0x34, 0xFF, 0x00, 0x00, 0x34, 0xFF, 0x00, 0x00, 0x34, 0xFF,
    0x00, 0x00, 0x34, 0xFF, 0x00, 0x00, 0x34, 0xFF, 0x00, 0x00, 0x34, 0xFF, 0x00, 0x00, 0x34, 0xFF,
    0x00, 0x00, 0x34, 0xFF, 0x00, 0x00, 0x34, 0xFF, 0x00, 0x00, 0x34, 0xFF, 0x00, 0x00, 0x34, 0xFF,
    0x00, 0x00, 0x34, 0xFF, 0x00, 0x00, 0x34, 0xFF, 0x00, 0x00, 0x34, 0xFF, 0x00, 0x00, 0x2C, 0xFF,
    0x45, 0x45, 0x55, 0xFF, 0xE3, 0xE3, 0xE3, 0xFF, 0xEF, 0xEF, 0xEE, 0xFF, 0xED, 0xED, 0xED, 0xFF,
    0xED, 0xED, 0xED, 0xFF, 0xF1, 0xF1, 0xF1, 0xFF, 0xC5, 0xC5, 0xC7, 0xFF, 0x00, 0x00, 0x17, 0xFF,
    0x00, 0x00, 0x34, 0xFF, 0x00, 0x00, 0x34, 0xFF, 0x00, 0x00, 0x34, 0xFF, 0x00, 0x00, 0x34, 0xFF,
    0x00, 0x00, 0x34, 0xFF, 0x00, 0x00, 0x34, 0xFF, 0x00, 0x00, 0x1B, 0xFF, 0x7B, 0x7B, 0x82, 0xFF,
    0xEE, 0xEE, 0xEE, 0xFF, 0xEE, 0xEE, 0xED, 0xFF, 0xEB, 0xEB, 0xEB, 0xFE, 0xD5, 0xD5, 0xD7, 0x33,
    0x00, 0x00, 0x00, 0x00, 0x00, 0x00, 0x00, 0x00, 0x00, 0x00, 0x00, 0x00, 0x00, 0x00, 0x00, 0x00,
    0x00, 0x00, 0x00, 0x00, 0x00, 0x00, 0x00, 0x00, 0x00, 0x00, 0x00, 0x00, 0x00, 0x00, 0x00, 0x00,
    0x00, 0x00, 0x00, 0x00, 0x00, 0x00, 0x00, 0x00, 0x00, 0x00, 0x00, 0x00, 0xE5, 0xE5, 0xE5, 0xAD,
    0xED, 0xED, 0xED, 0xFF, 0xF0, 0xF0, 0xF0, 0xFF, 0xCA, 0xCA, 0xCC, 0xFF, 0x00, 0x00, 0x1F, 0xFF,
    0x00, 0x00, 0x33, 0xFF, 0x00, 0x00, 0x34, 0xFF, 0x00, 0x00, 0x34, 0xFF, 0x00, 0x00, 0x34, 0xFF,
    0x00, 0x00, 0x34, 0xFF, 0x00, 0x00, 0x34, 0xFF, 0x00, 0x00, 0x1F, 0xFF, 0x73, 0x73, 0x7B, 0xFF,
    0xED, 0xED, 0xED, 0xFF, 0xEE, 0xEE, 0xEE, 0xFF, 0xEC, 0xEC, 0xEC, 0xFF, 0xDA, 0xDA, 0xDB, 0x3B,
    0xFD, 0xFD, 0xFD, 0x05, 0xED, 0xED, 0xED, 0xD2, 0xED, 0xED, 0xED, 0xFF, 0xED, 0xED, 0xED, 0xFF,
    0xF0, 0xF0, 0xF0, 0xFF, 0xB6, 0xB6, 0xB9, 0xFF, 0x00, 0x00, 0x29, 0xFF, 0x00, 0x00, 0x27, 0xFF,
    0x03, 0x03, 0x35, 0xFF, 0x00, 0x00, 0x34, 0xFF, 0x00, 0x00, 0x34, 0xFF, 0x00, 0x00, 0x34, 0xFF,
    0x00, 0x00, 0x34, 0xFF, 0x00, 0x00, 0x34, 0xFF, 0x00, 0x00, 0x34, 0xFF, 0x00, 0x00, 0x34, 0xFF,
    0x00, 0x00, 0x34, 0xFF, 0x00, 0x00, 0x34, 0xFF, 0x00, 0x00, 0x34, 0xFF, 0x00, 0x00, 0x34, 0xFF,
    0x00, 0x00, 0x34, 0xFF, 0x00, 0x00, 0x34, 0xFF, 0x00, 0x00, 0x34, 0xFF, 0x00, 0x00, 0x34, 0xFF,
    0x00, 0x00, 0x34, 0xFF, 0x00, 0x00, 0x34, 0xFF, 0x00, 0x00, 0x34, 0xFF, 0x00, 0x00, 0x34, 0xFF,
    0x02, 0x02, 0x34, 0xFF, 0x00, 0x00, 0x30, 0xFF, 0x00, 0x00, 0x00, 0xFF, 0x96, 0x96, 0x9B, 0xFF,
    0xEA, 0xEA, 0xEA, 0xFF, 0xEE, 0xEE, 0xEE, 0xFF, 0xED, 0xED, 0xED, 0xFF, 0xED, 0xED, 0xED, 0xFF,
    0xF1, 0xF1, 0xF0, 0xFF, 0xC9, 0xC9, 0xCA, 0xFF, 0x00, 0x00, 0x1C, 0xFF, 0x00, 0x00, 0x33, 0xFF,
    0x00, 0x00, 0x34, 0xFF, 0x00, 0x00, 0x34, 0xFF, 0x00, 0x00, 0x34, 0xFF, 0x00, 0x00, 0x34, 0xFF,
    0x00, 0x00, 0x34, 0xFF, 0x00, 0x00, 0x1E, 0xFF, 0x75, 0x75, 0x7E, 0xFF, 0xED, 0xED, 0xED, 0xFF,
    0xEE, 0xEE, 0xED, 0xFF, 0xEC, 0xEC, 0xEC, 0xFF, 0xDA, 0xDA, 0xDB, 0x39, 0x00, 0x00, 0x00, 0x00,
    0x00, 0x00, 0x00, 0x00, 0x00, 0x00, 0x00, 0x00, 0x00, 0x00, 0x00, 0x00, 0xDA, 0xDA, 0xDB, 0x37,
    0xEC, 0xEC, 0xEC, 0xFF, 0xEE, 0xEE, 0xED, 0xFF, 0xEE, 0xEE, 0xEE, 0xFF, 0x79, 0x79, 0x81, 0xFF,
    0x00, 0x00, 0x1C, 0xFF, 0x00, 0x00, 0x34, 0xFF, 0x00, 0x00, 0x34, 0xFF, 0x00, 0x00, 0x34, 0xFF,
    0x00, 0x00, 0x34, 0xFF, 0x00, 0x00, 0x34, 0xFF, 0x00, 0x00, 0x33, 0xFF, 0x00, 0x00, 0x19, 0xFF,
    0xC7, 0xC7, 0xC9, 0xFF, 0xF1, 0xF1, 0xF0, 0xFF, 0xF0, 0xF0, 0xF0, 0xFF, 0xCB, 0xCB, 0xCC, 0xFF,
    0x00, 0x00, 0x1F, 0xFF, 0x00, 0x00, 0x33, 0xFF, 0x00, 0x00, 0x34, 0xFF, 0x00, 0x00, 0x34, 0xFF,
    0x00, 0x00, 0x34, 0xFF, 0x00, 0x00, 0x34, 0xFF, 0x00, 0x00, 0x34, 0xFF, 0x00, 0x00, 0x34, 0xFF,
    0x00, 0x00, 0x34, 0xFF, 0x00, 0x00, 0x34, 0xFF, 0x00, 0x00, 0x34, 0xFF, 0x00, 0x00, 0x34, 0xFF,
    0x00, 0x00, 0x34, 0xFF, 0x00, 0x00, 0x34, 0xFF, 0x00, 0x00, 0x34, 0xFF, 0x00, 0x00, 0x34, 0xFF,
    0x00, 0x00, 0x34, 0xFF, 0x00, 0x00, 0x34, 0xFF, 0x00, 0x00, 0x34, 0xFF, 0x00, 0x00, 0x34, 0xFF,
    0x00, 0x00, 0x34, 0xFF, 0x00, 0x00, 0x34, 0xFF, 0x00, 0x00, 0x34, 0xFF, 0x00, 0x00, 0x34, 0xFF,
    0x00, 0x00, 0x34, 0xFF, 0x00, 0x00, 0x34, 0xFF, 0x00, 0x00, 0x34, 0xFF, 0x00, 0x00, 0x03, 0xFF,
    0xA6, 0xA6, 0xAA, 0xFF, 0xF1, 0xF1, 0xF1, 0xFF, 0xEE, 0xEE, 0xEE, 0xFF, 0xE6, 0xE6, 0xE6, 0xEA,
    0xE5, 0xE5, 0xE6, 0xE9, 0xEE, 0xEE, 0xEE, 0xFF, 0xF1, 0xF1, 0xF1, 0xFF, 0xA9, 0xA9, 0xAC, 0xFF,
    0x00, 0x00, 0x02, 0xFF, 0x00, 0x00, 0x34, 0xFF, 0x00, 0x00, 0x34, 0xFF, 0x00, 0x00, 0x34, 0xFF,
    0x01, 0x01, 0x34, 0xFF, 0x00, 0x00, 0x0A, 0xFF, 0x97, 0x97, 0x9C, 0xFF, 0xF1, 0xF1, 0xF1, 0xFF,
    0xED, 0xED, 0xED, 0xFF, 0xED, 0xED, 0xED, 0xFF, 0xED, 0xED, 0xED, 0xFF, 0xED, 0xED, 0xED, 0xFF,
    0xED, 0xED, 0xED, 0xFF, 0xED, 0xED, 0xED, 0xFF, 0xED, 0xED, 0xED, 0xFF, 0xED, 0xED, 0xED, 0xFF,
    0xF0, 0xF0, 0xF0, 0xFF, 0xCD, 0xCD, 0xCF, 0xFF, 0x00, 0x00, 0x25, 0xFF, 0x00, 0x00, 0x33, 0xFF,
    0x00, 0x00, 0x34, 0xFF, 0x00, 0x00, 0x34, 0xFF, 0x00, 0x00, 0x2D, 0xFF, 0x37, 0x37, 0x4B, 0xFF,
    0xDF, 0xDF, 0xE0, 0xFF, 0xEF, 0xEF, 0xEF, 0xFF, 0xED, 0xED, 0xED, 0xFF, 0xED, 0xED, 0xED, 0xFF,
    0xED, 0xED, 0xED, 0xFF, 0xED, 0xED, 0xED, 0xFF, 0xED, 0xED, 0xED, 0xFF, 0xED, 0xED, 0xED, 0xFF,
    0xED, 0xED, 0xED, 0xFF, 0xED, 0xED, 0xED, 0xFF, 0xED, 0xED, 0xED, 0xFF, 0xEE, 0xEE, 0xEE, 0xFF,
    0xE5, 0xE5, 0xE5, 0xFF, 0x4D, 0x4D, 0x5C, 0xFF, 0x00, 0x00, 0x2A, 0xFF, 0x00, 0x00, 0x34, 0xFF,
    0x00, 0x00, 0x34, 0xFF, 0x00, 0x00, 0x34, 0xFF, 0x00, 0x00, 0x15, 0xFF, 0xC3, 0xC3, 0xC6, 0xFF,
    0xF1, 0xF1, 0xF1, 0xFF, 0xED, 0xED, 0xED, 0xFF, 0xED, 0xED, 0xED, 0xFF, 0xED, 0xED, 0xED, 0xFF,
    0xED, 0xED, 0xED, 0xFF, 0xED, 0xED, 0xED, 0xFF, 0xED, 0xED, 0xED, 0xFF, 0xED, 0xED, 0xED, 0xFF,
    0xED, 0xED, 0xED, 0xFF, 0xEF, 0xEF, 0xEF, 0xFF, 0x84, 0x84, 0x8B, 0xFF, 0x00, 0x00, 0x16, 0xFF,
    0x00, 0x00, 0x34, 0xFF, 0x00, 0x00, 0x34, 0xFF, 0x00, 0x00, 0x34, 0xFF, 0x00, 0x00, 0x34, 0xFF,
    0x00, 0x00, 0x03, 0xFF, 0xB5, 0xB5, 0xB7, 0xFF, 0xF1, 0xF1, 0xF1, 0xFF, 0xF0, 0xF0, 0xEF, 0xFF,
    0xD7, 0xD7, 0xD9, 0xFF, 0x0E, 0x0E, 0x38, 0xFF, 0x00, 0x00, 0x31, 0xFF, 0x00, 0x00, 0x34, 0xFF,
    0x00, 0x00, 0x34, 0xFF, 0x00, 0x00, 0x34, 0xFF, 0x00, 0x00, 0x34, 0xFF, 0x00, 0x00, 0x34, 0xFF,
    0x00, 0x00, 0x28, 0xFF, 0x57, 0x57, 0x63, 0xFF, 0xE7, 0xE7, 0xE8, 0xFF, 0xEE, 0xEE, 0xEE, 0xFF,
    0xED, 0xED, 0xED, 0xFF, 0xED, 0xED, 0xED, 0xFF, 0xED, 0xED, 0xED, 0xFF, 0xF1, 0xF1, 0xF1, 0xFF,
    0xA0, 0xA0, 0xA5, 0xFF, 0x00, 0x00, 0x06, 0xFF, 0x00, 0x00, 0x34, 0xFF, 0x00, 0x00, 0x34, 0xFF,
    0x00, 0x00, 0x34, 0xFF, 0x00, 0x00, 0x34, 0xFF, 0x00, 0x00, 0x34, 0xFF, 0x00, 0x00, 0x34, 0xFF,
    0x02, 0x02, 0x34, 0xFF, 0x00, 0x00, 0x2C, 0xFF, 0x00, 0x00, 0x25, 0xFF, 0x00, 0x00, 0x26, 0xFF,
    0x00, 0x00, 0x26, 0xFF, 0x00, 0x00, 0x25, 0xFF, 0x00, 0x00, 0x25, 0xFF, 0x00, 0x00, 0x25, 0xFF,
    0x00, 0x00, 0x27, 0xFF, 0x00, 0x00, 0x2D, 0xFF, 0x00, 0x00, 0x33, 0xFF, 0x00, 0x00, 0x34, 0xFF,
    0x00, 0x00, 0x34, 0xFF, 0x00, 0x00, 0x34, 0xFF, 0x00, 0x00, 0x34, 0xFF, 0x00, 0x00, 0x34, 0xFF,
    0x00, 0x00, 0x34, 0xFF, 0x00, 0x00, 0x34, 0xFF, 0x02, 0x02, 0x35, 0xFF, 0x00, 0x00, 0x0F, 0xFF,
    0x7D, 0x7D, 0x84, 0xFF, 0xED, 0xED, 0xED, 0xFF, 0xED, 0xED, 0xED, 0xFF, 0xED, 0xED, 0xED, 0xFF,
    0xEB, 0xEB, 0xEB, 0xF9, 0xED, 0xED, 0xED, 0xFF, 0xF0, 0xF0, 0xF0, 0xFF, 0xD1, 0xD1, 0xD3, 0xFF,
    0x00, 0x00, 0x2B, 0xFF, 0x00, 0x00, 0x32, 0xFF, 0x00, 0x00, 0x34, 0xFF, 0x00, 0x00, 0x34, 0xFF,
    0x00, 0x00, 0x34, 0xFF, 0x00, 0x00, 0x34, 0xFF, 0x00, 0x00, 0x34, 0xFF, 0x00, 0x00, 0x34, 0xFF,
    0x00, 0x00, 0x34, 0xFF, 0x00, 0x00, 0x34, 0xFF, 0x00, 0x00, 0x34, 0xFF, 0x00, 0x00, 0x34, 0xFF,
    0x00, 0x00, 0x34, 0xFF, 0x00, 0x00, 0x34, 0xFF, 0x00, 0x00, 0x34, 0xFF, 0x00, 0x00, 0x34, 0xFF,
    0x00, 0x00, 0x34, 0xFF, 0x00, 0x00, 0x34, 0xFF, 0x00, 0x00, 0x34, 0xFF, 0x00, 0x00, 0x34, 0xFF,
    0x00, 0x00, 0x34, 0xFF, 0x00, 0x00, 0x34, 0xFF, 0x00, 0x00, 0x34, 0xFF, 0x00, 0x00, 0x2B, 0xFF,
    0x45, 0x45, 0x55, 0xFF, 0xE3, 0xE3, 0xE3, 0xFF, 0xEF, 0xEF, 0xEE, 0xFF, 0xED, 0xED, 0xED, 0xFF,
    0xED, 0xED, 0xED, 0xFF, 0xF1, 0xF1, 0xF1, 0xFF, 0xC5, 0xC5, 0xC7, 0xFF, 0x00, 0x00, 0x17, 0xFF,
    0x00, 0x00, 0x34, 0xFF, 0x00, 0x00, 0x34, 0xFF, 0x00, 0x00, 0x34, 0xFF, 0x00, 0x00, 0x34, 0xFF,
    0x00, 0x00, 0x34, 0xFF, 0x00, 0x00, 0x34, 0xFF, 0x00, 0x00, 0x1B, 0xFF, 0x7B, 0x7B, 0x82, 0xFF,
    0xEE, 0xEE, 0xEE, 0xFF, 0xEE, 0xEE, 0xED, 0xFF, 0xEB, 0xEB, 0xEB, 0xFE, 0xD6, 0xD6, 0xD7, 0x33,
    0x00, 0x00, 0x00, 0x00, 0x00, 0x00, 0x00, 0x00, 0x00, 0x00, 0x00, 0x00, 0x00, 0x00, 0x00, 0x00,
    0x00, 0x00, 0x00, 0x00, 0x00, 0x00, 0x00, 0x00, 0x00, 0x00, 0x00, 0x00, 0x00, 0x00, 0x00, 0x00,
    0x00, 0x00, 0x00, 0x00, 0x00, 0x00, 0x00, 0x00, 0x00, 0x00, 0x00, 0x00, 0xE5, 0xE5, 0xE6, 0xAD,
    0xED, 0xED, 0xED, 0xFF, 0xF0, 0xF0, 0xF0, 0xFF, 0xCA, 0xCA, 0xCC, 0xFF, 0x00, 0x00, 0x1F, 0xFF,
    0x00, 0x00, 0x33, 0xFF, 0x00, 0x00, 0x34, 0xFF, 0x00, 0x00, 0x34, 0xFF, 0x00, 0x00, 0x34, 0xFF,
    0x00, 0x00, 0x34, 0xFF, 0x00, 0x00, 0x34, 0xFF, 0x00, 0x00, 0x1F, 0xFF, 0x73, 0x73, 0x7B, 0xFF,
    0xED, 0xED, 0xED, 0xFF, 0xEE, 0xEE, 0xEE, 0xFF, 0xEC, 0xEC, 0xEC, 0xFF, 0xD8, 0xD8, 0xDA, 0x36,
    0xEE, 0xEE, 0xEE, 0x8A, 0xED, 0xED, 0xED, 0xFF, 0xED, 0xED, 0xED, 0xFF, 0xF1, 0xF1, 0xF1, 0xFF,
    0xBD, 0xBD, 0xBF, 0xFF, 0x00, 0x00, 0x23, 0xFF, 0x00, 0x00, 0x2D, 0xFF, 0x02, 0x02, 0x34, 0xFF,
    0x00, 0x00, 0x34, 0xFF, 0x00, 0x00, 0x34, 0xFF, 0x00, 0x00, 0x34, 0xFF, 0x00, 0x00, 0x34, 0xFF,
    0x00, 0x00, 0x34, 0xFF, 0x00, 0x00, 0x34, 0xFF, 0x00, 0x00, 0x34, 0xFF, 0x00, 0x00, 0x34, 0xFF,
    0x00, 0x00, 0x34, 0xFF, 0x00, 0x00, 0x33, 0xFF, 0x00, 0x00, 0x33, 0xFF, 0x00, 0x00, 0x32, 0xFF,
    0x00, 0x00, 0x33, 0xFF, 0x00, 0x00, 0x34, 0xFF, 0x00, 0x00, 0x34, 0xFF, 0x00, 0x00, 0x34, 0xFF,
    0x00, 0x00, 0x34, 0xFF, 0x00, 0x00, 0x34, 0xFF, 0x00, 0x00, 0x34, 0xFF, 0x00, 0x00, 0x34, 0xFF,
    0x00, 0x00, 0x34, 0xFF, 0x01, 0x01, 0x34, 0xFF, 0x00, 0x00, 0x30, 0xFF, 0x00, 0x00, 0x00, 0xFF,
    0xBE, 0xBE, 0xC1, 0xFF, 0xF1, 0xF1, 0xF0, 0xFF, 0xED, 0xED, 0xED, 0xFF, 0xED, 0xED, 0xED, 0xFF,
    0xF1, 0xF1, 0xF0, 0xFF, 0xC9, 0xC9, 0xCA, 0xFF, 0x00, 0x00, 0x1C, 0xFF, 0x00, 0x00, 0x33, 0xFF,
    0x00, 0x00, 0x34, 0xFF, 0x00, 0x00, 0x34, 0xFF, 0x00, 0x00, 0x34, 0xFF, 0x00, 0x00, 0x34, 0xFF,
    0x00, 0x00, 0x34, 0xFF, 0x00, 0x00, 0x1E, 0xFF, 0x75, 0x75, 0x7E, 0xFF, 0xED, 0xED, 0xED, 0xFF,
    0xEE, 0xEE, 0xED, 0xFF, 0xEC, 0xEC, 0xEC, 0xFF, 0xDB, 0xDB, 0xDC, 0x3A, 0x00, 0x00, 0x00, 0x00,
    0x00, 0x00, 0x00, 0x00, 0x00, 0x00, 0x00, 0x00, 0x00, 0x00, 0x00, 0x00, 0xDA, 0xDA, 0xDB, 0x37,
    0xEC, 0xEC, 0xEC, 0xFF, 0xEE, 0xEE, 0xED, 0xFF, 0xEE, 0xEE, 0xEE, 0xFF, 0x79, 0x79, 0x81, 0xFF,
    0x00, 0x00, 0x1C, 0xFF, 0x00, 0x00, 0x34, 0xFF, 0x00, 0x00, 0x34, 0xFF, 0x00, 0x00, 0x34, 0xFF,
    0x00, 0x00, 0x34, 0xFF, 0x00, 0x00, 0x34, 0xFF, 0x00, 0x00, 0x33, 0xFF, 0x00, 0x00, 0x19, 0xFF,
    0xC7, 0xC7, 0xC9, 0xFF, 0xF1, 0xF1, 0xF1, 0xFF, 0xF0, 0xF0, 0xF0, 0xFF, 0xCB, 0xCB, 0xCC, 0xFF,
    0x00, 0x00, 0x1F, 0xFF, 0x00, 0x00, 0x33, 0xFF, 0x00, 0x00, 0x34, 0xFF, 0x00, 0x00, 0x34, 0xFF,
    0x00, 0x00, 0x34, 0xFF, 0x00, 0x00, 0x34, 0xFF, 0x00, 0x00, 0x34, 0xFF, 0x00, 0x00, 0x34, 0xFF,
    0x00, 0x00, 0x34, 0xFF, 0x00, 0x00, 0x34, 0xFF, 0x00, 0x00, 0x34, 0xFF, 0x00, 0x00, 0x34, 0xFF,
    0x00, 0x00, 0x34, 0xFF, 0x00, 0x00, 0x34, 0xFF, 0x00, 0x00, 0x34, 0xFF, 0x00, 0x00, 0x34, 0xFF,
    0x00, 0x00, 0x34, 0xFF, 0x00, 0x00, 0x34, 0xFF, 0x00, 0x00, 0x34, 0xFF, 0x00, 0x00, 0x34, 0xFF,
    0x00, 0x00, 0x34, 0xFF, 0x00, 0x00, 0x34, 0xFF, 0x00, 0x00, 0x34, 0xFF, 0x00, 0x00, 0x34, 0xFF,
    0x00, 0x00, 0x34, 0xFF, 0x00, 0x00, 0x34, 0xFF, 0x00, 0x00, 0x34, 0xFF, 0x00, 0x00, 0x03, 0xFF,
    0xA6, 0xA6, 0xAA, 0xFF, 0xF1, 0xF1, 0xF1, 0xFF, 0xEE, 0xEE, 0xEE, 0xFF, 0xE5, 0xE5, 0xE6, 0xE9,
    0xE5, 0xE5, 0xE6, 0xEA, 0xEE, 0xEE, 0xEE, 0xFF, 0xF1, 0xF1, 0xF1, 0xFF, 0xA9, 0xA9, 0xAC, 0xFF,
    0x00, 0x00, 0x02, 0xFF, 0x00, 0x00, 0x34, 0xFF, 0x00, 0x00, 0x34, 0xFF, 0x00, 0x00, 0x34, 0xFF,
    0x00, 0x00, 0x34, 0xFF, 0x00, 0x00, 0x28, 0xFF, 0x54, 0x54, 0x61, 0xFF, 0xE6, 0xE6, 0xE7, 0xFF,
    0xEE, 0xEE, 0xEE, 0xFF, 0xED, 0xED, 0xED, 0xFF, 0xED, 0xED, 0xED, 0xFF, 0xED, 0xED, 0xED, 0xFF,
    0xED, 0xED, 0xED, 0xFF, 0xED, 0xED, 0xED, 0xFF, 0xED, 0xED, 0xED, 0xFF, 0xED, 0xED, 0xED, 0xFF,
    0xEE, 0xEE, 0xEE, 0xFF, 0xE6, 0xE6, 0xE6, 0xFF, 0x52, 0x52, 0x5F, 0xFF, 0x00, 0x00, 0x29, 0xFF,
    0x00, 0x00, 0x34, 0xFF, 0x00, 0x00, 0x34, 0xFF, 0x00, 0x00, 0x16, 0xFF, 0x84, 0x84, 0x8B, 0xFF,
    0xEF, 0xEF, 0xEF, 0xFF, 0xED, 0xED, 0xED, 0xFF, 0xED, 0xED, 0xED, 0xFF, 0xED, 0xED, 0xED, 0xFF,
    0xED, 0xED, 0xED, 0xFF, 0xED, 0xED, 0xED, 0xFF, 0xED, 0xED, 0xED, 0xFF, 0xED, 0xED, 0xED, 0xFF,
    0xED, 0xED, 0xED, 0xFF, 0xED, 0xED, 0xED, 0xFF, 0xED, 0xED, 0xED, 0xFF, 0xED, 0xED, 0xED, 0xFF,
    0xF0, 0xF0, 0xF0, 0xFF, 0x94, 0x94, 0x99, 0xFF, 0x00, 0x00, 0x0C, 0xFF, 0x01, 0x01, 0x34, 0xFF,
    0x00, 0x00, 0x34, 0xFF, 0x00, 0x00, 0x2D, 0xFF, 0x3C, 0x3C, 0x4F, 0xFF, 0xE1, 0xE1, 0xE1, 0xFF,
    0xEF, 0xEF, 0xEF, 0xFF, 0xED, 0xED, 0xED, 0xFF, 0xED, 0xED, 0xED, 0xFF, 0xED, 0xED, 0xED, 0xFF,
    0xED, 0xED, 0xED, 0xFF, 0xED, 0xED, 0xED, 0xFF, 0xED, 0xED, 0xED, 0xFF, 0xED, 0xED, 0xED, 0xFF,
    0xEF, 0xEF, 0xEF, 0xFF, 0xE0, 0xE0, 0xE1, 0xFF, 0x39, 0x39, 0x4D, 0xFF, 0x00, 0x00, 0x2D, 0xFF,
    0x00, 0x00, 0x34, 0xFF, 0x00, 0x00, 0x34, 0xFF, 0x00, 0x00, 0x34, 0xFF, 0x00, 0x00, 0x34, 0xFF,
    0x00, 0x00, 0x03, 0xFF, 0xB5, 0xB5, 0xB7, 0xFF, 0xF1, 0xF1, 0xF1, 0xFF, 0xF0, 0xF0, 0xEF, 0xFF,
    0xD7, 0xD7, 0xD9, 0xFF, 0x0E, 0x0E, 0x38, 0xFF, 0x00, 0x00, 0x31, 0xFF, 0x00, 0x00, 0x34, 0xFF,
    0x00, 0x00, 0x34, 0xFF, 0x00, 0x00, 0x34, 0xFF, 0x00, 0x00, 0x34, 0xFF, 0x00, 0x00, 0x34, 0xFF,
    0x00, 0x00, 0x28, 0xFF, 0x57, 0x57, 0x63, 0xFF, 0xE7, 0xE7, 0xE8, 0xFF, 0xEE, 0xEE, 0xEE, 0xFF,
    0xED, 0xED, 0xED, 0xFF, 0xED, 0xED, 0xED, 0xFF, 0xED, 0xED, 0xED, 0xFF, 0xF1, 0xF1, 0xF1, 0xFF,
    0xA0, 0xA0, 0xA5, 0xFF, 0x00, 0x00, 0x06, 0xFF, 0x00, 0x00, 0x34, 0xFF, 0x00, 0x00, 0x34, 0xFF,
    0x00, 0x00, 0x34, 0xFF, 0x00, 0x00, 0x34, 0xFF, 0x00, 0x00, 0x34, 0xFF, 0x00, 0x00, 0x34, 0xFF,
    0x00, 0x00, 0x30, 0xFF, 0x47, 0x47, 0x57, 0xFF, 0x60, 0x60, 0x6C, 0xFF, 0x5E, 0x5E, 0x6A, 0xFF,
    0x5F, 0x5F, 0x6A, 0xFF, 0x5F, 0x5F, 0x6A, 0xFF, 0x5F, 0x5F, 0x6A, 0xFF, 0x5F, 0x5F, 0x6B, 0xFF,
    0x59, 0x59, 0x66, 0xFF, 0x39, 0x39, 0x4D, 0xFF, 0x00, 0x00, 0x1B, 0xFF, 0x00, 0x00, 0x25, 0xFF,
    0x04, 0x04, 0x35, 0xFF, 0x00, 0x00, 0x34, 0xFF, 0x00, 0x00, 0x34, 0xFF, 0x00, 0x00, 0x34, 0xFF,
    0x00, 0x00, 0x34, 0xFF, 0x00, 0x00, 0x34, 0xFF, 0x00, 0x00, 0x34, 0xFF, 0x00, 0x00, 0x31, 0xFF,
    0x09, 0x09, 0x36, 0xFF, 0xD7, 0xD7, 0xD8, 0xFF, 0xF0, 0xF0, 0xEF, 0xFF, 0xED, 0xED, 0xED, 0xFF,
    0xED, 0xED, 0xED, 0xFF, 0xED, 0xED, 0xED, 0xFF, 0xF0, 0xF0, 0xF0, 0xFF, 0xD1, 0xD1, 0xD3, 0xFF,
    0x00, 0x00, 0x2B, 0xFF, 0x00, 0x00, 0x32, 0xFF, 0x00, 0x00, 0x34, 0xFF, 0x00, 0x00, 0x34, 0xFF,
    0x00, 0x00, 0x34, 0xFF, 0x00, 0x00, 0x34, 0xFF, 0x00, 0x00, 0x34, 0xFF, 0x03, 0x03, 0x35, 0xFF,
    0x00, 0x00, 0x2E, 0xFF, 0x00, 0x00, 0x0F, 0xFF, 0x00, 0x00, 0x10, 0xFF, 0x00, 0x00, 0x10, 0xFF,
    0x00, 0x00, 0x10, 0xFF, 0x00, 0x00, 0x10, 0xFF, 0x00, 0x00, 0x10, 0xFF, 0x00, 0x00, 0x10, 0xFF,
    0x00, 0x00, 0x10, 0xFF, 0x00, 0x00, 0x10, 0xFF, 0x00, 0x00, 0x10, 0xFF, 0x00, 0x00, 0x10, 0xFF,
    0x00, 0x00, 0x10, 0xFF, 0x00, 0x00, 0x10, 0xFF, 0x00, 0x00, 0x10, 0xFF, 0x00, 0x00, 0x00, 0xFF,
    0x31, 0x31, 0x47, 0xFF, 0xE3, 0xE3, 0xE3, 0xFF, 0xEF, 0xEF, 0xEF, 0xFF, 0xED, 0xED, 0xED, 0xFF,
    0xED, 0xED, 0xED, 0xFF, 0xF1, 0xF1, 0xF1, 0xFF, 0xC5, 0xC5, 0xC7, 0xFF, 0x00, 0x00, 0x17, 0xFF,
    0x00, 0x00, 0x34, 0xFF, 0x00, 0x00, 0x34, 0xFF, 0x00, 0x00, 0x34, 0xFF, 0x00, 0x00, 0x34, 0xFF,
    0x00, 0x00, 0x34, 0xFF, 0x00, 0x00, 0x34, 0xFF, 0x00, 0x00, 0x1B, 0xFF, 0x7B, 0x7B, 0x82, 0xFF,
    0xEE, 0xEE, 0xEE, 0xFF, 0xED, 0xED, 0xED, 0xFF, 0xEB, 0xEB, 0xEB, 0xFE, 0xD6, 0xD6, 0xD8, 0x33,
    0x00, 0x00, 0x00, 0x00, 0x00, 0x00, 0x00, 0x00, 0x00, 0x00, 0x00, 0x00, 0x00, 0x00, 0x00, 0x00,
    0x00, 0x00, 0x00, 0x00, 0x00, 0x00, 0x00, 0x00, 0x00, 0x00, 0x00, 0x00, 0x00, 0x00, 0x00, 0x00,
    0x00, 0x00, 0x00, 0x00, 0x00, 0x00, 0x00, 0x00, 0x00, 0x00, 0x00, 0x00, 0xE5, 0xE5, 0xE6, 0xAD,
    0xED, 0xED, 0xED, 0xFF, 0xF0, 0xF0, 0xF0, 0xFF, 0xCA, 0xCA, 0xCC, 0xFF, 0x00, 0x00, 0x1F, 0xFF,
    0x00, 0x00, 0x33, 0xFF, 0x00, 0x00, 0x34, 0xFF, 0x00, 0x00, 0x34, 0xFF, 0x00, 0x00, 0x34, 0xFF,
    0x00, 0x00, 0x34, 0xFF, 0x00, 0x00, 0x34, 0xFF, 0x00, 0x00, 0x1F, 0xFF, 0x73, 0x73, 0x7B, 0xFF,
    0xED, 0xED, 0xED, 0xFF, 0xEE, 0xEE, 0xEE, 0xFF, 0xEC, 0xEC, 0xEC, 0xFB, 0xE3, 0xE3, 0xE4, 0x77,
    0xED, 0xED, 0xED, 0xF6, 0xED, 0xED, 0xED, 0xFF, 0xF0, 0xF0, 0xF0, 0xFF, 0xD3, 0xD3, 0xD4, 0xFF,
    0x20, 0x20, 0x3F, 0xFF, 0x00, 0x00, 0x2A, 0xFF, 0x02, 0x02, 0x34, 0xFF, 0x00, 0x00, 0x34, 0xFF,
    0x00, 0x00, 0x34, 0xFF, 0x00, 0x00, 0x34, 0xFF, 0x00, 0x00, 0x34, 0xFF, 0x00, 0x00, 0x34, 0xFF,
    0x00, 0x00, 0x34, 0xFF, 0x01, 0x01, 0x34, 0xFF, 0x00, 0x00, 0x31, 0xFF, 0x00, 0x00, 0x1D, 0xFF,
    0x00, 0x00, 0x03, 0xFF, 0x00, 0x00, 0x18, 0xFF, 0x00, 0x00, 0x29, 0xFF, 0x00, 0x00, 0x29, 0xFF,
    0x00, 0x00, 0x18, 0xFF, 0x00, 0x00, 0x03, 0xFF, 0x00, 0x00, 0x1E, 0xFF, 0x00, 0x00, 0x31, 0xFF,
    0x01, 0x01, 0x34, 0xFF, 0x00, 0x00, 0x34, 0xFF, 0x00, 0x00, 0x34, 0xFF, 0x00, 0x00, 0x34, 0xFF,
    0x01, 0x01, 0x34, 0xFF, 0x00, 0x00, 0x30, 0xFF, 0x00, 0x00, 0x0F, 0xFF, 0x9E, 0x9E, 0xA3, 0xFF,
    0xEA, 0xEA, 0xEA, 0xFF, 0xEE, 0xEE, 0xEE, 0xFF, 0xED, 0xED, 0xED, 0xFF, 0xED, 0xED, 0xED, 0xFF,
    0xF1, 0xF1, 0xF0, 0xFF, 0xC9, 0xC9, 0xCA, 0xFF, 0x00, 0x00, 0x1C, 0xFF, 0x00, 0x00, 0x33, 0xFF,
    0x00, 0x00, 0x34, 0xFF, 0x00, 0x00, 0x34, 0xFF, 0x00, 0x00, 0x34, 0xFF, 0x00, 0x00, 0x34, 0xFF,
    0x00, 0x00, 0x34, 0xFF, 0x00, 0x00, 0x1E, 0xFF, 0x75, 0x75, 0x7E, 0xFF, 0xED, 0xED, 0xED, 0xFF,
    0xEE, 0xEE, 0xEE, 0xFF, 0xEC, 0xEC, 0xEC, 0xFF, 0xDA, 0xDA, 0xDC, 0x3A, 0x00, 0x00, 0x00, 0x00,
    0x00, 0x00, 0x00, 0x00, 0x00, 0x00, 0x00, 0x00, 0x00, 0x00, 0x00, 0x00, 0xDA, 0xDA, 0xDB, 0x38,
    0xEC, 0xEC, 0xEC, 0xFF, 0xED, 0xED, 0xED, 0xFF, 0xEE, 0xEE, 0xEE, 0xFF, 0x79, 0x79, 0x81, 0xFF,
    0x00, 0x00, 0x1C, 0xFF, 0x00, 0x00, 0x34, 0xFF, 0x00, 0x00, 0x34, 0xFF, 0x00, 0x00, 0x34, 0xFF,
    0x00, 0x00, 0x34, 0xFF, 0x00, 0x00, 0x34, 0xFF, 0x00, 0x00, 0x33, 0xFF, 0x00, 0x00, 0x19, 0xFF,
    0xC7, 0xC7, 0xC9, 0xFF, 0xF1, 0xF1, 0xF0, 0xFF, 0xF1, 0xF1, 0xF0, 0xFF, 0xC9, 0xC9, 0xCB, 0xFF,
    0x00, 0x00, 0x00, 0xFF, 0x00, 0x00, 0x00, 0xFF, 0x00, 0x00, 0x03, 0xFF, 0x00, 0x00, 0x03, 0xFF,
    0x00, 0x00, 0x04, 0xFF, 0x00, 0x00, 0x04, 0xFF, 0x00, 0x00, 0x03, 0xFF, 0x00, 0x00, 0x03, 0xFF,
    0x00, 0x00, 0x00, 0xFF, 0x00, 0x00, 0x20, 0xFF, 0x04, 0x04, 0x35, 0xFF, 0x00, 0x00, 0x34, 0xFF,
    0x00, 0x00, 0x34, 0xFF, 0x00, 0x00, 0x34, 0xFF, 0x00, 0x00, 0x34, 0xFF, 0x00, 0x00, 0x34, 0xFF,
    0x00, 0x00, 0x34, 0xFF, 0x04, 0x04, 0x35, 0xFF, 0x00, 0x00, 0x2B, 0xFF, 0x00, 0x00, 0x01, 0xFF,
    0x00, 0x00, 0x03, 0xFF, 0x00, 0x00, 0x03, 0xFF, 0x00, 0x00, 0x04, 0xFF, 0x00, 0x00, 0x04, 0xFF,
    0x00, 0x00, 0x03, 0xFF, 0x00, 0x00, 0x03, 0xFF, 0x00, 0x00, 0x03, 0xFF, 0x00, 0x00, 0x00, 0xFF,
    0xA2, 0xA2, 0xA6, 0xFF, 0xF1, 0xF1, 0xF1, 0xFF, 0xEE, 0xEE, 0xEE, 0xFF, 0xE5, 0xE5, 0xE5, 0xE9,
    0xE5, 0xE5, 0xE6, 0xEA, 0xEE, 0xEE, 0xEE, 0xFF, 0xF1, 0xF1, 0xF1, 0xFF, 0xA9, 0xA9, 0xAC, 0xFF,
    0x00, 0x00, 0x02, 0xFF, 0x00, 0x00, 0x34, 0xFF, 0x00, 0x00, 0x34, 0xFF, 0x00, 0x00, 0x34, 0xFF,
    0x00, 0x00, 0x34, 0xFF, 0x00, 0x00, 0x33, 0xFF, 0x00, 0x00, 0x21, 0xFF, 0xCB, 0xCB, 0xCD, 0xFF,
    0xF0, 0xF0, 0xF0, 0xFF, 0xED, 0xED, 0xED, 0xFF, 0xED, 0xED, 0xED, 0xFF, 0xED, 0xED, 0xED, 0xFF,
    0xED, 0xED, 0xED, 0xFF, 0xED, 0xED, 0xED, 0xFF, 0xED, 0xED, 0xED, 0xFF, 0xED, 0xED, 0xED, 0xFF,
    0xED, 0xED, 0xED, 0xFF, 0xF0, 0xF0, 0xF0, 0xFF, 0x90, 0x90, 0x96, 0xFF, 0x00, 0x00, 0x0F, 0xFF,
    0x00, 0x00, 0x34, 0xFF, 0x00, 0x00, 0x34, 0xFF, 0x00, 0x00, 0x0A, 0xFF, 0xBC, 0xBC, 0xBE, 0xFF,
    0xF1, 0xF1, 0xF1, 0xFF, 0xED, 0xED, 0xED, 0xFF, 0xED, 0xED, 0xED, 0xFF, 0xED, 0xED, 0xED, 0xFF,
    0xED, 0xED, 0xED, 0xFF, 0xED, 0xED, 0xED, 0xFF, 0xED, 0xED, 0xED, 0xFF, 0xED, 0xED, 0xED, 0xFF,
    0xED, 0xED, 0xED, 0xFF, 0xED, 0xED, 0xED, 0xFF, 0xED, 0xED, 0xED, 0xFF, 0xED, 0xED, 0xED, 0xFF,
    0xF1, 0xF1, 0xF1, 0xFF, 0xC7, 0xC7, 0xC9, 0xFF, 0x00, 0x00, 0x1B, 0xFF, 0x00, 0x00, 0x33, 0xFF,
    0x00, 0x00, 0x34, 0xFF, 0x00, 0x00, 0x19, 0xFF, 0x80, 0x80, 0x87, 0xFF, 0xEE, 0xEE, 0xEE, 0xFF,
    0xED, 0xED, 0xED, 0xFF, 0xED, 0xED, 0xED, 0xFF, 0xED, 0xED, 0xED, 0xFF, 0xED, 0xED, 0xED, 0xFF,
    0xED, 0xED, 0xED, 0xFF, 0xED, 0xED, 0xED, 0xFF, 0xED, 0xED, 0xED, 0xFF, 0xED, 0xED, 0xED, 0xFF,
    0xF1, 0xF1, 0xF1, 0xFF, 0xBE, 0xBE, 0xC1, 0xFF, 0x00, 0x00, 0x0D, 0xFF, 0x00, 0x00, 0x34, 0xFF,
    0x00, 0x00, 0x34, 0xFF, 0x00, 0x00, 0x34, 0xFF, 0x00, 0x00, 0x34, 0xFF, 0x00, 0x00, 0x34, 0xFF,
    0x00, 0x00, 0x03, 0xFF, 0xB5, 0xB5, 0xB7, 0xFF, 0xF1, 0xF1, 0xF1, 0xFF, 0xF0, 0xF0, 0xEF, 0xFF,
    0xD7, 0xD7, 0xD9, 0xFF, 0x0E, 0x0E, 0x38, 0xFF, 0x00, 0x00, 0x31, 0xFF, 0x00, 0x00, 0x34, 0xFF,
    0x00, 0x00, 0x34, 0xFF, 0x00, 0x00, 0x34, 0xFF, 0x00, 0x00, 0x34, 0xFF, 0x00, 0x00, 0x34, 0xFF,
    0x00, 0x00, 0x28, 0xFF, 0x57, 0x57, 0x63, 0xFF, 0xE7, 0xE7, 0xE8, 0xFF, 0xEE, 0xEE, 0xEE, 0xFF,
    0xED, 0xED, 0xED, 0xFF, 0xED, 0xED, 0xED, 0xFF, 0xED, 0xED, 0xED, 0xFF, 0xF1, 0xF1, 0xF1, 0xFF,
    0xA0, 0xA0, 0xA5, 0xFF, 0x00, 0x00, 0x06, 0xFF, 0x00, 0x00, 0x34, 0xFF, 0x00, 0x00, 0x34, 0xFF,
    0x00, 0x00, 0x34, 0xFF, 0x00, 0x00, 0x34, 0xFF, 0x00, 0x00, 0x34, 0xFF, 0x00, 0x00, 0x34, 0xFF,
    0x00, 0x00, 0x09, 0xFF, 0xB4, 0xB4, 0xB7, 0xFF, 0xED, 0xED, 0xED, 0xFF, 0xE9, 0xE9, 0xE9, 0xFF,
    0xE9, 0xE9, 0xE9, 0xFF, 0xE9, 0xE9, 0xE9, 0xFF, 0xE9, 0xE9, 0xE9, 0xFF, 0xE9, 0xE9, 0xE9, 0xFF,
    0xE8, 0xE8, 0xE8, 0xFF, 0xE1, 0xE1, 0xE1, 0xFF, 0xC3, 0xC3, 0xC5, 0xFF, 0x5F, 0x5F, 0x6A, 0xFF,
    0x00, 0x00, 0x24, 0xFF, 0x02, 0x02, 0x34, 0xFF, 0x00, 0x00, 0x34, 0xFF, 0x00, 0x00, 0x34, 0xFF,
    0x00, 0x00, 0x34, 0xFF, 0x00, 0x00, 0x34, 0xFF, 0x00, 0x00, 0x34, 0xFF, 0x00, 0x00, 0x34, 0xFF,
    0x00, 0x00, 0x08, 0xFF, 0xBE, 0xBE, 0xC0, 0xFF, 0xF1, 0xF1, 0xF1, 0xFF, 0xED, 0xED, 0xED, 0xFF,
    0xED, 0xED, 0xED, 0xFF, 0xED, 0xED, 0xED, 0xFF, 0xF0, 0xF0, 0xF0, 0xFF, 0xD1, 0xD1, 0xD3, 0xFF,
    0x00, 0x00, 0x2B, 0xFF, 0x00, 0x00, 0x32, 0xFF, 0x00, 0x00, 0x34, 0xFF, 0x00, 0x00, 0x34, 0xFF,
    0x00, 0x00, 0x34, 0xFF, 0x00, 0x00, 0x34, 0xFF, 0x00, 0x00, 0x34, 0xFF, 0x00, 0x00, 0x27, 0xFF,
    0x61, 0x61, 0x6C, 0xFF, 0xC1, 0xC1, 0xC3, 0xFF, 0xC1, 0xC1, 0xC3, 0xFF, 0xC1, 0xC1, 0xC3, 0xFF,
    0xC1, 0xC1, 0xC3, 0xFF, 0xC1, 0xC1, 0xC3, 0xFF, 0xC1, 0xC1, 0xC3, 0xFF, 0xC1, 0xC1, 0xC3, 0xFF,
    0xC1, 0xC1, 0xC3, 0xFF, 0xC1, 0xC1, 0xC3, 0xFF, 0xC1, 0xC1, 0xC3, 0xFF, 0xC1, 0xC1, 0xC3, 0xFF,
    0xC1, 0xC1, 0xC3, 0xFF, 0xC1, 0xC1, 0xC3, 0xFF, 0xC1, 0xC1, 0xC3, 0xFF, 0xC0, 0xC0, 0xC2, 0xFF,
    0xC4, 0xC4, 0xC6, 0xFF, 0xE9, 0xE9, 0xEA, 0xFF, 0xEE, 0xEE, 0xEE, 0xFF, 0xED, 0xED, 0xED, 0xFF,
    0xED, 0xED, 0xED, 0xFF, 0xF1, 0xF1, 0xF1, 0xFF, 0xC5, 0xC5, 0xC7, 0xFF, 0x00, 0x00, 0x17, 0xFF,
    0x00, 0x00, 0x34, 0xFF, 0x00, 0x00, 0x34, 0xFF, 0x00, 0x00, 0x34, 0xFF, 0x00, 0x00, 0x34, 0xFF,
    0x00, 0x00, 0x34, 0xFF, 0x00, 0x00, 0x34, 0xFF, 0x00, 0x00, 0x1B, 0xFF, 0x7B, 0x7B, 0x82, 0xFF,
    0xEE, 0xEE, 0xEE, 0xFF, 0xED, 0xED, 0xED, 0xFF, 0xEB, 0xEB, 0xEB, 0xFE, 0xD7, 0xD7, 0xD8, 0x34,
    0x00, 0x00, 0x00, 0x00, 0x00, 0x00, 0x00, 0x00, 0x00, 0x00, 0x00, 0x00, 0x00, 0x00, 0x00, 0x00,
    0x00, 0x00, 0x00, 0x00, 0x00, 0x00, 0x00, 0x00, 0x00, 0x00, 0x00, 0x00, 0x00, 0x00, 0x00, 0x00,
    0x00, 0x00, 0x00, 0x00, 0x00, 0x00, 0x00, 0x00, 0x00, 0x00, 0x00, 0x00, 0xE6, 0xE6, 0xE6, 0xAD,
    0xED, 0xED, 0xED, 0xFF, 0xF0, 0xF0, 0xF0, 0xFF, 0xCA, 0xCA, 0xCC, 0xFF, 0x00, 0x00, 0x1F, 0xFF,
    0x00, 0x00, 0x33, 0xFF, 0x00, 0x00, 0x34, 0xFF, 0x00, 0x00, 0x34, 0xFF, 0x00, 0x00, 0x34, 0xFF,
    0x00, 0x00, 0x34, 0xFF, 0x00, 0x00, 0x34, 0xFF, 0x00, 0x00, 0x1F, 0xFF, 0x73, 0x73, 0x7B, 0xFF,
    0xED, 0xED, 0xED, 0xFF, 0xEE, 0xEE, 0xEE, 0xFF, 0xEC, 0xEC, 0xEC, 0xFB, 0xEA, 0xEA, 0xEA, 0xE9,
    0xED, 0xED, 0xED, 0xFF, 0xEE, 0xEE, 0xEE, 0xFF, 0xE9, 0xE9, 0xEA, 0xFF, 0x6C, 0x6C, 0x76, 0xFF,
    0x00, 0x00, 0x19, 0xFF, 0x02, 0x02, 0x35, 0xFF, 0x00, 0x00, 0x34, 0xFF, 0x00, 0x00, 0x34, 0xFF,
    0x00, 0x00, 0x34, 0xFF, 0x00, 0x00, 0x34, 0xFF, 0x00, 0x00, 0x34, 0xFF, 0x01, 0x01, 0x34, 0xFF,
    0x00, 0x00, 0x34, 0xFF, 0x00, 0x00, 0x1A, 0xFF, 0x00, 0x00, 0x34, 0xFF, 0x79, 0x79, 0x81, 0xFF,
    0xAD, 0xAD, 0xB0, 0xFF, 0xC6, 0xC6, 0xC8, 0xFF, 0xD0, 0xD0, 0xD1, 0xFF, 0xD0, 0xD0, 0xD1, 0xFF,
    0xC6, 0xC6, 0xC8, 0xFF, 0xAC, 0xAC, 0xB0, 0xFF, 0x76, 0x76, 0x7E, 0xFF, 0x00, 0x00, 0x30, 0xFF,
    0x00, 0x00, 0x1B, 0xFF, 0x00, 0x00, 0x34, 0xFF, 0x01, 0x01, 0x34, 0xFF, 0x02, 0x02, 0x34, 0xFF,
    0x00, 0x00, 0x2D, 0xFF, 0x00, 0x00, 0x20, 0xFF, 0xAC, 0xAC, 0xAF, 0xFF, 0xEF, 0xEF, 0xEF, 0xFF,
    0xEE, 0xEE, 0xEE, 0xFF, 0xEE, 0xEE, 0xEE, 0xFF, 0xEE, 0xEE, 0xEE, 0xFF, 0xED, 0xED, 0xED, 0xFF,
    0xF1, 0xF1, 0xF0, 0xFF, 0xC9, 0xC9, 0xCA, 0xFF, 0x00, 0x00, 0x1C, 0xFF, 0x00, 0x00, 0x33, 0xFF,
    0x00, 0x00, 0x34, 0xFF, 0x00, 0x00, 0x34, 0xFF, 0x00, 0x00, 0x34, 0xFF, 0x00, 0x00, 0x34, 0xFF,
    0x00, 0x00, 0x34, 0xFF, 0x00, 0x00, 0x1E, 0xFF, 0x75, 0x75, 0x7E, 0xFF, 0xED, 0xED, 0xED, 0xFF,
    0xEE, 0xEE, 0xEE, 0xFF, 0xEC, 0xEC, 0xEC, 0xFF, 0xDA, 0xDA, 0xDB, 0x38, 0x00, 0x00, 0x00, 0x00,
    0x00, 0x00, 0x00, 0x00, 0x00, 0x00, 0x00, 0x00, 0x00, 0x00, 0x00, 0x00, 0xD9, 0xD9, 0xDB, 0x36,
    0xEC, 0xEC, 0xEC, 0xFF, 0xED, 0xED, 0xED, 0xFF, 0xEE, 0xEE, 0xEE, 0xFF, 0x79, 0x79, 0x81, 0xFF,
    0x00, 0x00, 0x1C, 0xFF, 0x00, 0x00, 0x34, 0xFF, 0x00, 0x00, 0x34, 0xFF, 0x00, 0x00, 0x34, 0xFF,
    0x00, 0x00, 0x34, 0xFF, 0x00, 0x00, 0x34, 0xFF, 0x00, 0x00, 0x33, 0xFF, 0x00, 0x00, 0x19, 0xFF,
    0xC7, 0xC7, 0xC9, 0xFF, 0xF1, 0xF1, 0xF1, 0xFF, 0xEF, 0xEF, 0xEF, 0xFF, 0xDB, 0xDB, 0xDC, 0xFF,
    0xA3, 0xA3, 0xA7, 0xFF, 0xA5, 0xA5, 0xA9, 0xFF, 0xA5, 0xA5, 0xA9, 0xFF, 0xA5, 0xA5, 0xA9, 0xFF,
    0xA5, 0xA5, 0xA9, 0xFF, 0xA5, 0xA5, 0xA9, 0xFF, 0xA5, 0xA5, 0xA9, 0xFF, 0xA5, 0xA5, 0xA9, 0xFF,
    0xA8, 0xA8, 0xAC, 0xFF, 0x82, 0x82, 0x89, 0xFF, 0x00, 0x00, 0x27, 0xFF, 0x00, 0x00, 0x34, 0xFF,
    0x00, 0x00, 0x34, 0xFF, 0x00, 0x00, 0x34, 0xFF, 0x00, 0x00, 0x34, 0xFF, 0x00, 0x00, 0x34, 0xFF,
    0x00, 0x00, 0x34, 0xFF, 0x00, 0x00, 0x29, 0xFF, 0x5E, 0x5E, 0x69, 0xFF, 0xA7, 0xA7, 0xAB, 0xFF,
    0xA5, 0xA5, 0xA9, 0xFF, 0xA5, 0xA5, 0xA9, 0xFF, 0xA5, 0xA5, 0xA9, 0xFF, 0xA5, 0xA5, 0xA9, 0xFF,
    0xA5, 0xA5, 0xA9, 0xFF, 0xA5, 0xA5, 0xA9, 0xFF, 0xA5, 0xA5, 0xA9, 0xFF, 0xA1, 0xA1, 0xA5, 0xFF,
    0xCA, 0xCA, 0xCB, 0xFF, 0xEF, 0xEF, 0xEF, 0xFF, 0xEE, 0xEE, 0xEE, 0xFF, 0xE5, 0xE5, 0xE5, 0xE9,
    0xE5, 0xE5, 0xE6, 0xEA, 0xEE, 0xEE, 0xEE, 0xFF, 0xF1, 0xF1, 0xF1, 0xFF, 0xA9, 0xA9, 0xAC, 0xFF,
    0x00, 0x00, 0x02, 0xFF, 0x00, 0x00, 0x34, 0xFF, 0x00, 0x00, 0x34, 0xFF, 0x00, 0x00, 0x34, 0xFF,
    0x00, 0x00, 0x34, 0xFF, 0x01, 0x01, 0x34, 0xFF, 0x00, 0x00, 0x07, 0xFF, 0x9C, 0x9C, 0xA0, 0xFF,
    0xF1, 0xF1, 0xF1, 0xFF, 0xED, 0xED, 0xED, 0xFF, 0xED, 0xED, 0xED, 0xFF, 0xED, 0xED, 0xED, 0xFF,
    0xED, 0xED, 0xED, 0xFF, 0xED, 0xED, 0xED, 0xFF, 0xED, 0xED, 0xED, 0xFF, 0xED, 0xED, 0xED, 0xFF,
    0xED, 0xED, 0xED, 0xFF, 0xF1, 0xF1, 0xF1, 0xFF, 0xBF, 0xBF, 0xC2, 0xFF, 0x00, 0x00, 0x0F, 0xFF,
    0x00, 0x00, 0x34, 0xFF, 0x00, 0x00, 0x2D, 0xFF, 0x37, 0x37, 0x4C, 0xFF, 0xDF, 0xDF, 0xE0, 0xFF,
    0xEF, 0xEF, 0xEF, 0xFF, 0xED, 0xED, 0xED, 0xFF, 0xED, 0xED, 0xED, 0xFF, 0xED, 0xED, 0xED, 0xFF,
    0xED, 0xED, 0xED, 0xFF, 0xED, 0xED, 0xED, 0xFF, 0xED, 0xED, 0xED, 0xFF, 0xED, 0xED, 0xED, 0xFF,
    0xED, 0xED, 0xED, 0xFF, 0xED, 0xED, 0xED, 0xFF, 0xED, 0xED, 0xED, 0xFF, 0xED, 0xED, 0xED, 0xFF,
    0xEE, 0xEE, 0xEE, 0xFF, 0xE5, 0xE5, 0xE5, 0xFF, 0x4E, 0x4E, 0x5C, 0xFF, 0x00, 0x00, 0x29, 0xFF,
    0x00, 0x00, 0x34, 0xFF, 0x00, 0x00, 0x02, 0xFF, 0xB3, 0xB3, 0xB6, 0xFF, 0xF1, 0xF1, 0xF1, 0xFF,
    0xED, 0xED, 0xED, 0xFF, 0xED, 0xED, 0xED, 0xFF, 0xED, 0xED, 0xED, 0xFF, 0xED, 0xED, 0xED, 0xFF,
    0xED, 0xED, 0xED, 0xFF, 0xED, 0xED, 0xED, 0xFF, 0xED, 0xED, 0xED, 0xFF, 0xED, 0xED, 0xED, 0xFF,
    0xEF, 0xEF, 0xEF, 0xFF, 0x89, 0x89, 0x8F, 0xFF, 0x00, 0x00, 0x14, 0xFF, 0x00, 0x00, 0x34, 0xFF,
    0x00, 0x00, 0x34, 0xFF, 0x00, 0x00, 0x34, 0xFF, 0x00, 0x00, 0x34, 0xFF, 0x00, 0x00, 0x34, 0xFF,
    0x00, 0x00, 0x03, 0xFF, 0xB5, 0xB5, 0xB7, 0xFF, 0xF1, 0xF1, 0xF1, 0xFF, 0xF0, 0xF0, 0xEF, 0xFF,
    0xD7, 0xD7, 0xD9, 0xFF, 0x0E, 0x0E, 0x38, 0xFF, 0x00, 0x00, 0x31, 0xFF, 0x00, 0x00, 0x34, 0xFF,
    0x00, 0x00, 0x34, 0xFF, 0x00, 0x00, 0x34, 0xFF, 0x00, 0x00, 0x34, 0xFF, 0x00, 0x00, 0x34, 0xFF,
    0x00, 0x00, 0x28, 0xFF, 0x57, 0x57, 0x63, 0xFF, 0xE7, 0xE7, 0xE8, 0xFF, 0xEE, 0xEE, 0xEE, 0xFF,
    0xED, 0xED, 0xED, 0xFF, 0xED, 0xED, 0xED, 0xFF, 0xED, 0xED, 0xED, 0xFF, 0xF1, 0xF1, 0xF1, 0xFF,
    0xA0, 0xA0, 0xA5, 0xFF, 0x00, 0x00, 0x06, 0xFF, 0x00, 0x00, 0x34, 0xFF, 0x00, 0x00, 0x34, 0xFF,
    0x00, 0x00, 0x34, 0xFF, 0x00, 0x00, 0x34, 0xFF, 0x00, 0x00, 0x34, 0xFF, 0x00, 0x00, 0x34, 0xFF,
    0x00, 0x00, 0x04, 0xFF, 0xB8, 0xB8, 0xBB, 0xFF, 0xF2, 0xF2, 0xF2, 0xFF, 0xEE, 0xEE, 0xEE, 0xFF,
    0xEE, 0xEE, 0xEE, 0xFF, 0xEE, 0xEE, 0xEE, 0xFF, 0xEE, 0xEE, 0xEE, 0xFF, 0xEE, 0xEE, 0xEE, 0xFF,
    0xEE, 0xEE, 0xEE, 0xFF, 0xEF, 0xEF, 0xEF, 0xFF, 0xF3, 0xF3, 0xF3, 0xFF, 0xDB, 0xDB, 0xDC, 0xFF,
    0x3A, 0x3A, 0x4E, 0xFF, 0x00, 0x00, 0x2D, 0xFF, 0x00, 0x00, 0x34, 0xFF, 0x00, 0x00, 0x34, 0xFF,
    0x00, 0x00, 0x34, 0xFF, 0x00, 0x00, 0x34, 0xFF, 0x00, 0x00, 0x34, 0xFF, 0x00, 0x00, 0x34, 0xFF,
    0x00, 0x00, 0x01, 0xFF, 0xB1, 0xB1, 0xB4, 0xFF, 0xF1, 0xF1, 0xF1, 0xFF, 0xED, 0xED, 0xED, 0xFF,
    0xED, 0xED, 0xED, 0xFF, 0xED, 0xED, 0xED, 0xFF, 0xF0, 0xF0, 0xF0, 0xFF, 0xD1, 0xD1, 0xD3, 0xFF,
    0x00, 0x00, 0x2B, 0xFF, 0x00, 0x00, 0x32, 0xFF, 0x00, 0x00, 0x34, 0xFF, 0x00, 0x00, 0x34, 0xFF,
    0x00, 0x00, 0x34, 0xFF, 0x00, 0x00, 0x34, 0xFF, 0x00, 0x00, 0x34, 0xFF, 0x00, 0x00, 0x1B, 0xFF,
    0x7B, 0x7B, 0x83, 0xFF, 0xF2, 0xF2, 0xF1, 0xFF, 0xF1, 0xF1, 0xF1, 0xFF, 0xF1, 0xF1, 0xF1, 0xFF,
    0xF1, 0xF1, 0xF1, 0xFF, 0xF1, 0xF1, 0xF1, 0xFF, 0xF1, 0xF1, 0xF1, 0xFF, 0xF1, 0xF1, 0xF1, 0xFF,
    0xF1, 0xF1, 0xF1, 0xFF, 0xF1, 0xF1, 0xF1, 0xFF, 0xF1, 0xF1, 0xF1, 0xFF, 0xF1, 0xF1, 0xF1, 0xFF,
    0xF1, 0xF1, 0xF1, 0xFF, 0xF1, 0xF1, 0xF1, 0xFF, 0xF1, 0xF1, 0xF1, 0xFF, 0xF1, 0xF1, 0xF1, 0xFF,
    0xF1, 0xF1, 0xF1, 0xFF, 0xED, 0xED, 0xED, 0xFF, 0xED, 0xED, 0xED, 0xFF, 0xED, 0xED, 0xED, 0xFF,
    0xED, 0xED, 0xED, 0xFF, 0xF1, 0xF1, 0xF1, 0xFF, 0xC5, 0xC5, 0xC7, 0xFF, 0x00, 0x00, 0x17, 0xFF,
    0x00, 0x00, 0x34, 0xFF, 0x00, 0x00, 0x34, 0xFF, 0x00, 0x00, 0x34, 0xFF, 0x00, 0x00, 0x34, 0xFF,
    0x00, 0x00, 0x34, 0xFF, 0x00, 0x00, 0x34, 0xFF, 0x00, 0x00, 0x1B, 0xFF, 0x7B, 0x7B, 0x82, 0xFF,
    0xEE, 0xEE, 0xEE, 0xFF, 0xED, 0xED, 0xED, 0xFF, 0xEB, 0xEB, 0xEB, 0xFE, 0xD8, 0xD8, 0xD9, 0x34,
    0x00, 0x00, 0x00, 0x00, 0x00, 0x00, 0x00, 0x00, 0x00, 0x00, 0x00, 0x00, 0x00, 0x00, 0x00, 0x00,
    0x00, 0x00, 0x00, 0x00, 0x00, 0x00, 0x00, 0x00, 0x00, 0x00, 0x00, 0x00, 0x00, 0x00, 0x00, 0x00,
    0x00, 0x00, 0x00, 0x00, 0x00, 0x00, 0x00, 0x00, 0x00, 0x00, 0x00, 0x00, 0xE6, 0xE6, 0xE6, 0xAD,
    0xED, 0xED, 0xED, 0xFF, 0xF0, 0xF0, 0xF0, 0xFF, 0xCA, 0xCA, 0xCC, 0xFF, 0x00, 0x00, 0x1F, 0xFF,
    0x00, 0x00, 0x33, 0xFF, 0x00, 0x00, 0x34, 0xFF, 0x00, 0x00, 0x34, 0xFF, 0x00, 0x00, 0x34, 0xFF,
    0x00, 0x00, 0x34, 0xFF, 0x00, 0x00, 0x34, 0xFF, 0x00, 0x00, 0x1F, 0xFF, 0x73, 0x73, 0x7B, 0xFF,
    0xED, 0xED, 0xED, 0xFF, 0xED, 0xED, 0xED, 0xFF, 0xED, 0xED, 0xED, 0xFF, 0xED, 0xED, 0xED, 0xFF,
    0xED, 0xED, 0xED, 0xFF, 0xF1, 0xF1, 0xF1, 0xFF, 0xB5, 0xB5, 0xB8, 0xFF, 0x00, 0x00, 0x00, 0xFF,
    0x00, 0x00, 0x34, 0xFF, 0x00, 0x00, 0x34, 0xFF, 0x00, 0x00, 0x34, 0xFF, 0x00, 0x00, 0x34, 0xFF,
    0x00, 0x00, 0x34, 0xFF, 0x00, 0x00, 0x34, 0xFF, 0x01, 0x01, 0x34, 0xFF, 0x00, 0x00, 0x33, 0xFF,
    0x00, 0x00, 0x11, 0xFF, 0x7B, 0x7B, 0x83, 0xFF, 0xD2, 0xD2, 0xD4, 0xFF, 0xEE, 0xEE, 0xEE, 0xFF,
    0xF1, 0xF1, 0xF1, 0xFF, 0xF1, 0xF1, 0xF1, 0xFF, 0xF0, 0xF0, 0xF0, 0xFF, 0xF0, 0xF0, 0xF0, 0xFF,
    0xF1, 0xF1, 0xF1, 0xFF, 0xF2, 0xF2, 0xF1, 0xFF, 0xED, 0xED, 0xED, 0xFF, 0xCF, 0xCF, 0xD1, 0xFF,
    0x77, 0x77, 0x80, 0xFF, 0x00, 0x00, 0x0D, 0xFF, 0x00, 0x00, 0x32, 0xFF, 0x00, 0x00, 0x29, 0xFF,
    0x00, 0x00, 0x30, 0xFF, 0xB8, 0xB8, 0xBB, 0xFF, 0xF0, 0xF0, 0xF0, 0xFF, 0xEE, 0xEE, 0xEE, 0xFF,
    0xEE, 0xEE, 0xEE, 0xFF, 0xEA, 0xEA, 0xEB, 0xFF, 0xE4, 0xE4, 0xE4, 0xFF, 0xEE, 0xEE, 0xEE, 0xFF,
    0xF1, 0xF1, 0xF0, 0xFF, 0xC9, 0xC9, 0xCA, 0xFF, 0x00, 0x00, 0x1C, 0xFF, 0x00, 0x00, 0x33, 0xFF,
    0x00, 0x00, 0x34, 0xFF, 0x00, 0x00, 0x34, 0xFF, 0x00, 0x00, 0x34, 0xFF, 0x00, 0x00, 0x34, 0xFF,
    0x00, 0x00, 0x34, 0xFF, 0x00, 0x00, 0x1E, 0xFF, 0x75, 0x75, 0x7E, 0xFF, 0xED, 0xED, 0xED, 0xFF,
    0xEE, 0xEE, 0xED, 0xFF, 0xEC, 0xEC, 0xEC, 0xFF, 0xDE, 0xDE, 0xE0, 0x48, 0xF7, 0xF7, 0xF6, 0x08,
    0xED, 0xED, 0xED, 0x0F, 0xED, 0xED, 0xED, 0x0F, 0xF7, 0xF7, 0xF6, 0x08, 0xDE, 0xDE, 0xDF, 0x46,
    0xEC, 0xEC, 0xEC, 0xFF, 0xED, 0xED, 0xED, 0xFF, 0xEE, 0xEE, 0xEE, 0xFF, 0x79, 0x79, 0x81, 0xFF,
    0x00, 0x00, 0x1C, 0xFF, 0x00, 0x00, 0x34, 0xFF, 0x00, 0x00, 0x34, 0xFF, 0x00, 0x00, 0x34, 0xFF,
    0x00, 0x00, 0x34, 0xFF, 0x00, 0x00, 0x34, 0xFF, 0x00, 0x00, 0x33, 0xFF, 0x00, 0x00, 0x19, 0xFF,
    0xC7, 0xC7, 0xC9, 0xFF, 0xF1, 0xF1, 0xF1, 0xFF, 0xED, 0xED, 0xED, 0xFF, 0xEE, 0xEE, 0xEE, 0xFF,
    0xF1, 0xF1, 0xF1, 0xFF, 0xF1, 0xF1, 0xF1, 0xFF, 0xF1, 0xF1, 0xF1, 0xFF, 0xF1, 0xF1, 0xF1, 0xFF,
    0xF1, 0xF1, 0xF1, 0xFF, 0xF1, 0xF1, 0xF1, 0xFF, 0xF1, 0xF1, 0xF1, 0xFF, 0xF1, 0xF1, 0xF1, 0xFF,
    0xF5, 0xF5, 0xF5, 0xFF, 0xBF, 0xBF, 0xC1, 0xFF, 0x00, 0x00, 0x05, 0xFF, 0x00, 0x00, 0x34, 0xFF,
    0x00, 0x00, 0x34, 0xFF, 0x00, 0x00, 0x34, 0xFF, 0x00, 0x00, 0x34, 0xFF, 0x00, 0x00, 0x34, 0xFF,
    0x00, 0x00, 0x34, 0xFF, 0x00, 0x00, 0x12, 0xFF, 0x8C, 0x8C, 0x92, 0xFF, 0xF4, 0xF4, 0xF4, 0xFF,
    0xF1, 0xF1, 0xF1, 0xFF, 0xF1, 0xF1, 0xF1, 0xFF, 0xF1, 0xF1, 0xF1, 0xFF, 0xF1, 0xF1, 0xF1, 0xFF,
    0xF1, 0xF1, 0xF1, 0xFF, 0xF1, 0xF1, 0xF1, 0xFF, 0xF1, 0xF1, 0xF1, 0xFF, 0xF1, 0xF1, 0xF1, 0xFF,
    0xEF, 0xEF, 0xEF, 0xFF, 0xED, 0xED, 0xED, 0xFF, 0xEF, 0xEF, 0xEF, 0xFF, 0xDB, 0xDB, 0xDC, 0xDB,
    0xE5, 0xE5, 0xE6, 0xEA, 0xEE, 0xEE, 0xEE, 0xFF, 0xF1, 0xF1, 0xF1, 0xFF, 0xA9, 0xA9, 0xAC, 0xFF,
    0x00, 0x00, 0x02, 0xFF, 0x00, 0x00, 0x34, 0xFF, 0x00, 0x00, 0x34, 0xFF, 0x00, 0x00, 0x34, 0xFF,
    0x00, 0x00, 0x34, 0xFF, 0x00, 0x00, 0x34, 0xFF, 0x00, 0x00, 0x27, 0xFF, 0x5A, 0x5A, 0x66, 0xFF,
    0xE8, 0xE8, 0xE8, 0xFF, 0xEE, 0xEE, 0xEE, 0xFF, 0xED, 0xED, 0xED, 0xFF, 0xED, 0xED, 0xED, 0xFF,
    0xED, 0xED, 0xED, 0xFF, 0xED, 0xED, 0xED, 0xFF, 0xED, 0xED, 0xED, 0xFF, 0xED, 0xED, 0xED, 0xFF,
    0xED, 0xED, 0xED, 0xFF, 0xEF, 0xEF, 0xEF, 0xFF, 0xDE, 0xDE, 0xDF, 0xFF, 0x32, 0x32, 0x49, 0xFF,
    0x00, 0x00, 0x2E, 0xFF, 0x00, 0x00, 0x16, 0xFF, 0x84, 0x84, 0x8B, 0xFF, 0xEF, 0xEF, 0xEF, 0xFF,
    0xED, 0xED, 0xED, 0xFF, 0xED, 0xED, 0xED, 0xFF, 0xED, 0xED, 0xED, 0xFF, 0xED, 0xED, 0xED, 0xFF,
    0xED, 0xED, 0xED, 0xFF, 0xED, 0xED, 0xED, 0xFF, 0xED, 0xED, 0xED, 0xFF, 0xED, 0xED, 0xED, 0xFF,
    0xED, 0xED, 0xED, 0xFF, 0xED, 0xED, 0xED, 0xFF, 0xED, 0xED, 0xED, 0xFF, 0xED, 0xED, 0xED, 0xFF,
    0xED, 0xED, 0xED, 0xFF, 0xF0, 0xF0, 0xF0, 0xFF, 0x94, 0x94, 0x9A, 0xFF, 0x00, 0x00, 0x0C, 0xFF,
    0x00, 0x00, 0x31, 0xFF, 0x0F, 0x0F, 0x38, 0xFF, 0xD7, 0xD7, 0xD8, 0xFF, 0xF0, 0xF0, 0xEF, 0xFF,
    0xED, 0xED, 0xED, 0xFF, 0xED, 0xED, 0xED, 0xFF, 0xED, 0xED, 0xED, 0xFF, 0xED, 0xED, 0xED, 0xFF,
    0xED, 0xED, 0xED, 0xFF, 0xED, 0xED, 0xED, 0xFF, 0xED, 0xED, 0xED, 0xFF, 0xEF, 0xEF, 0xEF, 0xFF,
    0xE2, 0xE2, 0xE2, 0xFF, 0x41, 0x41, 0x52, 0xFF, 0x00, 0x00, 0x2C, 0xFF, 0x00, 0x00, 0x34, 0xFF,
    0x00, 0x00, 0x34, 0xFF, 0x00, 0x00, 0x34, 0xFF, 0x00, 0x00, 0x34, 0xFF, 0x00, 0x00, 0x34, 0xFF,
    0x00, 0x00, 0x03, 0xFF, 0xB5, 0xB5, 0xB7, 0xFF, 0xF1, 0xF1, 0xF1, 0xFF, 0xF0, 0xF0, 0xEF, 0xFF,
    0xD7, 0xD7, 0xD9, 0xFF, 0x0E, 0x0E, 0x38, 0xFF, 0x00, 0x00, 0x31, 0xFF, 0x00, 0x00, 0x34, 0xFF,
    0x00, 0x00, 0x34, 0xFF, 0x00, 0x00, 0x34, 0xFF, 0x00, 0x00, 0x34, 0xFF, 0x00, 0x00, 0x34, 0xFF,
    0x00, 0x00, 0x28, 0xFF, 0x57, 0x57, 0x63, 0xFF, 0xE7, 0xE7, 0xE8, 0xFF, 0xEE, 0xEE, 0xEE, 0xFF,
    0xED, 0xED, 0xED, 0xFF, 0xED, 0xED, 0xED, 0xFF, 0xED, 0xED, 0xED, 0xFF, 0xF1, 0xF1, 0xF1, 0xFF,
    0xA0, 0xA0, 0xA5, 0xFF, 0x00, 0x00, 0x06, 0xFF, 0x00, 0x00, 0x34, 0xFF, 0x00, 0x00, 0x34, 0xFF,
    0x00, 0x00, 0x34, 0xFF, 0x00, 0x00, 0x34, 0xFF, 0x00, 0x00, 0x34, 0xFF, 0x00, 0x00, 0x34, 0xFF,
    0x00, 0x00, 0x05, 0xFF, 0xB7, 0xB7, 0xBA, 0xFF, 0xF1, 0xF1, 0xF1, 0xFF, 0xED, 0xED, 0xED, 0xFF,
    0xED, 0xED, 0xED, 0xFF, 0xED, 0xED, 0xED, 0xFF, 0xED, 0xED, 0xED, 0xFF, 0xED, 0xED, 0xED, 0xFF,
    0xED, 0xED, 0xED, 0xFF, 0xED, 0xED, 0xED, 0xFF, 0xED, 0xED, 0xED, 0xFF, 0xF0, 0xF0, 0xF0, 0xFF,
    0x80, 0x80, 0x88, 0xFF, 0x00, 0x00, 0x19, 0xFF, 0x00, 0x00, 0x34, 0xFF, 0x00, 0x00, 0x34, 0xFF,
    0x00, 0x00, 0x34, 0xFF, 0x00, 0x00, 0x34, 0xFF, 0x00, 0x00, 0x34, 0xFF, 0x00, 0x00, 0x34, 0xFF,
    0x00, 0x00, 0x01, 0xFF, 0xB5, 0xB5, 0xB8, 0xFF, 0xF1, 0xF1, 0xF1, 0xFF, 0xED, 0xED, 0xED, 0xFF,
    0xED, 0xED, 0xED, 0xFF, 0xED, 0xED, 0xED, 0xFF, 0xF0, 0xF0, 0xF0, 0xFF, 0xD1, 0xD1, 0xD3, 0xFF,
    0x00, 0x00, 0x2B, 0xFF, 0x00, 0x00, 0x32, 0xFF, 0x00, 0x00, 0x34, 0xFF, 0x00, 0x00, 0x34, 0xFF,
    0x00, 0x00, 0x34, 0xFF, 0x00, 0x00, 0x34, 0xFF, 0x00, 0x00, 0x34, 0xFF, 0x00, 0x00, 0x1C, 0xFF,
    0x79, 0x79, 0x81, 0xFF, 0xEE, 0xEE, 0xEE, 0xFF, 0xED, 0xED, 0xED, 0xFF, 0xED, 0xED, 0xED, 0xFF,
    0xED, 0xED, 0xED, 0xFF, 0xED, 0xED, 0xED, 0xFF, 0xED, 0xED, 0xED, 0xFF, 0xED, 0xED, 0xED, 0xFF,
    0xED, 0xED, 0xED, 0xFF, 0xED, 0xED, 0xED, 0xFF, 0xED, 0xED, 0xED, 0xFF, 0xED, 0xED, 0xED, 0xFF,
    0xED, 0xED, 0xED, 0xFF, 0xED, 0xED, 0xED, 0xFF, 0xED, 0xED, 0xED, 0xFF, 0xED, 0xED, 0xED, 0xFF,
    0xED, 0xED, 0xED, 0xFF, 0xEE, 0xEE, 0xEE, 0xFF, 0xEE, 0xEE, 0xEE, 0xFF, 0xE9, 0xE9, 0xEA, 0xFF,
    0xED, 0xED, 0xED, 0xFF, 0xF1, 0xF1, 0xF1, 0xFF, 0xC5, 0xC5, 0xC7, 0xFF, 0x00, 0x00, 0x17, 0xFF,
    0x00, 0x00, 0x34, 0xFF, 0x00, 0x00, 0x34, 0xFF, 0x00, 0x00, 0x34, 0xFF, 0x00, 0x00, 0x34, 0xFF,
    0x00, 0x00, 0x34, 0xFF, 0x00, 0x00, 0x34, 0xFF, 0x00, 0x00, 0x1B, 0xFF, 0x7B, 0x7B, 0x82, 0xFF,
    0xEE, 0xEE, 0xEE, 0xFF, 0xED, 0xED, 0xED, 0xFF, 0xEB, 0xEB, 0xEB, 0xFE, 0xD8, 0xD8, 0xD9, 0x34,
    0x00, 0x00, 0x00, 0x00, 0x00, 0x00, 0x00, 0x00, 0x00, 0x00, 0x00, 0x00, 0x00, 0x00, 0x00, 0x00,
    0x00, 0x00, 0x00, 0x00, 0x00, 0x00, 0x00, 0x00, 0x00, 0x00, 0x00, 0x00, 0x00, 0x00, 0x00, 0x00,
    0x00, 0x00, 0x00, 0x00, 0x00, 0x00, 0x00, 0x00, 0x00, 0x00, 0x00, 0x00, 0xE6, 0xE6, 0xE6, 0xAD,
    0xED, 0xED, 0xED, 0xFF, 0xF0, 0xF0, 0xF0, 0xFF, 0xCA, 0xCA, 0xCC, 0xFF, 0x00, 0x00, 0x1F, 0xFF,
    0x00, 0x00, 0x33, 0xFF, 0x00, 0x00, 0x34, 0xFF, 0x00, 0x00, 0x34, 0xFF, 0x00, 0x00, 0x34, 0xFF,
    0x00, 0x00, 0x34, 0xFF, 0x00, 0x00, 0x34, 0xFF, 0x00, 0x00, 0x1F, 0xFF, 0x73, 0x73, 0x7B, 0xFF,
    0xED, 0xED, 0xED, 0xFF, 0xED, 0xED, 0xED, 0xFF, 0xED, 0xED, 0xED, 0xFF, 0xED, 0xED, 0xED, 0xFF,
    0xEE, 0xEE, 0xEE, 0xFF, 0xE7, 0xE7, 0xE7, 0xFF, 0x59, 0x59, 0x66, 0xFF, 0x00, 0x00, 0x25, 0xFF,
    0x00, 0x00, 0x34, 0xFF, 0x00, 0x00, 0x34, 0xFF, 0x00, 0x00, 0x34, 0xFF, 0x00, 0x00, 0x34, 0xFF,
    0x00, 0x00, 0x34, 0xFF, 0x00, 0x00, 0x34, 0xFF, 0x00, 0x00, 0x33, 0xFF, 0x00, 0x00, 0x13, 0xFF,
    0x9C, 0x9C, 0xA1, 0xFF, 0xEC, 0xEC, 0xEC, 0xFF, 0xF1, 0xF1, 0xF1, 0xFF, 0xED, 0xED, 0xED, 0xFF,
    0xEE, 0xEE, 0xEE, 0xFF, 0xF0, 0xF0, 0xF0, 0xFF, 0xF1, 0xF1, 0xF1, 0xFF, 0xF1, 0xF1, 0xF1, 0xFF,
    0xF0, 0xF0, 0xF0, 0xFF, 0xEE, 0xEE, 0xEE, 0xFF, 0xED, 0xED, 0xED, 0xFF, 0xF1, 0xF1, 0xF1, 0xFF,
    0xEC, 0xEC, 0xEC, 0xFF, 0xA6, 0xA6, 0xAA, 0xFF, 0x00, 0x00, 0x11, 0xFF, 0x20, 0x20, 0x3E, 0xFF,
    0xC3, 0xC3, 0xC5, 0xFF, 0xF1, 0xF1, 0xF1, 0xFF, 0xED, 0xED, 0xED, 0xFF, 0xEF, 0xEF, 0xEF, 0xFF,
    0xEB, 0xEB, 0xEB, 0xFF, 0x8F, 0x8F, 0x95, 0xFC, 0xC3, 0xC3, 0xC6, 0xFD, 0xF1, 0xF1, 0xF0, 0xFF,
    0xF1, 0xF1, 0xF0, 0xFF, 0xC9, 0xC9, 0xCA, 0xFF, 0x00, 0x00, 0x1C, 0xFF, 0x00, 0x00, 0x33, 0xFF,
    0x00, 0x00, 0x34, 0xFF, 0x00, 0x00, 0x34, 0xFF, 0x00, 0x00, 0x34, 0xFF, 0x00, 0x00, 0x34, 0xFF,
    0x00, 0x00, 0x34, 0xFF, 0x00, 0x00, 0x1E, 0xFF, 0x75, 0x75, 0x7E, 0xFF, 0xED, 0xED, 0xED, 0xFF,
    0xED, 0xED, 0xED, 0xFF, 0xED, 0xED, 0xED, 0xFF, 0xEC, 0xEC, 0xEC, 0xEC, 0xED, 0xED, 0xED, 0xE3,
    0xED, 0xED, 0xED, 0xE4, 0xED, 0xED, 0xED, 0xE4, 0xED, 0xED, 0xED, 0xE3, 0xEC, 0xEC, 0xEC, 0xEC,
    0xED, 0xED, 0xED, 0xFF, 0xED, 0xED, 0xED, 0xFF, 0xEE, 0xEE, 0xEE, 0xFF, 0x79, 0x79, 0x81, 0xFF,
    0x00, 0x00, 0x1C, 0xFF, 0x00, 0x00, 0x34, 0xFF, 0x00, 0x00, 0x34, 0xFF, 0x00, 0x00, 0x34, 0xFF,
    0x00, 0x00, 0x34, 0xFF, 0x00, 0x00, 0x34, 0xFF, 0x00, 0x00, 0x33, 0xFF, 0x00, 0x00, 0x19, 0xFF,
    0xC7, 0xC7, 0xC9, 0xFF, 0xF1, 0xF1, 0xF0, 0xFF, 0xED, 0xED, 0xED, 0xFF, 0xEE, 0xEE, 0xEE, 0xFF,
    0xEF, 0xEF, 0xEF, 0xFF, 0xEF, 0xEF, 0xEF, 0xFF, 0xEF, 0xEF, 0xEF, 0xFF, 0xEF, 0xEF, 0xEF, 0xFF,
    0xEF, 0xEF, 0xEF, 0xFF, 0xEF, 0xEF, 0xEF, 0xFF, 0xED, 0xED, 0xED, 0xFF, 0xED, 0xED, 0xED, 0xFF,
    0xF1, 0xF1, 0xF1, 0xFF, 0xBC, 0xBC, 0xBE, 0xFF, 0x00, 0x00, 0x09, 0xFF, 0x00, 0x00, 0x34, 0xFF,
    0x00, 0x00, 0x34, 0xFF, 0x00, 0x00, 0x34, 0xFF, 0x00, 0x00, 0x34, 0xFF, 0x00, 0x00, 0x34, 0xFF,
    0x00, 0x00, 0x34, 0xFF, 0x00, 0x00, 0x14, 0xFF, 0x89, 0x89, 0x8F, 0xFF, 0xF0, 0xF0, 0xEF, 0xFF,
    0xED, 0xED, 0xED, 0xFF, 0xED, 0xED, 0xED, 0xFF, 0xEF, 0xEF, 0xEE, 0xFF, 0xEF, 0xEF, 0xEF, 0xFF,
    0xEF, 0xEF, 0xEF, 0xFF, 0xEF, 0xEF, 0xEF, 0xFF, 0xEF, 0xEF, 0xEF, 0xFF, 0xEF, 0xEF, 0xEF, 0xFF,
    0xEF, 0xEF, 0xEF, 0xFF, 0xF1, 0xF1, 0xF1, 0xFF, 0xEB, 0xEB, 0xEB, 0xFF, 0x93, 0x93, 0x98, 0xC0,
    0xE6, 0xE6, 0xE6, 0xEA, 0xEE, 0xEE, 0xEE, 0xFF, 0xF1, 0xF1, 0xF1, 0xFF, 0xA9, 0xA9, 0xAC, 0xFF,
    0x00, 0x00, 0x02, 0xFF, 0x00, 0x00, 0x34, 0xFF, 0x00, 0x00, 0x34, 0xFF, 0x00, 0x00, 0x34, 0xFF,
    0x00, 0x00, 0x34, 0xFF, 0x00, 0x00, 0x34, 0xFF, 0x00, 0x00, 0x33, 0xFF, 0x00, 0x00, 0x26, 0xFF,
    0xCE, 0xCE, 0xCF, 0xFF, 0xF0, 0xF0, 0xF0, 0xFF, 0xED, 0xED, 0xED, 0xFF, 0xED, 0xED, 0xED, 0xFF,
    0xED, 0xED, 0xED, 0xFF, 0xED, 0xED, 0xED, 0xFF, 0xED, 0xED, 0xED, 0xFF, 0xED, 0xED, 0xED, 0xFF,
    0xED, 0xED, 0xED, 0xFF, 0xED, 0xED, 0xED, 0xFF, 0xEE, 0xEE, 0xEE, 0xFF, 0x79, 0x79, 0x81, 0xFF,
    0x00, 0x00, 0x1B, 0xFF, 0x00, 0x00, 0x0B, 0xFF, 0xBC, 0xBC, 0xBF, 0xFF, 0xF1, 0xF1, 0xF1, 0xFF,
    0xED, 0xED, 0xED, 0xFF, 0xED, 0xED, 0xED, 0xFF, 0xED, 0xED, 0xED, 0xFF, 0xED, 0xED, 0xED, 0xFF,
    0xED, 0xED, 0xED, 0xFF, 0xED, 0xED, 0xED, 0xFF, 0xED, 0xED, 0xED, 0xFF, 0xED, 0xED, 0xED, 0xFF,
    0xED, 0xED, 0xED, 0xFF, 0xED, 0xED, 0xED, 0xFF, 0xED, 0xED, 0xED, 0xFF, 0xED, 0xED, 0xED, 0xFF,
    0xED, 0xED, 0xED, 0xFF, 0xF1, 0xF1, 0xF1, 0xFF, 0xC7, 0xC7, 0xC9, 0xFF, 0x00, 0x00, 0x1B, 0xFF,
    0x00, 0x00, 0x21, 0xFF, 0x68, 0x68, 0x72, 0xFF, 0xEB, 0xEB, 0xEB, 0xFF, 0xEE, 0xEE, 0xEE, 0xFF,
    0xED, 0xED, 0xED, 0xFF, 0xED, 0xED, 0xED, 0xFF, 0xED, 0xED, 0xED, 0xFF, 0xED, 0xED, 0xED, 0xFF,
    0xED, 0xED, 0xED, 0xFF, 0xED, 0xED, 0xED, 0xFF, 0xED, 0xED, 0xED, 0xFF, 0xF1, 0xF1, 0xF1, 0xFF,
    0xC2, 0xC2, 0xC4, 0xFF, 0x00, 0x00, 0x12, 0xFF, 0x00, 0x00, 0x34, 0xFF, 0x00, 0x00, 0x34, 0xFF,
    0x00, 0x00, 0x34, 0xFF, 0x00, 0x00, 0x34, 0xFF, 0x00, 0x00, 0x34, 0xFF, 0x00, 0x00, 0x34, 0xFF,
    0x00, 0x00, 0x03, 0xFF, 0xB5, 0xB5, 0xB7, 0xFF, 0xF1, 0xF1, 0xF1, 0xFF, 0xF0, 0xF0, 0xEF, 0xFF,
    0xD7, 0xD7, 0xD9, 0xFF, 0x0E, 0x0E, 0x38, 0xFF, 0x00, 0x00, 0x31, 0xFF, 0x00, 0x00, 0x34, 0xFF,
    0x00, 0x00, 0x34, 0xFF, 0x00, 0x00, 0x34, 0xFF, 0x00, 0x00, 0x34, 0xFF, 0x00, 0x00, 0x34, 0xFF,
    0x00, 0x00, 0x28, 0xFF, 0x57, 0x57, 0x63, 0xFF, 0xE7, 0xE7, 0xE8, 0xFF, 0xEE, 0xEE, 0xEE, 0xFF,
    0xED, 0xED, 0xED, 0xFF, 0xED, 0xED, 0xED, 0xFF, 0xED, 0xED, 0xED, 0xFF, 0xF1, 0xF1, 0xF1, 0xFF,
    0xA0, 0xA0, 0xA5, 0xFF, 0x00, 0x00, 0x06, 0xFF, 0x00, 0x00, 0x34, 0xFF, 0x00, 0x00, 0x34, 0xFF,
    0x00, 0x00, 0x34, 0xFF, 0x00, 0x00, 0x34, 0xFF, 0x00, 0x00, 0x34, 0xFF, 0x00, 0x00, 0x34, 0xFF,
    0x00, 0x00, 0x05, 0xFF, 0xB7, 0xB7, 0xBA, 0xFF, 0xF1, 0xF1, 0xF1, 0xFF, 0xED, 0xED, 0xED, 0xFF,
    0xED, 0xED, 0xED, 0xFF, 0xED, 0xED, 0xED, 0xFF, 0xED, 0xED, 0xED, 0xFF, 0xED, 0xED, 0xED, 0xFF,
    0xED, 0xED, 0xED, 0xFF, 0xED, 0xED, 0xED, 0xFF, 0xED, 0xED, 0xED, 0xFF, 0xF0, 0xF0, 0xF0, 0xFF,
    0x80, 0x80, 0x87, 0xFF, 0x00, 0x00, 0x19, 0xFF, 0x00, 0x00, 0x34, 0xFF, 0x00, 0x00, 0x34, 0xFF,
    0x00, 0x00, 0x34, 0xFF, 0x00, 0x00, 0x34, 0xFF, 0x00, 0x00, 0x34, 0xFF, 0x00, 0x00, 0x33, 0xFF,
    0x00, 0x00, 0x1A, 0xFF, 0xC9, 0xC9, 0xCB, 0xFF, 0xF1, 0xF1, 0xF0, 0xFF, 0xED, 0xED, 0xED, 0xFF,
    0xED, 0xED, 0xED, 0xFF, 0xED, 0xED, 0xED, 0xFF, 0xF0, 0xF0, 0xF0, 0xFF, 0xD1, 0xD1, 0xD3, 0xFF,
    0x00, 0x00, 0x2B, 0xFF, 0x00, 0x00, 0x32, 0xFF, 0x00, 0x00, 0x34, 0xFF, 0x00, 0x00, 0x34, 0xFF,
    0x00, 0x00, 0x34, 0xFF, 0x00, 0x00, 0x34, 0xFF, 0x00, 0x00, 0x34, 0xFF, 0x00, 0x00, 0x1C, 0xFF,
    0x79, 0x79, 0x81, 0xFF, 0xEE, 0xEE, 0xEE, 0xFF, 0xED, 0xED, 0xED, 0xFF, 0xED, 0xED, 0xED, 0xFF,
    0xED, 0xED, 0xED, 0xFF, 0xED, 0xED, 0xED, 0xFF, 0xED, 0xED, 0xED, 0xFF, 0xED, 0xED, 0xED, 0xFF,
    0xED, 0xED, 0xED, 0xFF, 0xED, 0xED, 0xED, 0xFF, 0xED, 0xED, 0xED, 0xFF, 0xED, 0xED, 0xED, 0xFF,
    0xED, 0xED, 0xED, 0xFF, 0xED, 0xED, 0xED, 0xFF, 0xED, 0xED, 0xED, 0xFF, 0xED, 0xED, 0xED, 0xFF,
    0xEE, 0xEE, 0xEE, 0xFF, 0xE4, 0xE4, 0xE5, 0xFF, 0x8D, 0x8D, 0x93, 0xFC, 0xCB, 0xCB, 0xCD, 0xFE,
    0xF0, 0xF0, 0xF0, 0xFF, 0xF1, 0xF1, 0xF1, 0xFF, 0xC5, 0xC5, 0xC7, 0xFF, 0x00, 0x00, 0x17, 0xFF,
    0x00, 0x00, 0x34, 0xFF, 0x00, 0x00, 0x34, 0xFF, 0x00, 0x00, 0x34, 0xFF, 0x00, 0x00, 0x34, 0xFF,
    0x00, 0x00, 0x34, 0xFF, 0x00, 0x00, 0x34, 0xFF, 0x00, 0x00, 0x1B, 0xFF, 0x7B, 0x7B, 0x82, 0xFF,
    0xEE, 0xEE, 0xEE, 0xFF, 0xEE, 0xEE, 0xED, 0xFF, 0xEB, 0xEB, 0xEC, 0xFE, 0xD9, 0xD9, 0xDA, 0x34,
    0x00, 0x00, 0x00, 0x00, 0x00, 0x00, 0x00, 0x00, 0x00, 0x00, 0x00, 0x00, 0x00, 0x00, 0x00, 0x00,
    0x00, 0x00, 0x00, 0x00, 0x00, 0x00, 0x00, 0x00, 0x00, 0x00, 0x00, 0x00, 0x00, 0x00, 0x00, 0x00,
    0x00, 0x00, 0x00, 0x00, 0x00, 0x00, 0x00, 0x00, 0x00, 0x00, 0x00, 0x00, 0xE6, 0xE6, 0xE7, 0xAE,
    0xED, 0xED, 0xED, 0xFF, 0xF0, 0xF0, 0xF0, 0xFF, 0xCA, 0xCA, 0xCC, 0xFF, 0x00, 0x00, 0x1F, 0xFF,
    0x00, 0x00, 0x33, 0xFF, 0x00, 0x00, 0x34, 0xFF, 0x00, 0x00, 0x34, 0xFF, 0x00, 0x00, 0x34, 0xFF,
    0x00, 0x00, 0x34, 0xFF, 0x00, 0x00, 0x34, 0xFF, 0x00, 0x00, 0x1F, 0xFF, 0x73, 0x73, 0x7B, 0xFF,
    0xED, 0xED, 0xED, 0xFF, 0xED, 0xED, 0xED, 0xFF, 0xED, 0xED, 0xED, 0xFF, 0xED, 0xED, 0xED, 0xFF,
    0xF1, 0xF1, 0xF1, 0xFF, 0xC3, 0xC3, 0xC5, 0xFF, 0x00, 0x00, 0x12, 0xFF, 0x00, 0x00, 0x34, 0xFF,
    0x00, 0x00, 0x34, 0xFF, 0x00, 0x00, 0x34, 0xFF, 0x00, 0x00, 0x34, 0xFF, 0x00, 0x00, 0x34, 0xFF,
    0x00, 0x00, 0x34, 0xFF, 0x02, 0x02, 0x34, 0xFF, 0x00, 0x00, 0x11, 0xFF, 0x8A, 0x8A, 0x91, 0xFF,
    0xEE, 0xEE, 0xEE, 0xFF, 0xEE, 0xEE, 0xEE, 0xFF, 0xEE, 0xEE, 0xEE, 0xFF, 0xF0, 0xF0, 0xF0, 0xFF,
    0xE4, 0xE4, 0xE5, 0xFF, 0xCD, 0xCD, 0xCF, 0xFE, 0xBE, 0xBE, 0xC0, 0xFD, 0xBE, 0xBE, 0xC0, 0xFD,
    0xCD, 0xCD, 0xCF, 0xFE, 0xE5, 0xE5, 0xE6, 0xFF, 0xF1, 0xF1, 0xF1, 0xFF, 0xEE, 0xEE, 0xEE, 0xFF,
    0xEE, 0xEE, 0xEE, 0xFF, 0xF0, 0xF0, 0xF0, 0xFF, 0xB5, 0xB5, 0xB8, 0xFF, 0xC9, 0xC9, 0xCB, 0xFF,
    0xF1, 0xF1, 0xF1, 0xFF, 0xED, 0xED, 0xED, 0xFF, 0xF0, 0xF0, 0xF0, 0xFF, 0xE7, 0xE7, 0xE7, 0xFF,
    0x86, 0x86, 0x8D, 0xFC, 0x00, 0x00, 0x00, 0xFA, 0xC6, 0xC6, 0xC7, 0xFE, 0xF1, 0xF1, 0xF1, 0xFF,
    0xF1, 0xF1, 0xF0, 0xFF, 0xC9, 0xC9, 0xCA, 0xFF, 0x00, 0x00, 0x1C, 0xFF, 0x00, 0x00, 0x33, 0xFF,
    0x00, 0x00, 0x34, 0xFF, 0x00, 0x00, 0x34, 0xFF, 0x00, 0x00, 0x34, 0xFF, 0x00, 0x00, 0x34, 0xFF,
    0x00, 0x00, 0x34, 0xFF, 0x00, 0x00, 0x1E, 0xFF, 0x75, 0x75, 0x7E, 0xFF, 0xED, 0xED, 0xED, 0xFF,
    0xED, 0xED, 0xED, 0xFF, 0xED, 0xED, 0xED, 0xFF, 0xED, 0xED, 0xED, 0xFF, 0xED, 0xED, 0xED, 0xFF,
    0xED, 0xED, 0xED, 0xFF, 0xED, 0xED, 0xED, 0xFF, 0xED, 0xED, 0xED, 0xFF, 0xED, 0xED, 0xED, 0xFF,
    0xED, 0xED, 0xED, 0xFF, 0xED, 0xED, 0xED, 0xFF, 0xEE, 0xEE, 0xEE, 0xFF, 0x79, 0x79, 0x81, 0xFF,
    0x00, 0x00, 0x1C, 0xFF, 0x00, 0x00, 0x34, 0xFF, 0x00, 0x00, 0x34, 0xFF, 0x00, 0x00, 0x34, 0xFF,
    0x00, 0x00, 0x34, 0xFF, 0x00, 0x00, 0x34, 0xFF, 0x00, 0x00, 0x33, 0xFF, 0x00, 0x00, 0x19, 0xFF,
    0xC7, 0xC7, 0xC9, 0xFF, 0xF1, 0xF1, 0xF0, 0xFF, 0xED, 0xED, 0xED, 0xFF, 0xE8, 0xE8, 0xE9, 0xFF,
    0xDE, 0xDE, 0xDF, 0xFE, 0xDF, 0xDF, 0xDF, 0xFE, 0xDF, 0xDF, 0xE0, 0xFE, 0xE0, 0xE0, 0xE0, 0xFE,
    0xE0, 0xE0, 0xE1, 0xFE, 0xE0, 0xE0, 0xE1, 0xFE, 0xEA, 0xEA, 0xEA, 0xFF, 0xED, 0xED, 0xED, 0xFF,
    0xF1, 0xF1, 0xF1, 0xFF, 0xBC, 0xBC, 0xBE, 0xFF, 0x00, 0x00, 0x09, 0xFF, 0x00, 0x00, 0x34, 0xFF,
    0x00, 0x00, 0x34, 0xFF, 0x00, 0x00, 0x34, 0xFF, 0x00, 0x00, 0x34, 0xFF, 0x00, 0x00, 0x34, 0xFF,
    0x00, 0x00, 0x34, 0xFF, 0x00, 0x00, 0x14, 0xFF, 0x89, 0x89, 0x8F, 0xFF, 0xF0, 0xF0, 0xEF, 0xFF,
    0xED, 0xED, 0xED, 0xFF, 0xEC, 0xEC, 0xED, 0xFF, 0xE2, 0xE2, 0xE2, 0xFE, 0xE0, 0xE0, 0xE0, 0xFE,
    0xE0, 0xE0, 0xE0, 0xFE, 0xE0, 0xE0, 0xE0, 0xFE, 0xDF, 0xDF, 0xE0, 0xFE, 0xDE, 0xDE, 0xDF, 0xFE,
    0xDE, 0xDE, 0xDF, 0xFE, 0xCF, 0xCF, 0xD1, 0xFE, 0x83, 0x83, 0x8A, 0xFD, 0x00, 0x00, 0x0A, 0xB6,
    0xE6, 0xE6, 0xE6, 0xEA, 0xEE, 0xEE, 0xEE, 0xFF, 0xF1, 0xF1, 0xF1, 0xFF, 0xA9, 0xA9, 0xAC, 0xFF,
    0x00, 0x00, 0x02, 0xFF, 0x00, 0x00, 0x34, 0xFF, 0x00, 0x00, 0x34, 0xFF, 0x00, 0x00, 0x34, 0xFF,
    0x00, 0x00, 0x34, 0xFF, 0x00, 0x00, 0x34, 0xFF, 0x01, 0x01, 0x34, 0xFF, 0x00, 0x00, 0x04, 0xFF,
    0xA0, 0xA0, 0xA5, 0xFF, 0xF1, 0xF1, 0xF1, 0xFF, 0xED, 0xED, 0xED, 0xFF, 0xED, 0xED, 0xED, 0xFF,
    0xED, 0xED, 0xED, 0xFF, 0xED, 0xED, 0xED, 0xFF, 0xED, 0xED, 0xED, 0xFF, 0xED, 0xED, 0xED, 0xFF,
    0xED, 0xED, 0xED, 0xFF, 0xED, 0xED, 0xED, 0xFF, 0xF1, 0xF1, 0xF1, 0xFF, 0xAF, 0xAF, 0xB2, 0xFF,
    0x00, 0x00, 0x00, 0xFF, 0x39, 0x39, 0x4D, 0xFF, 0xE0, 0xE0, 0xE0, 0xFF, 0xEF, 0xEF, 0xEF, 0xFF,
    0xED, 0xED, 0xED, 0xFF, 0xED, 0xED, 0xED, 0xFF, 0xED, 0xED, 0xED, 0xFF, 0xED, 0xED, 0xED, 0xFF,
    0xED, 0xED, 0xED, 0xFF, 0xED, 0xED, 0xED, 0xFF, 0xED, 0xED, 0xED, 0xFF, 0xED, 0xED, 0xED, 0xFF,
    0xED, 0xED, 0xED, 0xFF, 0xED, 0xED, 0xED, 0xFF, 0xED, 0xED, 0xED, 0xFF, 0xED, 0xED, 0xED, 0xFF,
    0xED, 0xED, 0xED, 0xFF, 0xEE, 0xEE, 0xEE, 0xFF, 0xE5, 0xE5, 0xE6, 0xFF, 0x4F, 0x4F, 0x5D, 0xFF,
    0x00, 0x00, 0x00, 0xFF, 0xA1, 0xA1, 0xA5, 0xFF, 0xF1, 0xF1, 0xF1, 0xFF, 0xED, 0xED, 0xED, 0xFF,
    0xED, 0xED, 0xED, 0xFF, 0xED, 0xED, 0xED, 0xFF, 0xED, 0xED, 0xED, 0xFF, 0xED, 0xED, 0xED, 0xFF,
    0xED, 0xED, 0xED, 0xFF, 0xED, 0xED, 0xED, 0xFF, 0xED, 0xED, 0xED, 0xFF, 0xF0, 0xF0, 0xF0, 0xFF,
    0x8E, 0x8E, 0x94, 0xFF, 0x00, 0x00, 0x10, 0xFF, 0x00, 0x00, 0x34, 0xFF, 0x00, 0x00, 0x34, 0xFF,
    0x00, 0x00, 0x34, 0xFF, 0x00, 0x00, 0x34, 0xFF, 0x00, 0x00, 0x34, 0xFF, 0x00, 0x00, 0x34, 0xFF,
    0x00, 0x00, 0x03, 0xFF, 0xB5, 0xB5, 0xB7, 0xFF, 0xF1, 0xF1, 0xF1, 0xFF, 0xF0, 0xF0, 0xEF, 0xFF,
    0xD7, 0xD7, 0xD9, 0xFF, 0x0E, 0x0E, 0x38, 0xFF, 0x00, 0x00, 0x31, 0xFF, 0x00, 0x00, 0x34, 0xFF,
    0x00, 0x00, 0x34, 0xFF, 0x00, 0x00, 0x34, 0xFF, 0x00, 0x00, 0x34, 0xFF, 0x00, 0x00, 0x34, 0xFF,
    0x00, 0x00, 0x28, 0xFF, 0x57, 0x57, 0x63, 0xFF, 0xE7, 0xE7, 0xE8, 0xFF, 0xEE, 0xEE, 0xEE, 0xFF,
    0xED, 0xED, 0xED, 0xFF, 0xED, 0xED, 0xED, 0xFF, 0xED, 0xED, 0xED, 0xFF, 0xF1, 0xF1, 0xF1, 0xFF,
    0xA0, 0xA0, 0xA5, 0xFF, 0x00, 0x00, 0x06, 0xFF, 0x00, 0x00, 0x34, 0xFF, 0x00, 0x00, 0x34, 0xFF,
    0x00, 0x00, 0x34, 0xFF, 0x00, 0x00, 0x34, 0xFF, 0x00, 0x00, 0x34, 0xFF, 0x00, 0x00, 0x34, 0xFF,
    0x00, 0x00, 0x04, 0xFF, 0xB8, 0xB8, 0xBB, 0xFF, 0xF2, 0xF2, 0xF2, 0xFF, 0xEE, 0xEE, 0xEE, 0xFF,
    0xEE, 0xEE, 0xEE, 0xFF, 0xEE, 0xEE, 0xEE, 0xFF, 0xEE, 0xEE, 0xEE, 0xFF, 0xEE, 0xEE, 0xEE, 0xFF,
    0xEE, 0xEE, 0xEE, 0xFF, 0xEF, 0xEF, 0xEF, 0xFF, 0xF3, 0xF3, 0xF3, 0xFF, 0xDA, 0xDA, 0xDB, 0xFF,
    0x37, 0x37, 0x4C, 0xFF, 0x00, 0x00, 0x2D, 0xFF, 0x00, 0x00, 0x34, 0xFF, 0x00, 0x00, 0x34, 0xFF,
    0x00, 0x00, 0x34, 0xFF, 0x00, 0x00, 0x34, 0xFF, 0x00, 0x00, 0x34, 0xFF, 0x00, 0x00, 0x29, 0xFF,
    0x47, 0x47, 0x57, 0xFF, 0xE3, 0xE3, 0xE4, 0xFF, 0xEE, 0xEE, 0xEE, 0xFF, 0xED, 0xED, 0xED, 0xFF,
    0xEE, 0xEE, 0xEE, 0xFF, 0xED, 0xED, 0xED, 0xFF, 0xF0, 0xF0, 0xF0, 0xFF, 0xD1, 0xD1, 0xD3, 0xFF,
    0x00, 0x00, 0x2B, 0xFF, 0x00, 0x00, 0x32, 0xFF, 0x00, 0x00, 0x34, 0xFF, 0x00, 0x00, 0x34, 0xFF,
    0x00, 0x00, 0x34, 0xFF, 0x00, 0x00, 0x34, 0xFF, 0x00, 0x00, 0x34, 0xFF, 0x00, 0x00, 0x1B, 0xFF,
    0x7B, 0x7B, 0x82, 0xFF, 0xF1, 0xF1, 0xF0, 0xFF, 0xF0, 0xF0, 0xF0, 0xFF, 0xF0, 0xF0, 0xF0, 0xFF,
    0xF0, 0xF0, 0xF0, 0xFF, 0xF0, 0xF0, 0xF0, 0xFF, 0xF0, 0xF0, 0xF0, 0xFF, 0xF0, 0xF0, 0xF0, 0xFF,
    0xF0, 0xF0, 0xF0, 0xFF, 0xF0, 0xF0, 0xF0, 0xFF, 0xF0, 0xF0, 0xF0, 0xFF, 0xF0, 0xF0, 0xF0, 0xFF,
    0xF0, 0xF0, 0xF0, 0xFF, 0xF0, 0xF0, 0xF0, 0xFF, 0xF0, 0xF0, 0xF0, 0xFF, 0xED, 0xED, 0xED, 0xFF,
    0xEE, 0xEE, 0xEE, 0xFF, 0xEA, 0xEA, 0xEA, 0xFF, 0x62, 0x62, 0x6D, 0xFB, 0xC6, 0xC6, 0xC8, 0xFE,
    0xF1, 0xF1, 0xF0, 0xFF, 0xF1, 0xF1, 0xF1, 0xFF, 0xC5, 0xC5, 0xC7, 0xFF, 0x00, 0x00, 0x17, 0xFF,
    0x00, 0x00, 0x34, 0xFF, 0x00, 0x00, 0x34, 0xFF, 0x00, 0x00, 0x34, 0xFF, 0x00, 0x00, 0x34, 0xFF,
    0x00, 0x00, 0x34, 0xFF, 0x00, 0x00, 0x34, 0xFF, 0x00, 0x00, 0x1B, 0xFF, 0x7B, 0x7B, 0x82, 0xFF,
    0xEE, 0xEE, 0xEE, 0xFF, 0xED, 0xED, 0xED, 0xFF, 0xEC, 0xEC, 0xEC, 0xFE, 0xD9, 0xD9, 0xDA, 0x34,
    0x00, 0x00, 0x00, 0x00, 0x00, 0x00, 0x00, 0x00, 0x00, 0x00, 0x00, 0x00, 0x00, 0x00, 0x00, 0x00,
    0x00, 0x00, 0x00, 0x00, 0x00, 0x00, 0x00, 0x00, 0x00, 0x00, 0x00, 0x00, 0x00, 0x00, 0x00, 0x00,
    0x00, 0x00, 0x00, 0x00, 0x00, 0x00, 0x00, 0x00, 0x00, 0x00, 0x00, 0x00, 0xE6, 0xE6, 0xE7, 0xAE,
    0xED, 0xED, 0xED, 0xFF, 0xF0, 0xF0, 0xF0, 0xFF, 0xCA, 0xCA, 0xCC, 0xFF, 0x00, 0x00, 0x1F, 0xFF,
    0x00, 0x00, 0x33, 0xFF, 0x00, 0x00, 0x34, 0xFF, 0x00, 0x00, 0x34, 0xFF, 0x00, 0x00, 0x34, 0xFF,
    0x00, 0x00, 0x34, 0xFF, 0x00, 0x00, 0x34, 0xFF, 0x00, 0x00, 0x1F, 0xFF, 0x73, 0x73, 0x7B, 0xFF,
    0xED, 0xED, 0xED, 0xFF, 0xED, 0xED, 0xED, 0xFF, 0xED, 0xED, 0xED, 0xFF, 0xED, 0xED, 0xED, 0xFF,
    0xF0, 0xF0, 0xF0, 0xFF, 0x8F, 0x8F, 0x94, 0xFF, 0x00, 0x00, 0x0F, 0xFF, 0x01, 0x01, 0x34, 0xFF,
    0x00, 0x00, 0x34, 0xFF, 0x00, 0x00, 0x34, 0xFF, 0x00, 0x00, 0x34, 0xFF, 0x00, 0x00, 0x34, 0xFF,
    0x00, 0x00, 0x34, 0xFF, 0x00, 0x00, 0x2B, 0xFF, 0x41, 0x41, 0x53, 0xFF, 0xDF, 0xDF, 0xE0, 0xFF,
    0xF0, 0xF0, 0xEF, 0xFF, 0xEE, 0xEE, 0xEE, 0xFF, 0xED, 0xED, 0xED, 0xFF, 0xB0, 0xB0, 0xB4, 0xFD,
    0x4B, 0x4B, 0x5A, 0xFA, 0x00, 0x00, 0x20, 0xFA, 0x00, 0x00, 0x07, 0xFA, 0x00, 0x00, 0x06, 0xFA,
    0x00, 0x00, 0x20, 0xFA, 0x50, 0x50, 0x5E, 0xFB, 0xAF, 0xAF, 0xB2, 0xFD, 0xE8, 0xE8, 0xE8, 0xFF,
    0xEE, 0xEE, 0xEE, 0xFF, 0xED, 0xED, 0xED, 0xFF, 0xF0, 0xF0, 0xF0, 0xFF, 0xEF, 0xEF, 0xEF, 0xFF,
    0xED, 0xED, 0xED, 0xFF, 0xEE, 0xEE, 0xEE, 0xFF, 0xDE, 0xDE, 0xDF, 0xFE, 0x6B, 0x6B, 0x75, 0xFB,
    0x00, 0x00, 0x00, 0xF8, 0x00, 0x00, 0x00, 0xEF, 0xC8, 0xC8, 0xC9, 0xF9, 0xF0, 0xF0, 0xF0, 0xFF,
    0xF1, 0xF1, 0xF0, 0xFF, 0xC9, 0xC9, 0xCA, 0xFF, 0x00, 0x00, 0x1C, 0xFF, 0x00, 0x00, 0x33, 0xFF,
    0x00, 0x00, 0x34, 0xFF, 0x00, 0x00, 0x34, 0xFF, 0x00, 0x00, 0x34, 0xFF, 0x00, 0x00, 0x34, 0xFF,
    0x00, 0x00, 0x34, 0xFF, 0x00, 0x00, 0x1C, 0xFF, 0x77, 0x77, 0x80, 0xFF, 0xF1, 0xF1, 0xF1, 0xFF,
    0xF2, 0xF2, 0xF1, 0xFF, 0xF1, 0xF1, 0xF1, 0xFF, 0xF1, 0xF1, 0xF1, 0xFF, 0xF1, 0xF1, 0xF1, 0xFF,
    0xF1, 0xF1, 0xF1, 0xFF, 0xF1, 0xF1, 0xF1, 0xFF, 0xF1, 0xF1, 0xF1, 0xFF, 0xF1, 0xF1, 0xF1, 0xFF,
    0xF1, 0xF1, 0xF1, 0xFF, 0xF1, 0xF1, 0xF1, 0xFF, 0xF2, 0xF2, 0xF2, 0xFF, 0x7B, 0x7B, 0x83, 0xFF,
    0x00, 0x00, 0x1B, 0xFF, 0x00, 0x00, 0x34, 0xFF, 0x00, 0x00, 0x34, 0xFF, 0x00, 0x00, 0x34, 0xFF,
    0x00, 0x00, 0x34, 0xFF, 0x00, 0x00, 0x34, 0xFF, 0x00, 0x00, 0x33, 0xFF, 0x00, 0x00, 0x19, 0xFF,
    0xC7, 0xC7, 0xC9, 0xFF, 0xF1, 0xF1, 0xF1, 0xFF, 0xF0, 0xF0, 0xF0, 0xFF, 0xC9, 0xC9, 0xCB, 0xFD,
    0x10, 0x10, 0x39, 0xFA, 0x32, 0x32, 0x49, 0xFA, 0x36, 0x36, 0x4B, 0xFA, 0x37, 0x37, 0x4C, 0xFA,
    0x36, 0x36, 0x4B, 0xFA, 0x2F, 0x2F, 0x47, 0xFA, 0xD3, 0xD3, 0xD4, 0xFE, 0xF0, 0xF0, 0xF0, 0xFF,
    0xF1, 0xF1, 0xF1, 0xFF, 0xBC, 0xBC, 0xBE, 0xFF, 0x00, 0x00, 0x09, 0xFF, 0x00, 0x00, 0x34, 0xFF,
    0x00, 0x00, 0x34, 0xFF, 0x00, 0x00, 0x34, 0xFF, 0x00, 0x00, 0x34, 0xFF, 0x00, 0x00, 0x34, 0xFF,
    0x00, 0x00, 0x34, 0xFF, 0x00, 0x00, 0x14, 0xFF, 0x89, 0x89, 0x8F, 0xFF, 0xF0, 0xF0, 0xF0, 0xFF,
    0xEE, 0xEE, 0xEE, 0xFF, 0xE9, 0xE9, 0xE9, 0xFF, 0x6A, 0x6A, 0x74, 0xFB, 0x2B, 0x2B, 0x44, 0xFA,
    0x37, 0x37, 0x4C, 0xFA, 0x36, 0x36, 0x4B, 0xFA, 0x33, 0x33, 0x49, 0xFA, 0x31, 0x31, 0x48, 0xFA,
    0x2E, 0x2E, 0x46, 0xFA, 0x00, 0x00, 0x2A, 0xFB, 0x00, 0x00, 0x1B, 0xFC, 0x00, 0x00, 0x34, 0x9E,
    0xE6, 0xE6, 0xE6, 0xEA, 0xEE, 0xEE, 0xEE, 0xFF, 0xF1, 0xF1, 0xF1, 0xFF, 0xA9, 0xA9, 0xAC, 0xFF,
    0x00, 0x00, 0x02, 0xFF, 0x00, 0x00, 0x34, 0xFF, 0x00, 0x00, 0x34, 0xFF, 0x00, 0x00, 0x34, 0xFF,
    0x00, 0x00, 0x34, 0xFF, 0x00, 0x00, 0x34, 0xFF, 0x00, 0x00, 0x34, 0xFF, 0x00, 0x00, 0x25, 0xFF,
    0x60, 0x60, 0x6B, 0xFF, 0xE9, 0xE9, 0xE9, 0xFF, 0xEE, 0xEE, 0xEE, 0xFF, 0xED, 0xED, 0xED, 0xFF,
    0xED, 0xED, 0xED, 0xFF, 0xED, 0xED, 0xED, 0xFF, 0xED, 0xED, 0xED, 0xFF, 0xED, 0xED, 0xED, 0xFF,
    0xED, 0xED, 0xED, 0xFF, 0xED, 0xED, 0xED, 0xFF, 0xF0, 0xF0, 0xF0, 0xFF, 0xD4, 0xD4, 0xD5, 0xFF,
    0x00, 0x00, 0x0F, 0xFF, 0x85, 0x85, 0x8B, 0xFF, 0xEF, 0xEF, 0xEF, 0xFF, 0xED, 0xED, 0xED, 0xFF,
    0xED, 0xED, 0xED, 0xFF, 0xED, 0xED, 0xED, 0xFF, 0xED, 0xED, 0xED, 0xFF, 0xED, 0xED, 0xED, 0xFF,
    0xED, 0xED, 0xED, 0xFF, 0xED, 0xED, 0xED, 0xFF, 0xED, 0xED, 0xED, 0xFF, 0xED, 0xED, 0xED, 0xFF,
    0xED, 0xED, 0xED, 0xFF, 0xED, 0xED, 0xED, 0xFF, 0xED, 0xED, 0xED, 0xFF, 0xED, 0xED, 0xED, 0xFF,
    0xED, 0xED, 0xED, 0xFF, 0xED, 0xED, 0xED, 0xFF, 0xF0, 0xF0, 0xF0, 0xFF, 0x95, 0x95, 0x9A, 0xFF,
    0x00, 0x00, 0x00, 0xFF, 0xCB, 0xCB, 0xCD, 0xFF, 0xF0, 0xF0, 0xF0, 0xFF, 0xED, 0xED, 0xED, 0xFF,
    0xED, 0xED, 0xED, 0xFF, 0xED, 0xED, 0xED, 0xFF, 0xED, 0xED, 0xED, 0xFF, 0xED, 0xED, 0xED, 0xFF,
    0xED, 0xED, 0xED, 0xFF, 0xED, 0xED, 0xED, 0xFF, 0xEE, 0xEE, 0xEE, 0xFF, 0xE3, 0xE3, 0xE4, 0xFF,
    0x48, 0x48, 0x58, 0xFF, 0x00, 0x00, 0x2B, 0xFF, 0x00, 0x00, 0x34, 0xFF, 0x00, 0x00, 0x34, 0xFF,
    0x00, 0x00, 0x34, 0xFF, 0x00, 0x00, 0x34, 0xFF, 0x00, 0x00, 0x34, 0xFF, 0x00, 0x00, 0x34, 0xFF,
    0x00, 0x00, 0x03, 0xFF, 0xB5, 0xB5, 0xB7, 0xFF, 0xF1, 0xF1, 0xF1, 0xFF, 0xF0, 0xF0, 0xEF, 0xFF,
    0xD7, 0xD7, 0xD8, 0xFF, 0x0E, 0x0E, 0x38, 0xFF, 0x00, 0x00, 0x31, 0xFF, 0x00, 0x00, 0x34, 0xFF,
    0x00, 0x00, 0x34, 0xFF, 0x00, 0x00, 0x34, 0xFF, 0x00, 0x00, 0x34, 0xFF, 0x00, 0x00, 0x34, 0xFF,
    0x00, 0x00, 0x28, 0xFF, 0x57, 0x57, 0x63, 0xFF, 0xE7, 0xE7, 0xE8, 0xFF, 0xEE, 0xEE, 0xEE, 0xFF,
    0xED, 0xED, 0xED, 0xFF, 0xED, 0xED, 0xED, 0xFF, 0xED, 0xED, 0xED, 0xFF, 0xF1, 0xF1, 0xF1, 0xFF,
    0xA0, 0xA0, 0xA5, 0xFF, 0x00, 0x00, 0x06, 0xFF, 0x00, 0x00, 0x34, 0xFF, 0x00, 0x00, 0x34, 0xFF,
    0x00, 0x00, 0x34, 0xFF, 0x00, 0x00, 0x34, 0xFF, 0x00, 0x00, 0x34, 0xFF, 0x00, 0x00, 0x34, 0xFF,
    0x00, 0x00, 0x07, 0xFF, 0xB5, 0xB5, 0xB8, 0xFF, 0xEE, 0xEE, 0xEE, 0xFF, 0xEA, 0xEA, 0xEA, 0xFF,
    0xEA, 0xEA, 0xEA, 0xFF, 0xEA, 0xEA, 0xEA, 0xFF, 0xEA, 0xEA, 0xEA, 0xFF, 0xEA, 0xEA, 0xEA, 0xFF,
    0xE9, 0xE9, 0xE9, 0xFF, 0xE2, 0xE2, 0xE2, 0xFF, 0xC3, 0xC3, 0xC5, 0xFF, 0x5D, 0x5D, 0x69, 0xFF,
    0x00, 0x00, 0x24, 0xFF, 0x02, 0x02, 0x34, 0xFF, 0x00, 0x00, 0x34, 0xFF, 0x00, 0x00, 0x34, 0xFF,
    0x00, 0x00, 0x34, 0xFF, 0x00, 0x00, 0x34, 0xFF, 0x01, 0x01, 0x34, 0xFF, 0x00, 0x00, 0x00, 0xFF,
    0xA8, 0xA8, 0xAC, 0xFF, 0xF1, 0xF1, 0xF1, 0xFF, 0xED, 0xED, 0xED, 0xFF, 0xEA, 0xEA, 0xEA, 0xFF,
    0xDC, 0xDC, 0xDD, 0xFE, 0xEE, 0xEE, 0xEE, 0xFF, 0xF0, 0xF0, 0xF0, 0xFF, 0xD1, 0xD1, 0xD3, 0xFF,
    0x00, 0x00, 0x2B, 0xFF, 0x00, 0x00, 0x32, 0xFF, 0x00, 0x00, 0x34, 0xFF, 0x00, 0x00, 0x34, 0xFF,
    0x00, 0x00, 0x34, 0xFF, 0x00, 0x00, 0x34, 0xFF, 0x00, 0x00, 0x34, 0xFF, 0x00, 0x00, 0x23, 0xFF,
    0x6B, 0x6B, 0x74, 0xFF, 0xD3, 0xD3, 0xD5, 0xFF, 0xD3, 0xD3, 0xD4, 0xFF, 0xD3, 0xD3, 0xD4, 0xFF,
    0xD3, 0xD3, 0xD4, 0xFF, 0xD3, 0xD3, 0xD4, 0xFF, 0xD3, 0xD3, 0xD4, 0xFF, 0xD3, 0xD3, 0xD4, 0xFF,
    0xD3, 0xD3, 0xD4, 0xFF, 0xD3, 0xD3, 0xD4, 0xFF, 0xD3, 0xD3, 0xD4, 0xFF, 0xD3, 0xD3, 0xD4, 0xFF,
    0xD3, 0xD3, 0xD4, 0xFF, 0xD3, 0xD3, 0xD4, 0xFF, 0xD4, 0xD4, 0xD5, 0xFF, 0xE9, 0xE9, 0xEA, 0xFF,
    0xED, 0xED, 0xED, 0xFF, 0xF1, 0xF1, 0xF1, 0xFF, 0x9E, 0x9E, 0xA3, 0xF9, 0xC5, 0xC5, 0xC7, 0xFB,
    0xF0, 0xF0, 0xF0, 0xFF, 0xF1, 0xF1, 0xF1, 0xFF, 0xC5, 0xC5, 0xC7, 0xFF, 0x00, 0x00, 0x17, 0xFF,
    0x00, 0x00, 0x34, 0xFF, 0x00, 0x00, 0x34, 0xFF, 0x00, 0x00, 0x34, 0xFF, 0x00, 0x00, 0x34, 0xFF,
    0x00, 0x00, 0x34, 0xFF, 0x00, 0x00, 0x34, 0xFF, 0x00, 0x00, 0x1B, 0xFF, 0x7B, 0x7B, 0x82, 0xFF,
    0xEE, 0xEE, 0xEE, 0xFF, 0xED, 0xED, 0xED, 0xFF, 0xEB, 0xEB, 0xEC, 0xFE, 0xD9, 0xD9, 0xDA, 0x34,
    0x00, 0x00, 0x00, 0x00, 0x00, 0x00, 0x00, 0x00, 0x00, 0x00, 0x00, 0x00, 0x00, 0x00, 0x00, 0x00,
    0x00, 0x00, 0x00, 0x00, 0x00, 0x00, 0x00, 0x00, 0x00, 0x00, 0x00, 0x00, 0x00, 0x00, 0x00, 0x00,
    0x00, 0x00, 0x00, 0x00, 0x00, 0x00, 0x00, 0x00, 0x00, 0x00, 0x00, 0x00, 0xE6, 0xE6, 0xE7, 0xAE,
    0xED, 0xED, 0xED, 0xFF, 0xF0, 0xF0, 0xF0, 0xFF, 0xCA, 0xCA, 0xCC, 0xFF, 0x00, 0x00, 0x1F, 0xFF,
    0x00, 0x00, 0x33, 0xFF, 0x00, 0x00, 0x34, 0xFF, 0x00, 0x00, 0x34, 0xFF, 0x00, 0x00, 0x34, 0xFF,
    0x00, 0x00, 0x34, 0xFF, 0x00, 0x00, 0x34, 0xFF, 0x00, 0x00, 0x1F, 0xFF, 0x73, 0x73, 0x7B, 0xFF,
    0xED, 0xED, 0xED, 0xFF, 0xED, 0xED, 0xED, 0xFF, 0xED, 0xED, 0xED, 0xFF, 0xEE, 0xEE, 0xEE, 0xFF,
    0xE8, 0xE8, 0xE8, 0xFF, 0x58, 0x58, 0x65, 0xFF, 0x00, 0x00, 0x27, 0xFF, 0x00, 0x00, 0x34, 0xFF,
    0x00, 0x00, 0x34, 0xFF, 0x00, 0x00, 0x34, 0xFF, 0x00, 0x00, 0x34, 0xFF, 0x00, 0x00, 0x34, 0xFF,
    0x00, 0x00, 0x34, 0xFF, 0x00, 0x00, 0x08, 0xFF, 0xA2, 0xA2, 0xA7, 0xFF, 0xF1, 0xF1, 0xF1, 0xFF,
    0xED, 0xED, 0xED, 0xFF, 0xF0, 0xF0, 0xEF, 0xFF, 0xA5, 0xA5, 0xA9, 0xFC, 0x00, 0x00, 0x00, 0xFA,
    0x00, 0x00, 0x27, 0xFC, 0x00, 0x00, 0x33, 0xFC, 0x00, 0x00, 0x34, 0xFC, 0x01, 0x01, 0x34, 0xFC,
    0x00, 0x00, 0x2E, 0xFC, 0x00, 0x00, 0x1D, 0xFA, 0x83, 0x83, 0x8A, 0xFB, 0xD8, 0xD8, 0xDA, 0xFE,
    0xEF, 0xEF, 0xEF, 0xFF, 0xED, 0xED, 0xED, 0xFF, 0xED, 0xED, 0xED, 0xFF, 0xED, 0xED, 0xED, 0xFF,
    0xED, 0xED, 0xED, 0xFF, 0xEE, 0xEE, 0xEE, 0xFF, 0xD3, 0xD3, 0xD4, 0xFE, 0xBA, 0xBA, 0xBD, 0xFD,
    0xB5, 0xB5, 0xB8, 0xFA, 0x7B, 0x7B, 0x83, 0xC0, 0xD1, 0xD1, 0xD3, 0xDD, 0xEF, 0xEF, 0xEF, 0xFF,
    0xF1, 0xF1, 0xF0, 0xFF, 0xC9, 0xC9, 0xCA, 0xFF, 0x00, 0x00, 0x1C, 0xFF, 0x00, 0x00, 0x33, 0xFF,
    0x00, 0x00, 0x34, 0xFF, 0x00, 0x00, 0x34, 0xFF, 0x00, 0x00, 0x34, 0xFF, 0x00, 0x00, 0x34, 0xFF,
    0x00, 0x00, 0x34, 0xFF, 0x00, 0x00, 0x2C, 0xFF, 0x4D, 0x4D, 0x5C, 0xFF, 0xA0, 0xA0, 0xA4, 0xFF,
    0xA0, 0xA0, 0xA5, 0xFF, 0xA0, 0xA0, 0xA4, 0xFF, 0xA0, 0xA0, 0xA4, 0xFF, 0xA0, 0xA0, 0xA4, 0xFF,
    0xA0, 0xA0, 0xA4, 0xFF, 0xA0, 0xA0, 0xA4, 0xFF, 0xA0, 0xA0, 0xA4, 0xFF, 0xA0, 0xA0, 0xA4, 0xFF,
    0xA0, 0xA0, 0xA4, 0xFF, 0xA0, 0xA0, 0xA5, 0xFF, 0xA0, 0xA0, 0xA5, 0xFF, 0x50, 0x50, 0x5E, 0xFF,
    0x00, 0x00, 0x2C, 0xFF, 0x00, 0x00, 0x34, 0xFF, 0x00, 0x00, 0x34, 0xFF, 0x00, 0x00, 0x34, 0xFF,
    0x00, 0x00, 0x34, 0xFF, 0x00, 0x00, 0x34, 0xFF, 0x00, 0x00, 0x33, 0xFF, 0x00, 0x00, 0x19, 0xFF,
    0xC7, 0xC7, 0xC9, 0xFF, 0xF1, 0xF1, 0xF0, 0xFF, 0xF1, 0xF1, 0xF0, 0xFF, 0xC7, 0xC7, 0xC9, 0xFE,
    0x00, 0x00, 0x0B, 0xFC, 0x00, 0x00, 0x2D, 0xFC, 0x00, 0x00, 0x2E, 0xFC, 0x00, 0x00, 0x2E, 0xFC,
    0x00, 0x00, 0x2C, 0xFC, 0x00, 0x00, 0x22, 0xFC, 0xD1, 0xD1, 0xD2, 0xFE, 0xF0, 0xF0, 0xF0, 0xFF,
    0xF1, 0xF1, 0xF1, 0xFF, 0xBC, 0xBC, 0xBE, 0xFF, 0x00, 0x00, 0x09, 0xFF, 0x00, 0x00, 0x34, 0xFF,
    0x00, 0x00, 0x34, 0xFF, 0x00, 0x00, 0x34, 0xFF, 0x00, 0x00, 0x34, 0xFF, 0x00, 0x00, 0x34, 0xFF,
    0x00, 0x00, 0x34, 0xFF, 0x00, 0x00, 0x14, 0xFF, 0x89, 0x89, 0x8F, 0xFF, 0xF0, 0xF0, 0xF0, 0xFF,
    0xEE, 0xEE, 0xEE, 0xFF, 0xE8, 0xE8, 0xE9, 0xFF, 0x59, 0x59, 0x66, 0xFC, 0x00, 0x00, 0x1C, 0xFC,
    0x00, 0x00, 0x2E, 0xFC, 0x00, 0x00, 0x2E, 0xFC, 0x00, 0x00, 0x2E, 0xFC, 0x00, 0x00, 0x2E, 0xFC,
    0x00, 0x00, 0x2F, 0xFC, 0x00, 0x00, 0x32, 0xFD, 0x01, 0x01, 0x34, 0xEA, 0x00, 0x00, 0x34, 0x55,
    0xE6, 0xE6, 0xE6, 0xEA, 0xEE, 0xEE, 0xEE, 0xFF, 0xF1, 0xF1, 0xF1, 0xFF, 0xA9, 0xA9, 0xAC, 0xFF,
    0x00, 0x00, 0x02, 0xFF, 0x00, 0x00, 0x34, 0xFF, 0x00, 0x00, 0x34, 0xFF, 0x00, 0x00, 0x34, 0xFF,
    0x00, 0x00, 0x34, 0xFF, 0x00, 0x00, 0x34, 0xFF, 0x00, 0x00, 0x34, 0xFF, 0x00, 0x00, 0x32, 0xFF,
    0x00, 0x00, 0x2C, 0xFF, 0xD1, 0xD1, 0xD2, 0xFF, 0xF0, 0xF0, 0xF0, 0xFF, 0xED, 0xED, 0xED, 0xFF,
    0xED, 0xED, 0xED, 0xFF, 0xED, 0xED, 0xED, 0xFF, 0xED, 0xED, 0xED, 0xFF, 0xED, 0xED, 0xED, 0xFF,
    0xED, 0xED, 0xED, 0xFF, 0xED, 0xED, 0xED, 0xFF, 0xEE, 0xEE, 0xEE, 0xFF, 0xE9, 0xE9, 0xE9, 0xFF,
    0x53, 0x53, 0x60, 0xFF, 0xBA, 0xBA, 0xBD, 0xFF, 0xF1, 0xF1, 0xF1, 0xFF, 0xED, 0xED, 0xED, 0xFF,
    0xED, 0xED, 0xED, 0xFF, 0xED, 0xED, 0xED, 0xFF, 0xED, 0xED, 0xED, 0xFF, 0xED, 0xED, 0xED, 0xFF,
    0xED, 0xED, 0xED, 0xFF, 0xED, 0xED, 0xED, 0xFF, 0xED, 0xED, 0xED, 0xFF, 0xED, 0xED, 0xED, 0xFF,
    0xED, 0xED, 0xED, 0xFF, 0xED, 0xED, 0xED, 0xFF, 0xED, 0xED, 0xED, 0xFF, 0xED, 0xED, 0xED, 0xFF,
    0xED, 0xED, 0xED, 0xFF, 0xED, 0xED, 0xED, 0xFF, 0xF1, 0xF1, 0xF1, 0xFF, 0xC6, 0xC6, 0xC8, 0xFF,
    0x3F, 0x3F, 0x51, 0xFF, 0xE5, 0xE5, 0xE5, 0xFF, 0xEE, 0xEE, 0xEE, 0xFF, 0xED, 0xED, 0xED, 0xFF,
    0xED, 0xED, 0xED, 0xFF, 0xED, 0xED, 0xED, 0xFF, 0xED, 0xED, 0xED, 0xFF, 0xED, 0xED, 0xED, 0xFF,
    0xED, 0xED, 0xED, 0xFF, 0xED, 0xED, 0xED, 0xFF, 0xF1, 0xF1, 0xF1, 0xFF, 0xC5, 0xC5, 0xC7, 0xFF,
    0x00, 0x00, 0x18, 0xFF, 0x00, 0x00, 0x33, 0xFF, 0x00, 0x00, 0x34, 0xFF, 0x00, 0x00, 0x34, 0xFF,
    0x00, 0x00, 0x34, 0xFF, 0x00, 0x00, 0x34, 0xFF, 0x00, 0x00, 0x34, 0xFF, 0x00, 0x00, 0x34, 0xFF,
    0x00, 0x00, 0x03, 0xFF, 0xB5, 0xB5, 0xB7, 0xFF, 0xF1, 0xF1, 0xF1, 0xFF, 0xF0, 0xF0, 0xEF, 0xFF,
    0xD7, 0xD7, 0xD8, 0xFF, 0x0E, 0x0E, 0x38, 0xFF, 0x00, 0x00, 0x31, 0xFF, 0x00, 0x00, 0x34, 0xFF,
    0x00, 0x00, 0x34, 0xFF, 0x00, 0x00, 0x34, 0xFF, 0x00, 0x00, 0x34, 0xFF, 0x00, 0x00, 0x34, 0xFF,
    0x00, 0x00, 0x28, 0xFF, 0x57, 0x57, 0x63, 0xFF, 0xE7, 0xE7, 0xE8, 0xFF, 0xEE, 0xEE, 0xEE, 0xFF,
    0xED, 0xED, 0xED, 0xFF, 0xED, 0xED, 0xED, 0xFF, 0xED, 0xED, 0xED, 0xFF, 0xF1, 0xF1, 0xF1, 0xFF,
    0xA0, 0xA0, 0xA5, 0xFF, 0x00, 0x00, 0x06, 0xFF, 0x00, 0x00, 0x34, 0xFF, 0x00, 0x00, 0x34, 0xFF,
    0x00, 0x00, 0x34, 0xFF, 0x00, 0x00, 0x34, 0xFF, 0x00, 0x00, 0x34, 0xFF, 0x00, 0x00, 0x34, 0xFF,
    0x00, 0x00, 0x30, 0xFF, 0x4C, 0x4C, 0x5B, 0xFF, 0x66, 0x66, 0x70, 0xFF, 0x64, 0x64, 0x6F, 0xFF,
    0x64, 0x64, 0x6F, 0xFF, 0x64, 0x64, 0x6F, 0xFF, 0x64, 0x64, 0x6F, 0xFF, 0x64, 0x64, 0x6F, 0xFF,
    0x5D, 0x5D, 0x69, 0xFF, 0x3D, 0x3D, 0x50, 0xFF, 0x00, 0x00, 0x1C, 0xFF, 0x00, 0x00, 0x26, 0xFF,
    0x04, 0x04, 0x35, 0xFF, 0x00, 0x00, 0x34, 0xFF, 0x00, 0x00, 0x34, 0xFF, 0x00, 0x00, 0x34, 0xFF,
    0x00, 0x00, 0x34, 0xFF, 0x00, 0x00, 0x34, 0xFF, 0x00, 0x00, 0x00, 0xFF, 0x74, 0x74, 0x7D, 0xFF,
    0xE8, 0xE8, 0xE8, 0xFF, 0xEE, 0xEE, 0xEE, 0xFF, 0xF0, 0xF0, 0xF0, 0xFF, 0xCF, 0xCF, 0xD1, 0xFE,
    0xBE, 0xBE, 0xC0, 0xFD, 0xF1, 0xF1, 0xF0, 0xFF, 0xF0, 0xF0, 0xF0, 0xFF, 0xD1, 0xD1, 0xD3, 0xFF,
    0x00, 0x00, 0x2B, 0xFF, 0x00, 0x00, 0x32, 0xFF, 0x00, 0x00, 0x34, 0xFF, 0x00, 0x00, 0x34, 0xFF,
    0x00, 0x00, 0x34, 0xFF, 0x00, 0x00, 0x34, 0xFF, 0x00, 0x00, 0x34, 0xFF, 0x01, 0x01, 0x34, 0xFF,
    0x00, 0x00, 0x33, 0xFF, 0x00, 0x00, 0x2E, 0xFF, 0x00, 0x00, 0x2E, 0xFF, 0x00, 0x00, 0x2E, 0xFF,
    0x00, 0x00, 0x2E, 0xFF, 0x00, 0x00, 0x2E, 0xFF, 0x00, 0x00, 0x2E, 0xFF, 0x00, 0x00, 0x2E, 0xFF,
    0x00, 0x00, 0x2E, 0xFF, 0x00, 0x00, 0x2E, 0xFF, 0x00, 0x00, 0x2E, 0xFF, 0x00, 0x00, 0x2E, 0xFF,
    0x00, 0x00, 0x2E, 0xFF, 0x00, 0x00, 0x28, 0xFF, 0x27, 0x27, 0x42, 0xFF, 0xDD, 0xDD, 0xDE, 0xFF,
    0xEF, 0xEF, 0xEF, 0xFF, 0xF0, 0xF0, 0xF0, 0xFF, 0xB2, 0xB2, 0xB6, 0xCC, 0xCE, 0xCE, 0xD0, 0xE2,
    0xEF, 0xEF, 0xEF, 0xFF, 0xF1, 0xF1, 0xF1, 0xFF, 0xC5, 0xC5, 0xC7, 0xFF, 0x00, 0x00, 0x17, 0xFF,
    0x00, 0x00, 0x34, 0xFF, 0x00, 0x00, 0x34, 0xFF, 0x00, 0x00, 0x34, 0xFF, 0x00, 0x00, 0x34, 0xFF,
    0x00, 0x00, 0x34, 0xFF, 0x00, 0x00, 0x34, 0xFF, 0x00, 0x00, 0x1B, 0xFF, 0x7B, 0x7B, 0x82, 0xFF,
    0xEE, 0xEE, 0xEE, 0xFF, 0xED, 0xED, 0xED, 0xFF, 0xEB, 0xEB, 0xEC, 0xFE, 0xD9, 0xD9, 0xDA, 0x35,
    0x00, 0x00, 0x00, 0x00, 0x00, 0x00, 0x00, 0x00, 0x00, 0x00, 0x00, 0x00, 0x00, 0x00, 0x00, 0x00,
    0x00, 0x00, 0x00, 0x00, 0x00, 0x00, 0x00, 0x00, 0x00, 0x00, 0x00, 0x00, 0x00, 0x00, 0x00, 0x00,
    0x00, 0x00, 0x00, 0x00, 0x00, 0x00, 0x00, 0x00, 0x00, 0x00, 0x00, 0x00, 0xE6, 0xE6, 0xE7, 0xAE,
    0xED, 0xED, 0xED, 0xFF, 0xF0, 0xF0, 0xF0, 0xFF, 0xCA, 0xCA, 0xCC, 0xFF, 0x00, 0x00, 0x1F, 0xFF,
    0x00, 0x00, 0x33, 0xFF, 0x00, 0x00, 0x34, 0xFF, 0x00, 0x00, 0x34, 0xFF, 0x00, 0x00, 0x34, 0xFF,
    0x00, 0x00, 0x34, 0xFF, 0x00, 0x00, 0x34, 0xFF, 0x00, 0x00, 0x1F, 0xFF, 0x73, 0x73, 0x7B, 0xFF,
    0xED, 0xED, 0xED, 0xFF, 0xED, 0xED, 0xED, 0xFF, 0xED, 0xED, 0xED, 0xFF, 0xEF, 0xEF, 0xEF, 0xFF,
    0xDA, 0xDA, 0xDB, 0xFF, 0x20, 0x20, 0x3F, 0xFF, 0x00, 0x00, 0x30, 0xFF, 0x00, 0x00, 0x34, 0xFF,
    0x00, 0x00, 0x34, 0xFF, 0x00, 0x00, 0x34, 0xFF, 0x00, 0x00, 0x34, 0xFF, 0x00, 0x00, 0x34, 0xFF,
    0x00, 0x00, 0x32, 0xFF, 0x00, 0x00, 0x2E, 0xFF, 0xD2, 0xD2, 0xD3, 0xFF, 0xF0, 0xF0, 0xF0, 0xFF,
    0xF0, 0xF0, 0xF0, 0xFF, 0xD4, 0xD4, 0xD5, 0xFE, 0x00, 0x00, 0x30, 0xFB, 0x00, 0x00, 0x2F, 0xF9,
    0x01, 0x01, 0x34, 0xEA, 0x00, 0x00, 0x34, 0xD5, 0x00, 0x00, 0x34, 0xC8, 0x00, 0x00, 0x32, 0xC8,
    0x00, 0x00, 0x27, 0xD4, 0xB9, 0xB9, 0xBC, 0xF7, 0xF0, 0xF0, 0xF0, 0xFF, 0xEF, 0xEF, 0xEF, 0xFF,
    0xED, 0xED, 0xED, 0xFF, 0xED, 0xED, 0xED, 0xFF, 0xED, 0xED, 0xED, 0xFF, 0xED, 0xED, 0xED, 0xFF,
    0xED, 0xED, 0xED, 0xFF, 0xED, 0xED, 0xED, 0xFF, 0xEF, 0xEF, 0xEF, 0xFF, 0xF1, 0xF1, 0xF1, 0xFF,
    0xF1, 0xF1, 0xF1, 0xFF, 0xED, 0xED, 0xED, 0xF5, 0xE9, 0xE9, 0xE9, 0xF2, 0xED, 0xED, 0xED, 0xFF,
    0xF1, 0xF1, 0xF0, 0xFF, 0xC9, 0xC9, 0xCA, 0xFF, 0x00, 0x00, 0x1C, 0xFF, 0x00, 0x00, 0x33, 0xFF,
    0x00, 0x00, 0x34, 0xFF, 0x00, 0x00, 0x34, 0xFF, 0x00, 0x00, 0x34, 0xFF, 0x00, 0x00, 0x34, 0xFF,
    0x00, 0x00, 0x34, 0xFF, 0x03, 0x03, 0x35, 0xFF, 0x00, 0x00, 0x2E, 0xFF, 0x00, 0x00, 0x06, 0xFF,
    0x00, 0x00, 0x05, 0xFF, 0x00, 0x00, 0x06, 0xFF, 0x00, 0x00, 0x06, 0xFF, 0x00, 0x00, 0x06, 0xFF,
    0x00, 0x00, 0x06, 0xFF, 0x00, 0x00, 0x06, 0xFF, 0x00, 0x00, 0x06, 0xFF, 0x00, 0x00, 0x06, 0xFF,
    0x00, 0x00, 0x06, 0xFF, 0x00, 0x00, 0x05, 0xFF, 0x00, 0x00, 0x05, 0xFF, 0x00, 0x00, 0x2E, 0xFF,
    0x03, 0x03, 0x35, 0xFF, 0x00, 0x00, 0x34, 0xFF, 0x00, 0x00, 0x34, 0xFF, 0x00, 0x00, 0x34, 0xFF,
    0x00, 0x00, 0x34, 0xFF, 0x00, 0x00, 0x34, 0xFF, 0x00, 0x00, 0x33, 0xFF, 0x00, 0x00, 0x19, 0xFF,
    0xC7, 0xC7, 0xC9, 0xFF, 0xF1, 0xF1, 0xF0, 0xFF, 0xF0, 0xF0, 0xF0, 0xFF, 0xC9, 0xC9, 0xCB, 0xFA,
    0x00, 0x00, 0x16, 0xE8, 0x00, 0x00, 0x33, 0xE6, 0x00, 0x00, 0x34, 0xE7, 0x00, 0x00, 0x34, 0xE7,
    0x00, 0x00, 0x32, 0xE8, 0x00, 0x00, 0x29, 0xEB, 0xD2, 0xD2, 0xD3, 0xFB, 0xF0, 0xF0, 0xF0, 0xFF,
    0xF1, 0xF1, 0xF1, 0xFF, 0xBC, 0xBC, 0xBE, 0xFF, 0x00, 0x00, 0x09, 0xFF, 0x00, 0x00, 0x34, 0xFF,
    0x00, 0x00, 0x34, 0xFF, 0x00, 0x00, 0x34, 0xFF, 0x00, 0x00, 0x34, 0xFF, 0x00, 0x00, 0x34, 0xFF,
    0x00, 0x00, 0x34, 0xFF, 0x00, 0x00, 0x14, 0xFF, 0x89, 0x89, 0x8F, 0xFF, 0xF0, 0xF0, 0xF0, 0xFF,
    0xEE, 0xEE, 0xEE, 0xFF, 0xE8, 0xE8, 0xE9, 0xFF, 0x5E, 0x5E, 0x6A, 0xEF, 0x00, 0x00, 0x25, 0xE8,
    0x00, 0x00, 0x34, 0xE8, 0x00, 0x00, 0x34, 0xE7, 0x00, 0x00, 0x34, 0xE7, 0x00, 0x00, 0x34, 0xE6,
    0x00, 0x00, 0x34, 0xE4, 0x00, 0x00, 0x34, 0xCE, 0x00, 0x00, 0x34, 0x6D, 0x00, 0x00, 0x34, 0x03,
    0xE6, 0xE6, 0xE6, 0xEA, 0xEE, 0xEE, 0xEE, 0xFF, 0xF1, 0xF1, 0xF1, 0xFF, 0xA9, 0xA9, 0xAC, 0xFF,
    0x00, 0x00, 0x02, 0xFF, 0x00, 0x00, 0x34, 0xFF, 0x00, 0x00, 0x34, 0xFF, 0x00, 0x00, 0x34, 0xFF,
    0x00, 0x00, 0x34, 0xFF, 0x00, 0x00, 0x34, 0xFF, 0x00, 0x00, 0x34, 0xFF, 0x01, 0x01, 0x34, 0xFF,
    0x00, 0x00, 0x02, 0xFF, 0xA5, 0xA5, 0xA9, 0xFF, 0xF1, 0xF1, 0xF1, 0xFF, 0xED, 0xED, 0xED, 0xFF,
    0xED, 0xED, 0xED, 0xFF, 0xED, 0xED, 0xED, 0xFF, 0xED, 0xED, 0xED, 0xFF, 0xED, 0xED, 0xED, 0xFF,
    0xED, 0xED, 0xED, 0xFF, 0xED, 0xED, 0xED, 0xFF, 0xED, 0xED, 0xED, 0xFF, 0xF0, 0xF0, 0xF0, 0xFF,
    0xA5, 0xA5, 0xA9, 0xFF, 0xDC, 0xDC, 0xDC, 0xFF, 0xEF, 0xEF, 0xEF, 0xFF, 0xED, 0xED, 0xED, 0xFF,
    0xED, 0xED, 0xED, 0xFF, 0xED, 0xED, 0xED, 0xFF, 0xED, 0xED, 0xED, 0xFF, 0xED, 0xED, 0xED, 0xFF,
    0xED, 0xED, 0xED, 0xFF, 0xED, 0xED, 0xED, 0xFF, 0xED, 0xED, 0xED, 0xFF, 0xED, 0xED, 0xED, 0xFF,
    0xED, 0xED, 0xED, 0xFF, 0xED, 0xED, 0xED, 0xFF, 0xED, 0xED, 0xED, 0xFF, 0xED, 0xED, 0xED, 0xFF,
    0xED, 0xED, 0xED, 0xFF, 0xED, 0xED, 0xED, 0xFF, 0xEE, 0xEE, 0xEE, 0xFF, 0xE2, 0xE2, 0xE2, 0xFF,
    0x9F, 0x9F, 0xA4, 0xFF, 0xEE, 0xEE, 0xEE, 0xFF, 0xED, 0xED, 0xED, 0xFF, 0xED, 0xED, 0xED, 0xFF,
    0xED, 0xED, 0xED, 0xFF, 0xED, 0xED, 0xED, 0xFF, 0xED, 0xED, 0xED, 0xFF, 0xED, 0xED, 0xED, 0xFF,
    0xED, 0xED, 0xED, 0xFF, 0xED, 0xED, 0xED, 0xFF, 0xF0, 0xF0, 0xF0, 0xFF, 0x93, 0x93, 0x98, 0xFF,
    0x00, 0x00, 0x0D, 0xFF, 0x00, 0x00, 0x34, 0xFF, 0x00, 0x00, 0x34, 0xFF, 0x00, 0x00, 0x34, 0xFF,
    0x00, 0x00, 0x34, 0xFF, 0x00, 0x00, 0x34, 0xFF, 0x00, 0x00, 0x34, 0xFF, 0x00, 0x00, 0x34, 0xFF,
    0x00, 0x00, 0x03, 0xFF, 0xB5, 0xB5, 0xB7, 0xFF, 0xF1, 0xF1, 0xF1, 0xFF, 0xF0, 0xF0, 0xEF, 0xFF,
    0xD7, 0xD7, 0xD8, 0xFF, 0x0E, 0x0E, 0x38, 0xFF, 0x00, 0x00, 0x31, 0xFF, 0x00, 0x00, 0x34, 0xFF,
    0x00, 0x00, 0x34, 0xFF, 0x00, 0x00, 0x34, 0xFF, 0x00, 0x00, 0x34, 0xFF, 0x00, 0x00, 0x34, 0xFF,
    0x00, 0x00, 0x28, 0xFF, 0x57, 0x57, 0x63, 0xFF, 0xE7, 0xE7, 0xE8, 0xFF, 0xEE, 0xEE, 0xEE, 0xFF,
    0xED, 0xED, 0xED, 0xFF, 0xED, 0xED, 0xED, 0xFF, 0xED, 0xED, 0xED, 0xFF, 0xF1, 0xF1, 0xF1, 0xFF,
    0xA0, 0xA0, 0xA5, 0xFF, 0x00, 0x00, 0x06, 0xFF, 0x00, 0x00, 0x34, 0xFF, 0x00, 0x00, 0x34, 0xFF,
    0x00, 0x00, 0x34, 0xFF, 0x00, 0x00, 0x34, 0xFF, 0x00, 0x00, 0x34, 0xFF, 0x00, 0x00, 0x34, 0xFF,
    0x02, 0x02, 0x35, 0xFF, 0x00, 0x00, 0x2C, 0xFF, 0x00, 0x00, 0x23, 0xFF, 0x00, 0x00, 0x24, 0xFF,
    0x00, 0x00, 0x24, 0xFF, 0x00, 0x00, 0x24, 0xFF, 0x00, 0x00, 0x24, 0xFF, 0x00, 0x00, 0x24, 0xFF,
    0x00, 0x00, 0x26, 0xFF, 0x00, 0x00, 0x2D, 0xFF, 0x00, 0x00, 0x33, 0xFF, 0x00, 0x00, 0x34, 0xFF,
    0x00, 0x00, 0x34, 0xFF, 0x00, 0x00, 0x34, 0xFF, 0x00, 0x00, 0x34, 0xFF, 0x00, 0x00, 0x34, 0xFF,
    0x00, 0x00, 0x34, 0xFF, 0x00, 0x00, 0x1F, 0xFF, 0x79, 0x79, 0x81, 0xFF, 0xE2, 0xE2, 0xE3, 0xFF,
    0xEF, 0xEF, 0xEF, 0xFF, 0xED, 0xED, 0xED, 0xFF, 0xEB, 0xEB, 0xEC, 0xFF, 0x78, 0x78, 0x80, 0xFB,
    0xB9, 0xB9, 0xBB, 0xFD, 0xF1, 0xF1, 0xF1, 0xFF, 0xF0, 0xF0, 0xF0, 0xFF, 0xD1, 0xD1, 0xD3, 0xFF,
    0x00, 0x00, 0x2B, 0xFF, 0x00, 0x00, 0x32, 0xFF, 0x00, 0x00, 0x34, 0xFF, 0x00, 0x00, 0x34, 0xFF,
    0x00, 0x00, 0x34, 0xFF, 0x00, 0x00, 0x34, 0xFF, 0x00, 0x00, 0x34, 0xFF, 0x00, 0x00, 0x34, 0xFF,
    0x00, 0x00, 0x34, 0xFF, 0x00, 0x00, 0x32, 0xFF, 0x00, 0x00, 0x32, 0xFF, 0x00, 0x00, 0x32, 0xFF,
    0x00, 0x00, 0x32, 0xFF, 0x00, 0x00, 0x32, 0xFF, 0x00, 0x00, 0x32, 0xFF, 0x00, 0x00, 0x32, 0xFF,
    0x00, 0x00, 0x32, 0xFF, 0x00, 0x00, 0x32, 0xFF, 0x00, 0x00, 0x32, 0xFF, 0x00, 0x00, 0x32, 0xFF,
    0x00, 0x00, 0x32, 0xFF, 0x00, 0x00, 0x2C, 0xFF, 0x2C, 0x2C, 0x45, 0xFF, 0xDD, 0xDD, 0xDE, 0xFF,
    0xEF, 0xEF, 0xEF, 0xFF, 0xEE, 0xEE, 0xEE, 0xFF, 0xCA, 0xCA, 0xCC, 0x9D, 0xD9, 0xD9, 0xDA, 0xC8,
    0xEE, 0xEE, 0xEE, 0xFF, 0xF1, 0xF1, 0xF1, 0xFF, 0xC5, 0xC5, 0xC7, 0xFF, 0x00, 0x00, 0x17, 0xFF,
    0x00, 0x00, 0x34, 0xFF, 0x00, 0x00, 0x34, 0xFF, 0x00, 0x00, 0x34, 0xFF, 0x00, 0x00, 0x34, 0xFF,
    0x00, 0x00, 0x34, 0xFF, 0x00, 0x00, 0x34, 0xFF, 0x00, 0x00, 0x1B, 0xFF, 0x7B, 0x7B, 0x82, 0xFF,
    0xEE, 0xEE, 0xEE, 0xFF, 0xED, 0xED, 0xED, 0xFF, 0xEB, 0xEB, 0xEC, 0xFE, 0xD9, 0xD9, 0xDA, 0x35,
    0x00, 0x00, 0x00, 0x00, 0x00, 0x00, 0x00, 0x00, 0x00, 0x00, 0x00, 0x00, 0x00, 0x00, 0x00, 0x00,
    0x00, 0x00, 0x00, 0x00, 0x00, 0x00, 0x00, 0x00, 0x00, 0x00, 0x00, 0x00, 0x00, 0x00, 0x00, 0x00,
    0x00, 0x00, 0x00, 0x00, 0x00, 0x00, 0x00, 0x00, 0x00, 0x00, 0x00, 0x00, 0xE6, 0xE6, 0xE7, 0xAF,
    0xED, 0xED, 0xED, 0xFF, 0xF0, 0xF0, 0xF0, 0xFF, 0xCA, 0xCA, 0xCC, 0xFF, 0x00, 0x00, 0x1F, 0xFF,
    0x00, 0x00, 0x33, 0xFF, 0x00, 0x00, 0x34, 0xFF, 0x00, 0x00, 0x34, 0xFF, 0x00, 0x00, 0x34, 0xFF,
    0x00, 0x00, 0x34, 0xFF, 0x00, 0x00, 0x34, 0xFF, 0x00, 0x00, 0x1F, 0xFF, 0x73, 0x73, 0x7B, 0xFF,
    0xED, 0xED, 0xED, 0xFF, 0xED, 0xED, 0xED, 0xFF, 0xED, 0xED, 0xED, 0xFF, 0xF0, 0xF0, 0xF0, 0xFF,
    0xCE, 0xCE, 0xCF, 0xFF, 0x00, 0x00, 0x24, 0xFF, 0x00, 0x00, 0x33, 0xFF, 0x00, 0x00, 0x34, 0xFF,
    0x00, 0x00, 0x34, 0xFF, 0x00, 0x00, 0x34, 0xFF, 0x00, 0x00, 0x34, 0xFF, 0x00, 0x00, 0x34, 0xFF,
    0x00, 0x00, 0x2B, 0xFF, 0x4A, 0x4A, 0x59, 0xFF, 0xE4, 0xE4, 0xE5, 0xFF, 0xEE, 0xEE, 0xEE, 0xFF,
    0xF1, 0xF1, 0xF1, 0xFF, 0xA3, 0xA3, 0xA7, 0xFD, 0x00, 0x00, 0x00, 0xEF, 0x02, 0x02, 0x34, 0xB6,
    0x00, 0x00, 0x34, 0x6E, 0x00, 0x00, 0x34, 0x42, 0x00, 0x00, 0x34, 0x31, 0x00, 0x00, 0x00, 0x2B,
    0xB4, 0xB4, 0xB7, 0x74, 0xEE, 0xEE, 0xEE, 0xFF, 0xEE, 0xEE, 0xEE, 0xFF, 0xEE, 0xEE, 0xEE, 0xFF,
    0xF0, 0xF0, 0xF0, 0xFF, 0xF0, 0xF0, 0xF0, 0xFF, 0xF0, 0xF0, 0xF0, 0xFF, 0xF0, 0xF0, 0xF0, 0xFF,
    0xF0, 0xF0, 0xF0, 0xFF, 0xF0, 0xF0, 0xF0, 0xFF, 0xF0, 0xF0, 0xF0, 0xFF, 0xF0, 0xF0, 0xF0, 0xFF,
    0xED, 0xED, 0xED, 0xFF, 0xED, 0xED, 0xED, 0xFF, 0xEE, 0xEE, 0xED, 0xFF, 0xED, 0xED, 0xED, 0xFF,
    0xF1, 0xF1, 0xF0, 0xFF, 0xC9, 0xC9, 0xCA, 0xFF, 0x00, 0x00, 0x1C, 0xFF, 0x00, 0x00, 0x33, 0xFF,
    0x00, 0x00, 0x34, 0xFF, 0x00, 0x00, 0x34, 0xFF, 0x00, 0x00, 0x34, 0xFF, 0x00, 0x00, 0x34, 0xFF,
    0x00, 0x00, 0x34, 0xFF, 0x00, 0x00, 0x34, 0xFF, 0x00, 0x00, 0x34, 0xFF, 0x00, 0x00, 0x34, 0xFF,
    0x00, 0x00, 0x34, 0xFF, 0x00, 0x00, 0x34, 0xFF, 0x00, 0x00, 0x34, 0xFF, 0x00, 0x00, 0x34, 0xFF,
    0x00, 0x00, 0x34, 0xFF, 0x00, 0x00, 0x34, 0xFF, 0x00, 0x00, 0x34, 0xFF, 0x00, 0x00, 0x34, 0xFF,
    0x00, 0x00, 0x34, 0xFF, 0x00, 0x00, 0x34, 0xFF, 0x00, 0x00, 0x34, 0xFF, 0x00, 0x00, 0x34, 0xFF,
    0x00, 0x00, 0x34, 0xFF, 0x00, 0x00, 0x34, 0xFF, 0x00, 0x00, 0x34, 0xFF, 0x00, 0x00, 0x34, 0xFF,
    0x00, 0x00, 0x34, 0xFF, 0x00, 0x00, 0x34, 0xFF, 0x00, 0x00, 0x33, 0xFF, 0x00, 0x00, 0x19, 0xFF,
    0xC7, 0xC7, 0xC9, 0xFF, 0xF1, 0xF1, 0xF0, 0xFF, 0xEF, 0xEF, 0xEF, 0xFF, 0xD6, 0xD6, 0xD7, 0xD9,
    0x00, 0x00, 0x00, 0x47, 0x00, 0x00, 0x31, 0x39, 0x00, 0x00, 0x34, 0x3B, 0x00, 0x00, 0x34, 0x3D,
    0x00, 0x00, 0x2D, 0x3D, 0x00, 0x00, 0x00, 0x53, 0xDB, 0xDB, 0xDC, 0xE5, 0xEF, 0xEF, 0xEF, 0xFF,
    0xF1, 0xF1, 0xF1, 0xFF, 0xBC, 0xBC, 0xBE, 0xFF, 0x00, 0x00, 0x09, 0xFF, 0x00, 0x00, 0x34, 0xFF,
    0x00, 0x00, 0x34, 0xFF, 0x00, 0x00, 0x34, 0xFF, 0x00, 0x00, 0x34, 0xFF, 0x00, 0x00, 0x34, 0xFF,
    0x00, 0x00, 0x34, 0xFF, 0x00, 0x00, 0x14, 0xFF, 0x89, 0x89, 0x8F, 0xFF, 0xF0, 0xF0, 0xF0, 0xFF,
    0xEE, 0xEE, 0xEE, 0xFF, 0xE9, 0xE9, 0xE9, 0xFE, 0x82, 0x82, 0x89, 0x79, 0x00, 0x00, 0x00, 0x3C,
    0x00, 0x00, 0x34, 0x3E, 0x00, 0x00, 0x34, 0x3B, 0x00, 0x00, 0x34, 0x3B, 0x00, 0x00, 0x34, 0x3B,
    0x00, 0x00, 0x34, 0x37, 0x00, 0x00, 0x34, 0x1C, 0x00, 0x00, 0x00, 0x00, 0x00, 0x00, 0x00, 0x00,
    0xE5, 0xE5, 0xE6, 0xEA, 0xEE, 0xEE, 0xEE, 0xFF, 0xF1, 0xF1, 0xF1, 0xFF, 0xA9, 0xA9, 0xAC, 0xFF,
    0x00, 0x00, 0x02, 0xFF, 0x00, 0x00, 0x34, 0xFF, 0x00, 0x00, 0x34, 0xFF, 0x00, 0x00, 0x34, 0xFF,
    0x00, 0x00, 0x34, 0xFF, 0x00, 0x00, 0x34, 0xFF, 0x00, 0x00, 0x34, 0xFF, 0x00, 0x00, 0x34, 0xFF,
    0x00, 0x00, 0x23, 0xFF, 0x66, 0x66, 0x70, 0xFF, 0xEA, 0xEA, 0xEA, 0xFF, 0xEE, 0xEE, 0xEE, 0xFF,
    0xED, 0xED, 0xED, 0xFF, 0xED, 0xED, 0xED, 0xFF, 0xED, 0xED, 0xED, 0xFF, 0xED, 0xED, 0xED, 0xFF,
    0xED, 0xED, 0xED, 0xFF, 0xED, 0xED, 0xED, 0xFF, 0xED, 0xED, 0xED, 0xFF, 0xEE, 0xEE, 0xEE, 0xFF,
    0xE3, 0xE3, 0xE4, 0xFF, 0xEB, 0xEB, 0xEB, 0xFF, 0xED, 0xED, 0xED, 0xFF, 0xED, 0xED, 0xED, 0xFF,
    0xED, 0xED, 0xED, 0xFF, 0xED, 0xED, 0xED, 0xFF, 0xED, 0xED, 0xED, 0xFF, 0xED, 0xED, 0xED, 0xFF,
    0xED, 0xED, 0xED, 0xFF, 0xED, 0xED, 0xED, 0xFF, 0xEE, 0xEE, 0xEE, 0xFF, 0xED, 0xED, 0xED, 0xFF,
    0xED, 0xED, 0xED, 0xFF, 0xED, 0xED, 0xED, 0xFF, 0xED, 0xED, 0xED, 0xFF, 0xED, 0xED, 0xED, 0xFF,
    0xED, 0xED, 0xED, 0xFF, 0xED, 0xED, 0xED, 0xFF, 0xED, 0xED, 0xED, 0xFF, 0xEC, 0xEC, 0xEC, 0xFF,
    0xE2, 0xE2, 0xE3, 0xFF, 0xEE, 0xEE, 0xEE, 0xFF, 0xED, 0xED, 0xED, 0xFF, 0xED, 0xED, 0xED, 0xFF,
    0xED, 0xED, 0xED, 0xFF, 0xED, 0xED, 0xED, 0xFF, 0xED, 0xED, 0xED, 0xFF, 0xED, 0xED, 0xED, 0xFF,
    0xED, 0xED, 0xED, 0xFF, 0xEE, 0xEE, 0xEE, 0xFF, 0xE5, 0xE5, 0xE6, 0xFF, 0x4E, 0x4E, 0x5D, 0xFF,
    0x00, 0x00, 0x29, 0xFF, 0x00, 0x00, 0x34, 0xFF, 0x00, 0x00, 0x34, 0xFF, 0x00, 0x00, 0x34, 0xFF,
    0x00, 0x00, 0x34, 0xFF, 0x00, 0x00, 0x34, 0xFF, 0x00, 0x00, 0x34, 0xFF, 0x00, 0x00, 0x34, 0xFF,
    0x00, 0x00, 0x03, 0xFF, 0xB5, 0xB5, 0xB7, 0xFF, 0xF1, 0xF1, 0xF1, 0xFF, 0xF0, 0xF0, 0xEF, 0xFF,
    0xD7, 0xD7, 0xD8, 0xFF, 0x0E, 0x0E, 0x38, 0xFF, 0x00, 0x00, 0x31, 0xFF, 0x00, 0x00, 0x34, 0xFF,
    0x00, 0x00, 0x34, 0xFF, 0x00, 0x00, 0x34, 0xFF, 0x00, 0x00, 0x34, 0xFF, 0x00, 0x00, 0x34, 0xFF,
    0x00, 0x00, 0x28, 0xFF, 0x57, 0x57, 0x63, 0xFF, 0xE7, 0xE7, 0xE8, 0xFF, 0xEE, 0xEE, 0xEE, 0xFF,
    0xED, 0xED, 0xED, 0xFF, 0xED, 0xED, 0xED, 0xFF, 0xED, 0xED, 0xED, 0xFF, 0xF1, 0xF1, 0xF1, 0xFF,
    0xA0, 0xA0, 0xA5, 0xFF, 0x00, 0x00, 0x06, 0xFF, 0x00, 0x00, 0x34, 0xFF, 0x00, 0x00, 0x34, 0xFF,
    0x00, 0x00, 0x34, 0xFF, 0x00, 0x00, 0x34, 0xFF, 0x00, 0x00, 0x34, 0xFF, 0x00, 0x00, 0x34, 0xFF,
    0x00, 0x00, 0x34, 0xFF, 0x00, 0x00, 0x34, 0xFF, 0x00, 0x00, 0x34, 0xFF, 0x00, 0x00, 0x34, 0xFF,
    0x00, 0x00, 0x34, 0xFF, 0x00, 0x00, 0x34, 0xFF, 0x00, 0x00, 0x34, 0xFF, 0x00, 0x00, 0x34, 0xFF,
    0x00, 0x00, 0x34, 0xFF, 0x00, 0x00, 0x34, 0xFF, 0x00, 0x00, 0x34, 0xFF, 0x00, 0x00, 0x34, 0xFF,
    0x00, 0x00, 0x34, 0xFF, 0x00, 0x00, 0x34, 0xFF, 0x00, 0x00, 0x34, 0xFF, 0x00, 0x00, 0x34, 0xFF,
    0x00, 0x00, 0x23, 0xFF, 0x8E, 0x8E, 0x94, 0xFF, 0xEB, 0xEB, 0xEC, 0xFF, 0xF2, 0xF2, 0xF2, 0xFF,
    0xED, 0xED, 0xED, 0xFF, 0xEE, 0xEE, 0xEE, 0xFF, 0xE7, 0xE7, 0xE7, 0xFF, 0x66, 0x66, 0x71, 0xF2,
    0xBC, 0xBC, 0xBE, 0xF4, 0xF1, 0xF1, 0xF1, 0xFF, 0xF0, 0xF0, 0xF0, 0xFF, 0xD1, 0xD1, 0xD3, 0xFF,
    0x00, 0x00, 0x2B, 0xFF, 0x00, 0x00, 0x32, 0xFF, 0x00, 0x00, 0x34, 0xFF, 0x00, 0x00, 0x34, 0xFF,
    0x00, 0x00, 0x34, 0xFF, 0x00, 0x00, 0x34, 0xFF, 0x00, 0x00, 0x34, 0xFF, 0x00, 0x00, 0x34, 0xFF,
    0x00, 0x00, 0x34, 0xFF, 0x00, 0x00, 0x34, 0xFF, 0x00, 0x00, 0x34, 0xFF, 0x00, 0x00, 0x34, 0xFF,
    0x00, 0x00, 0x34, 0xFF, 0x00, 0x00, 0x34, 0xFF, 0x00, 0x00, 0x34, 0xFF, 0x00, 0x00, 0x34, 0xFF,
    0x00, 0x00, 0x34, 0xFF, 0x00, 0x00, 0x34, 0xFF, 0x00, 0x00, 0x34, 0xFF, 0x00, 0x00, 0x34, 0xFF,
    0x00, 0x00, 0x34, 0xFF, 0x00, 0x00, 0x2F, 0xFF, 0x2E, 0x2E, 0x46, 0xFF, 0xDD, 0xDD, 0xDE, 0xFF,
    0xEF, 0xEF, 0xEF, 0xFF, 0xEF, 0xEF, 0xEE, 0xFF, 0xC6, 0xC6, 0xC8, 0xA5, 0xD8, 0xD8, 0xD9, 0xCA,
    0xEE, 0xEE, 0xEE, 0xFF, 0xF1, 0xF1, 0xF1, 0xFF, 0xC5, 0xC5, 0xC7, 0xFF, 0x00, 0x00, 0x17, 0xFF,
    0x00, 0x00, 0x34, 0xFF, 0x00, 0x00, 0x34, 0xFF, 0x00, 0x00, 0x34, 0xFF, 0x00, 0x00, 0x34, 0xFF,
    0x00, 0x00, 0x34, 0xFF, 0x00, 0x00, 0x34, 0xFF, 0x00, 0x00, 0x1B, 0xFF, 0x7B, 0x7B, 0x82, 0xFF,
    0xEE, 0xEE, 0xEE, 0xFF, 0xED, 0xED, 0xED, 0xFF, 0xEB, 0xEB, 0xEC, 0xFF, 0xD9, 0xD9, 0xDA, 0x35,
    0x00, 0x00, 0x00, 0x00, 0x00, 0x00, 0x00, 0x00, 0x00, 0x00, 0x00, 0x00, 0x00, 0x00, 0x00, 0x00,
    0x00, 0x00, 0x00, 0x00, 0x00, 0x00, 0x00, 0x00, 0x00, 0x00, 0x00, 0x00, 0x00, 0x00, 0x00, 0x00,
    0x00, 0x00, 0x00, 0x00, 0x00, 0x00, 0x00, 0x00, 0x00, 0x00, 0x00, 0x00, 0xE6, 0xE6, 0xE7, 0xAF,
    0xED, 0xED, 0xED, 0xFF, 0xF0, 0xF0, 0xF0, 0xFF, 0xCA, 0xCA, 0xCC, 0xFF, 0x00, 0x00, 0x1F, 0xFF,
    0x00, 0x00, 0x33, 0xFF, 0x00, 0x00, 0x34, 0xFF, 0x00, 0x00, 0x34, 0xFF, 0x00, 0x00, 0x34, 0xFF,
    0x00, 0x00, 0x34, 0xFF, 0x00, 0x00, 0x34, 0xFF, 0x00, 0x00, 0x1F, 0xFF, 0x73, 0x73, 0x7B, 0xFF,
    0xED, 0xED, 0xED, 0xFF, 0xED, 0xED, 0xED, 0xFF, 0xED, 0xED, 0xED, 0xFF, 0xF1, 0xF1, 0xF1, 0xFF,
    0xC5, 0xC5, 0xC7, 0xFF, 0x00, 0x00, 0x16, 0xFF, 0x00, 0x00, 0x34, 0xFF, 0x00, 0x00, 0x34, 0xFF,
    0x00, 0x00, 0x34, 0xFF, 0x00, 0x00, 0x34, 0xFF, 0x00, 0x00, 0x34, 0xFF, 0x00, 0x00, 0x34, 0xFF,
    0x00, 0x00, 0x23, 0xFF, 0x66, 0x66, 0x70, 0xFF, 0xEB, 0xEB, 0xEB, 0xFF, 0xEE, 0xEE, 0xEE, 0xFF,
    0xEE, 0xEE, 0xEE, 0xFF, 0x84, 0x84, 0x8B, 0xF3, 0x00, 0x00, 0x00, 0xA0, 0x00, 0x00, 0x34, 0x32,
    0x00, 0x00, 0x34, 0x06, 0x00, 0x00, 0x00, 0x00, 0x00, 0x00, 0x00, 0x00, 0x00, 0x00, 0x00, 0x00,
    0xEF, 0xEF, 0xEF, 0x74, 0xED, 0xED, 0xED, 0xFF, 0xEE, 0xEE, 0xEE, 0xFF, 0xE8, 0xE8, 0xE8, 0xFF,
    0xCD, 0xCD, 0xCF, 0xFF, 0xCC, 0xCC, 0xCE, 0xFF, 0xCD, 0xCD, 0xCE, 0xFF, 0xCD, 0xCD, 0xCE, 0xFF,
    0xCD, 0xCD, 0xCE, 0xFF, 0xCD, 0xCD, 0xCE, 0xFF, 0xCC, 0xCC, 0xCE, 0xFF, 0xD1, 0xD1, 0xD3, 0xFF,
    0xEC, 0xEC, 0xEC, 0xFF, 0xED, 0xED, 0xED, 0xFF, 0xED, 0xED, 0xED, 0xFF, 0xED, 0xED, 0xED, 0xFF,
    0xF1, 0xF1, 0xF0, 0xFF, 0xC9, 0xC9, 0xCA, 0xFF, 0x00, 0x00, 0x1C, 0xFF, 0x00, 0x00, 0x33, 0xFF,
    0x00, 0x00, 0x34, 0xFF, 0x00, 0x00, 0x34, 0xFF, 0x00, 0x00, 0x34, 0xFF, 0x00, 0x00, 0x34, 0xFF,
    0x00, 0x00, 0x34, 0xFF, 0x00, 0x00, 0x34, 0xFF, 0x00, 0x00, 0x34, 0xFF, 0x00, 0x00, 0x34, 0xFF,
    0x00, 0x00, 0x34, 0xFF, 0x00, 0x00, 0x34, 0xFF, 0x00, 0x00, 0x34, 0xFF, 0x00, 0x00, 0x34, 0xFF,
    0x00, 0x00, 0x34, 0xFF, 0x00, 0x00, 0x34, 0xFF, 0x00, 0x00, 0x34, 0xFF, 0x00, 0x00, 0x34, 0xFF,
    0x00, 0x00, 0x34, 0xFF, 0x00, 0x00, 0x34, 0xFF, 0x00, 0x00, 0x34, 0xFF, 0x00, 0x00, 0x34, 0xFF,
    0x00, 0x00, 0x34, 0xFF, 0x00, 0x00, 0x34, 0xFF, 0x00, 0x00, 0x34, 0xFF, 0x00, 0x00, 0x34, 0xFF,
    0x00, 0x00, 0x34, 0xFF, 0x00, 0x00, 0x34, 0xFF, 0x00, 0x00, 0x33, 0xFF, 0x00, 0x00, 0x19, 0xFF,
    0xC7, 0xC7, 0xC9, 0xFF, 0xF1, 0xF1, 0xF0, 0xFF, 0xED, 0xED, 0xED, 0xFF, 0xE5, 0xE5, 0xE6, 0xBA,
    0x00, 0x00, 0x00, 0x00, 0x00, 0x00, 0x00, 0x00, 0x00, 0x00, 0x00, 0x00, 0x00, 0x00, 0x00, 0x00,
    0x00, 0x00, 0x00, 0x00, 0x00, 0x00, 0x00, 0x00, 0xE6, 0xE6, 0xE7, 0xCC, 0xED, 0xED, 0xED, 0xFF,
    0xF1, 0xF1, 0xF1, 0xFF, 0xBC, 0xBC, 0xBE, 0xFF, 0x00, 0x00, 0x09, 0xFF, 0x00, 0x00, 0x34, 0xFF,
    0x00, 0x00, 0x34, 0xFF, 0x00, 0x00, 0x34, 0xFF, 0x00, 0x00, 0x34, 0xFF, 0x00, 0x00, 0x34, 0xFF,
    0x00, 0x00, 0x34, 0xFF, 0x00, 0x00, 0x14, 0xFF, 0x89, 0x89, 0x8F, 0xFF, 0xF0, 0xF0, 0xEF, 0xFF,
    0xED, 0xED, 0xED, 0xFF, 0xEA, 0xEA, 0xEA, 0xFA, 0xD5, 0xD5, 0xD7, 0x28, 0x00, 0x00, 0x00, 0x00,
    0x00, 0x00, 0x00, 0x00, 0x00, 0x00, 0x00, 0x00, 0x00, 0x00, 0x00, 0x00, 0x00, 0x00, 0x00, 0x00,
    0x00, 0x00, 0x00, 0x00, 0x00, 0x00, 0x00, 0x00, 0x00, 0x00, 0x00, 0x00, 0x00, 0x00, 0x00, 0x00,
    0xE5, 0xE5, 0xE6, 0xEA, 0xEE, 0xEE, 0xEE, 0xFF, 0xF1, 0xF1, 0xF1, 0xFF, 0xA9, 0xA9, 0xAC, 0xFF,
    0x00, 0x00, 0x02, 0xFF, 0x00, 0x00, 0x34, 0xFF, 0x00, 0x00, 0x34, 0xFF, 0x00, 0x00, 0x34, 0xFF,
    0x00, 0x00, 0x34, 0xFF, 0x00, 0x00, 0x34, 0xFF, 0x00, 0x00, 0x34, 0xFF, 0x00, 0x00, 0x34, 0xFF,
    0x00, 0x00, 0x32, 0xFF, 0x00, 0x00, 0x31, 0xFF, 0xD3, 0xD3, 0xD5, 0xFF, 0xF0, 0xF0, 0xF0, 0xFF,
    0xED, 0xED, 0xED, 0xFF, 0xED, 0xED, 0xED, 0xFF, 0xED, 0xED, 0xED, 0xFF, 0xED, 0xED, 0xED, 0xFF,
    0xED, 0xED, 0xED, 0xFF, 0xED, 0xED, 0xED, 0xFF, 0xED, 0xED, 0xED, 0xFF, 0xED, 0xED, 0xED, 0xFF,
    0xEE, 0xEE, 0xEE, 0xFF, 0xED, 0xED, 0xED, 0xFF, 0xED, 0xED, 0xED, 0xFF, 0xED, 0xED, 0xED, 0xFF,
    0xED, 0xED, 0xED, 0xFF, 0xED, 0xED, 0xED, 0xFF, 0xED, 0xED, 0xED, 0xFF, 0xED, 0xED, 0xED, 0xFF,
    0xED, 0xED, 0xED, 0xFF, 0xED, 0xED, 0xED, 0xFF, 0xE6, 0xE6, 0xE6, 0xFF, 0xED, 0xED, 0xED, 0xFF,
    0xED, 0xED, 0xED, 0xFF, 0xED, 0xED, 0xED, 0xFF, 0xED, 0xED, 0xED, 0xFF, 0xED, 0xED, 0xED, 0xFF,
    0xED, 0xED, 0xED, 0xFF, 0xED, 0xED, 0xED, 0xFF, 0xED, 0xED, 0xED, 0xFF, 0xED, 0xED, 0xED, 0xFF,
    0xEE, 0xEE, 0xEE, 0xFF, 0xED, 0xED, 0xED, 0xFF, 0xED, 0xED, 0xED, 0xFF, 0xED, 0xED, 0xED, 0xFF,
    0xED, 0xED, 0xED, 0xFF, 0xED, 0xED, 0xED, 0xFF, 0xED, 0xED, 0xED, 0xFF, 0xED, 0xED, 0xED, 0xFF,
    0xED, 0xED, 0xED, 0xFF, 0xF1, 0xF1, 0xF1, 0xFF, 0xC8, 0xC8, 0xCA, 0xFF, 0x00, 0x00, 0x1D, 0xFF,
    0x00, 0x00, 0x33, 0xFF, 0x00, 0x00, 0x34, 0xFF, 0x00, 0x00, 0x34, 0xFF, 0x00, 0x00, 0x34, 0xFF,
    0x00, 0x00, 0x34, 0xFF, 0x00, 0x00, 0x34, 0xFF, 0x00, 0x00, 0x34, 0xFF, 0x00, 0x00, 0x34, 0xFF,
    0x00, 0x00, 0x03, 0xFF, 0xB5, 0xB5, 0xB7, 0xFF, 0xF1, 0xF1, 0xF1, 0xFF, 0xF0, 0xF0, 0xEF, 0xFF,
    0xD7, 0xD7, 0xD8, 0xFF, 0x0E, 0x0E, 0x38, 0xFF, 0x00, 0x00, 0x31, 0xFF, 0x00, 0x00, 0x34, 0xFF,
    0x00, 0x00, 0x34, 0xFF, 0x00, 0x00, 0x34, 0xFF, 0x00, 0x00, 0x34, 0xFF, 0x00, 0x00, 0x34, 0xFF,
    0x00, 0x00, 0x28, 0xFF, 0x57, 0x57, 0x63, 0xFF, 0xE7, 0xE7, 0xE8, 0xFF, 0xEE, 0xEE, 0xEE, 0xFF,
    0xED, 0xED, 0xED, 0xFF, 0xED, 0xED, 0xED, 0xFF, 0xED, 0xED, 0xED, 0xFF, 0xF1, 0xF1, 0xF1, 0xFF,
    0xA0, 0xA0, 0xA5, 0xFF, 0x00, 0x00, 0x06, 0xFF, 0x00, 0x00, 0x34, 0xFF, 0x00, 0x00, 0x34, 0xFF,
    0x00, 0x00, 0x34, 0xFF, 0x00, 0x00, 0x34, 0xFF, 0x00, 0x00, 0x34, 0xFF, 0x00, 0x00, 0x34, 0xFF,
    0x00, 0x00, 0x34, 0xFF, 0x00, 0x00, 0x34, 0xFF, 0x00, 0x00, 0x34, 0xFF, 0x00, 0x00, 0x34, 0xFF,
    0x00, 0x00, 0x34, 0xFF, 0x00, 0x00, 0x34, 0xFF, 0x00, 0x00, 0x34, 0xFF, 0x00, 0x00, 0x34, 0xFF,
    0x00, 0x00, 0x34, 0xFF, 0x00, 0x00, 0x34, 0xFF, 0x00, 0x00, 0x34, 0xFF, 0x00, 0x00, 0x34, 0xFF,
    0x00, 0x00, 0x34, 0xFF, 0x00, 0x00, 0x34, 0xFF, 0x00, 0x00, 0x34, 0xFF, 0x00, 0x00, 0x34, 0xFF,
    0x00, 0x00, 0x31, 0xFF, 0x3A, 0x3A, 0x4E, 0xFF, 0x8F, 0x8F, 0x95, 0xFF, 0xDA, 0xDA, 0xDB, 0xFF,
    0xF1, 0xF1, 0xF1, 0xFF, 0xED, 0xED, 0xED, 0xFF, 0xEF, 0xEF, 0xEF, 0xFF, 0xDF, 0xDF, 0xE0, 0xF6,
    0xD5, 0xD5, 0xD6, 0xED, 0xEF, 0xEF, 0xEF, 0xFF, 0xF0, 0xF0, 0xF0, 0xFF, 0xD1, 0xD1, 0xD3, 0xFF,
    0x00, 0x00, 0x2B, 0xFF, 0x00, 0x00, 0x32, 0xFF, 0x00, 0x00, 0x34, 0xFF, 0x00, 0x00, 0x34, 0xFF,
    0x00, 0x00, 0x34, 0xFF, 0x00, 0x00, 0x34, 0xFF, 0x00, 0x00, 0x34, 0xFF, 0x00, 0x00, 0x34, 0xFF,
    0x00, 0x00, 0x34, 0xFF, 0x00, 0x00, 0x34, 0xFF, 0x00, 0x00, 0x34, 0xFF, 0x00, 0x00, 0x34, 0xFF,
    0x00, 0x00, 0x34, 0xFF, 0x00, 0x00, 0x34, 0xFF, 0x00, 0x00, 0x34, 0xFF, 0x00, 0x00, 0x34, 0xFF,
    0x00, 0x00, 0x34, 0xFF, 0x00, 0x00, 0x34, 0xFF, 0x00, 0x00, 0x34, 0xFF, 0x00, 0x00, 0x34, 0xFF,
    0x00, 0x00, 0x34, 0xFF, 0x00, 0x00, 0x2F, 0xFF, 0x2E, 0x2E, 0x46, 0xFF, 0xDE, 0xDE, 0xDE, 0xFF,
    0xEF, 0xEF, 0xEF, 0xFF, 0xEF, 0xEF, 0xEF, 0xFF, 0xC2, 0xC2, 0xC4, 0xAE, 0xD7, 0xD7, 0xD8, 0xCD,
    0xEF, 0xEF, 0xEF, 0xFF, 0xF1, 0xF1, 0xF1, 0xFF, 0xC5, 0xC5, 0xC7, 0xFF, 0x00, 0x00, 0x17, 0xFF,
    0x00, 0x00, 0x34, 0xFF, 0x00, 0x00, 0x34, 0xFF, 0x00, 0x00, 0x34, 0xFF, 0x00, 0x00, 0x34, 0xFF,
    0x00, 0x00, 0x34, 0xFF, 0x00, 0x00, 0x34, 0xFF, 0x00, 0x00, 0x1B, 0xFF, 0x7B, 0x7B, 0x82, 0xFF,
    0xEE, 0xEE, 0xEE, 0xFF, 0xEE, 0xEE, 0xED, 0xFF, 0xEB, 0xEB, 0xEB, 0xFF, 0xD5, 0xD5, 0xD7, 0x38,
    0x00, 0x00, 0x00, 0x00, 0x00, 0x00, 0x00, 0x00, 0x00, 0x00, 0x00, 0x00, 0x00, 0x00, 0x00, 0x00,
    0x00, 0x00, 0x00, 0x00, 0x00, 0x00, 0x00, 0x00, 0x00, 0x00, 0x00, 0x00, 0x00, 0x00, 0x00, 0x00,
    0x00, 0x00, 0x00, 0x00, 0x00, 0x00, 0x00, 0x00, 0x00, 0x00, 0x00, 0x00, 0xE6, 0xE6, 0xE6, 0xB0,
    0xED, 0xED, 0xED, 0xFF, 0xF0, 0xF0, 0xF0, 0xFF, 0xCA, 0xCA, 0xCC, 0xFF, 0x00, 0x00, 0x1F, 0xFF,
    0x00, 0x00, 0x33, 0xFF, 0x00, 0x00, 0x34, 0xFF, 0x00, 0x00, 0x34, 0xFF, 0x00, 0x00, 0x34, 0xFF,
    0x00, 0x00, 0x34, 0xFF, 0x00, 0x00, 0x34, 0xFF, 0x00, 0x00, 0x1F, 0xFF, 0x73, 0x73, 0x7B, 0xFF,
    0xED, 0xED, 0xED, 0xFF, 0xED, 0xED, 0xED, 0xFF, 0xED, 0xED, 0xED, 0xFF, 0xF1, 0xF1, 0xF1, 0xFF,
    0xC2, 0xC2, 0xC4, 0xFF, 0x00, 0x00, 0x11, 0xFF, 0x00, 0x00, 0x34, 0xFF, 0x00, 0x00, 0x34, 0xFF,
    0x00, 0x00, 0x34, 0xFF, 0x00, 0x00, 0x34, 0xFF, 0x00, 0x00, 0x34, 0xFF, 0x00, 0x00, 0x34, 0xFF,
    0x00, 0x00, 0x21, 0xFF, 0x6D, 0x6D, 0x77, 0xFF, 0xEC, 0xEC, 0xEC, 0xFF, 0xEE, 0xEE, 0xEE, 0xFF,
    0xEC, 0xEC, 0xEC, 0xFF, 0x86, 0x86, 0x8D, 0xC9, 0x00, 0x00, 0x00, 0x3B, 0x00, 0x00, 0x00, 0x00,
    0x00, 0x00, 0x00, 0x00, 0x00, 0x00, 0x00, 0x00, 0x00, 0x00, 0x00, 0x00, 0x00, 0x00, 0x00, 0x00,
    0xEC, 0xEC, 0xEC, 0x7F, 0xED, 0xED, 0xED, 0xFF, 0xEF, 0xEF, 0xEF, 0xFF, 0xD9, 0xD9, 0xDA, 0xFF,
    0x00, 0x00, 0x30, 0xFF, 0x00, 0x00, 0x1D, 0xFF, 0x00, 0x00, 0x23, 0xFF, 0x00, 0x00, 0x23, 0xFF,
    0x00, 0x00, 0x23, 0xFF, 0x00, 0x00, 0x23, 0xFF, 0x00, 0x00, 0x04, 0xFF, 0x59, 0x59, 0x65, 0xFF,
    0xE9, 0xE9, 0xE9, 0xFF, 0xEE, 0xEE, 0xEE, 0xFF, 0xED, 0xED, 0xED, 0xFF, 0xED, 0xED, 0xED, 0xFF,
    0xF1, 0xF1, 0xF0, 0xFF, 0xC9, 0xC9, 0xCA, 0xFF, 0x00, 0x00, 0x1C, 0xFF, 0x00, 0x00, 0x33, 0xFF,
    0x00, 0x00, 0x34, 0xFF, 0x00, 0x00, 0x34, 0xFF, 0x00, 0x00, 0x34, 0xFF, 0x00, 0x00, 0x34, 0xFF,
    0x00, 0x00, 0x34, 0xFF, 0x00, 0x00, 0x34, 0xFF, 0x00, 0x00, 0x34, 0xFF, 0x00, 0x00, 0x34, 0xFF,
    0x00, 0x00, 0x34, 0xFF, 0x00, 0x00, 0x34, 0xFF, 0x00, 0x00, 0x34, 0xFF, 0x00, 0x00, 0x34, 0xFF,
    0x00, 0x00, 0x34, 0xFF, 0x00, 0x00, 0x34, 0xFF, 0x00, 0x00, 0x34, 0xFF, 0x00, 0x00, 0x34, 0xFF,
    0x00, 0x00, 0x34, 0xFF, 0x00, 0x00, 0x34, 0xFF, 0x00, 0x00, 0x34, 0xFF, 0x00, 0x00, 0x34, 0xFF,
    0x00, 0x00, 0x34, 0xFF, 0x00, 0x00, 0x34, 0xFF, 0x00, 0x00, 0x34, 0xFF, 0x00, 0x00, 0x34, 0xFF,
    0x00, 0x00, 0x34, 0xFF, 0x00, 0x00, 0x34, 0xFF, 0x00, 0x00, 0x33, 0xFF, 0x00, 0x00, 0x19, 0xFF,
    0xC7, 0xC7, 0xC9, 0xFF, 0xF1, 0xF1, 0xF1, 0xFF, 0xED, 0xED, 0xED, 0xFF, 0xE5, 0xE5, 0xE6, 0xBA,
    0x00, 0x00, 0x00, 0x00, 0x00, 0x00, 0x00, 0x00, 0x00, 0x00, 0x00, 0x00, 0x00, 0x00, 0x00, 0x00,
    0x00, 0x00, 0x00, 0x00, 0x00, 0x00, 0x00, 0x01, 0xE7, 0xE7, 0xE7, 0xCB, 0xED, 0xED, 0xED, 0xFF,
    0xF1, 0xF1, 0xF1, 0xFF, 0xBC, 0xBC, 0xBE, 0xFF, 0x00, 0x00, 0x09, 0xFF, 0x00, 0x00, 0x34, 0xFF,
    0x00, 0x00, 0x34, 0xFF, 0x00, 0x00, 0x34, 0xFF, 0x00, 0x00, 0x34, 0xFF, 0x00, 0x00, 0x34, 0xFF,
    0x00, 0x00, 0x34, 0xFF, 0x00, 0x00, 0x14, 0xFF, 0x89, 0x89, 0x8F, 0xFF, 0xF0, 0xF0, 0xF0, 0xFF,
    0xED, 0xED, 0xED, 0xFF, 0xEA, 0xEA, 0xEB, 0xFA, 0xCF, 0xCF, 0xD1, 0x2B, 0x00, 0x00, 0x00, 0x00,
    0x00, 0x00, 0x00, 0x00, 0x00, 0x00, 0x00, 0x00, 0x00, 0x00, 0x00, 0x00, 0x00, 0x00, 0x00, 0x00,
    0x00, 0x00, 0x00, 0x00, 0x00, 0x00, 0x00, 0x00, 0x00, 0x00, 0x00, 0x00, 0x00, 0x00, 0x00, 0x00,
    0xE5, 0xE5, 0xE6, 0xEA, 0xEE, 0xEE, 0xEE, 0xFF, 0xF1, 0xF1, 0xF1, 0xFF, 0xA9, 0xA9, 0xAC, 0xFF,
    0x00, 0x00, 0x02, 0xFF, 0x00, 0x00, 0x34, 0xFF, 0x00, 0x00, 0x34, 0xFF, 0x00, 0x00, 0x34, 0xFF,
    0x00, 0x00, 0x34, 0xFF, 0x00, 0x00, 0x34, 0xFF, 0x00, 0x00, 0x34, 0xFF, 0x00, 0x00, 0x34, 0xFF,
    0x01, 0x01, 0x34, 0xFF, 0x00, 0x00, 0x01, 0xFF, 0xA9, 0xA9, 0xAD, 0xFF, 0xF1, 0xF1, 0xF1, 0xFF,
    0xED, 0xED, 0xED, 0xFF, 0xED, 0xED, 0xED, 0xFF, 0xED, 0xED, 0xED, 0xFF, 0xED, 0xED, 0xED, 0xFF,
    0xED, 0xED, 0xED, 0xFF, 0xED, 0xED, 0xED, 0xFF, 0xED, 0xED, 0xED, 0xFF, 0xED, 0xED, 0xED, 0xFF,
    0xED, 0xED, 0xED, 0xFF, 0xED, 0xED, 0xED, 0xFF, 0xED, 0xED, 0xED, 0xFF, 0xED, 0xED, 0xED, 0xFF,
    0xED, 0xED, 0xED, 0xFF, 0xED, 0xED, 0xED, 0xFF, 0xED, 0xED, 0xED, 0xFF, 0xED, 0xED, 0xED, 0xFF,
    0xEE, 0xEE, 0xEE, 0xFF, 0xE7, 0xE7, 0xE7, 0xFF, 0x9E, 0x9E, 0xA2, 0xFF, 0xEC, 0xEC, 0xEC, 0xFF,
    0xED, 0xED, 0xED, 0xFF, 0xED, 0xED, 0xED, 0xFF, 0xED, 0xED, 0xED, 0xFF, 0xED, 0xED, 0xED, 0xFF,
    0xED, 0xED, 0xED, 0xFF, 0xED, 0xED, 0xED, 0xFF, 0xED, 0xED, 0xED, 0xFF, 0xED, 0xED, 0xED, 0xFF,
    0xED, 0xED, 0xED, 0xFF, 0xED, 0xED, 0xED, 0xFF, 0xED, 0xED, 0xED, 0xFF, 0xED, 0xED, 0xED, 0xFF,
    0xED, 0xED, 0xED, 0xFF, 0xED, 0xED, 0xED, 0xFF, 0xED, 0xED, 0xED, 0xFF, 0xED, 0xED, 0xED, 0xFF,
    0xED, 0xED, 0xED, 0xFF, 0xF1, 0xF1, 0xF1, 0xFF, 0x98, 0x98, 0x9D, 0xFF, 0x00, 0x00, 0x0A, 0xFF,
    0x01, 0x01, 0x34, 0xFF, 0x00, 0x00, 0x34, 0xFF, 0x00, 0x00, 0x34, 0xFF, 0x00, 0x00, 0x34, 0xFF,
    0x00, 0x00, 0x34, 0xFF, 0x00, 0x00, 0x34, 0xFF, 0x00, 0x00, 0x34, 0xFF, 0x00, 0x00, 0x34, 0xFF,
    0x00, 0x00, 0x03, 0xFF, 0xB5, 0xB5, 0xB7, 0xFF, 0xF1, 0xF1, 0xF1, 0xFF, 0xF0, 0xF0, 0xEF, 0xFF,
    0xD7, 0xD7, 0xD8, 0xFF, 0x0E, 0x0E, 0x38, 0xFF, 0x00, 0x00, 0x31, 0xFF, 0x00, 0x00, 0x34, 0xFF,
    0x00, 0x00, 0x34, 0xFF, 0x00, 0x00, 0x34, 0xFF, 0x00, 0x00, 0x34, 0xFF, 0x00, 0x00, 0x34, 0xFF,
    0x00, 0x00, 0x28, 0xFF, 0x57, 0x57, 0x63, 0xFF, 0xE7, 0xE7, 0xE8, 0xFF, 0xEE, 0xEE, 0xEE, 0xFF,
    0xED, 0xED, 0xED, 0xFF, 0xED, 0xED, 0xED, 0xFF, 0xED, 0xED, 0xED, 0xFF, 0xF1, 0xF1, 0xF1, 0xFF,
    0xA0, 0xA0, 0xA5, 0xFF, 0x00, 0x00, 0x06, 0xFF, 0x00, 0x00, 0x34, 0xFF, 0x00, 0x00, 0x34, 0xFF,
    0x00, 0x00, 0x34, 0xFF, 0x00, 0x00, 0x34, 0xFF, 0x00, 0x00, 0x34, 0xFF, 0x00, 0x00, 0x34, 0xFF,
    0x00, 0x00, 0x34, 0xFF, 0x00, 0x00, 0x34, 0xFF, 0x00, 0x00, 0x34, 0xFF, 0x00, 0x00, 0x34, 0xFF,
    0x00, 0x00, 0x34, 0xFF, 0x00, 0x00, 0x34, 0xFF, 0x00, 0x00, 0x34, 0xFF, 0x00, 0x00, 0x34, 0xFF,
    0x00, 0x00, 0x34, 0xFF, 0x00, 0x00, 0x34, 0xFF, 0x00, 0x00, 0x34, 0xFF, 0x00, 0x00, 0x34, 0xFF,
    0x00, 0x00, 0x34, 0xFF, 0x00, 0x00, 0x34, 0xFF, 0x00, 0x00, 0x34, 0xFF, 0x00, 0x00, 0x34, 0xFF,
    0x01, 0x01, 0x34, 0xFF, 0x00, 0x00, 0x30, 0xFF, 0x00, 0x00, 0x03, 0xFF, 0x34, 0x34, 0x4A, 0xFF,
    0xC2, 0xC2, 0xC5, 0xFF, 0xF1, 0xF1, 0xF0, 0xFF, 0xED, 0xED, 0xED, 0xFF, 0xEE, 0xEE, 0xEE, 0xFF,
    0xEE, 0xEE, 0xEE, 0xFF, 0xED, 0xED, 0xED, 0xFF, 0xF0, 0xF0, 0xF0, 0xFF, 0xD1, 0xD1, 0xD3, 0xFF,
    0x00, 0x00, 0x2B, 0xFF, 0x00, 0x00, 0x32, 0xFF, 0x00, 0x00, 0x34, 0xFF, 0x00, 0x00, 0x34, 0xFF,
    0x00, 0x00, 0x34, 0xFF, 0x00, 0x00, 0x34, 0xFF, 0x00, 0x00, 0x34, 0xFF, 0x00, 0x00, 0x34, 0xFF,
    0x00, 0x00, 0x34, 0xFF, 0x00, 0x00, 0x34, 0xFF, 0x00, 0x00, 0x34, 0xFF, 0x00, 0x00, 0x34, 0xFF,
    0x00, 0x00, 0x34, 0xFF, 0x00, 0x00, 0x34, 0xFF, 0x00, 0x00, 0x34, 0xFF, 0x00, 0x00, 0x34, 0xFF,
    0x00, 0x00, 0x34, 0xFF, 0x00, 0x00, 0x34, 0xFF, 0x00, 0x00, 0x34, 0xFF, 0x00, 0x00, 0x34, 0xFF,
    0x00, 0x00, 0x34, 0xFF, 0x00, 0x00, 0x2F, 0xFF, 0x2E, 0x2E, 0x46, 0xFF, 0xDE, 0xDE, 0xDE, 0xFF,
    0xEF, 0xEF, 0xEF, 0xFF, 0xEF, 0xEF, 0xEF, 0xFF, 0xC1, 0xC1, 0xC3, 0xAE, 0xD7, 0xD7, 0xD8, 0xCD,
    0xEF, 0xEF, 0xEF, 0xFF, 0xF1, 0xF1, 0xF1, 0xFF, 0xC5, 0xC5, 0xC7, 0xFF, 0x00, 0x00, 0x17, 0xFF,
    0x00, 0x00, 0x34, 0xFF, 0x00, 0x00, 0x34, 0xFF, 0x00, 0x00, 0x34, 0xFF, 0x00, 0x00, 0x34, 0xFF,
    0x00, 0x00, 0x34, 0xFF, 0x00, 0x00, 0x34, 0xFF, 0x00, 0x00, 0x1B, 0xFF, 0x7B, 0x7B, 0x82, 0xFF,
    0xEE, 0xEE, 0xEE, 0xFF, 0xEE, 0xEE, 0xED, 0xFF, 0xEB, 0xEB, 0xEB, 0xFF, 0xD4, 0xD4, 0xD6, 0x38,
    0x00, 0x00, 0x00, 0x00, 0x00, 0x00, 0x00, 0x00, 0x00, 0x00, 0x00, 0x00, 0x00, 0x00, 0x00, 0x00,
    0x00, 0x00, 0x00, 0x00, 0x00, 0x00, 0x00, 0x00, 0x00, 0x00, 0x00, 0x00, 0x00, 0x00, 0x00, 0x00,
    0x00, 0x00, 0x00, 0x00, 0x00, 0x00, 0x00, 0x00, 0x00, 0x00, 0x00, 0x00, 0xE5, 0xE5, 0xE5, 0xB2,
    0xED, 0xED, 0xED, 0xFF, 0xF1, 0xF1, 0xF0, 0xFF, 0xCA, 0xCA, 0xCC, 0xFF, 0x00, 0x00, 0x1F, 0xFF,
    0x00, 0x00, 0x33, 0xFF, 0x00, 0x00, 0x34, 0xFF, 0x00, 0x00, 0x34, 0xFF, 0x00, 0x00, 0x34, 0xFF,
    0x00, 0x00, 0x34, 0xFF, 0x00, 0x00, 0x34, 0xFF, 0x00, 0x00, 0x1F, 0xFF, 0x73, 0x73, 0x7B, 0xFF,
    0xED, 0xED, 0xED, 0xFF, 0xED, 0xED, 0xED, 0xFF, 0xED, 0xED, 0xED, 0xFF, 0xF1, 0xF1, 0xF1, 0xFF,
    0xC6, 0xC6, 0xC8, 0xFF, 0x00, 0x00, 0x17, 0xFF, 0x00, 0x00, 0x34, 0xFF, 0x00, 0x00, 0x34, 0xFF,
    0x00, 0x00, 0x34, 0xFF, 0x00, 0x00, 0x34, 0xFF, 0x00, 0x00, 0x34, 0xFF, 0x00, 0x00, 0x34, 0xFF,
    0x00, 0x00, 0x24, 0xFF, 0x63, 0x63, 0x6E, 0xFF, 0xEA, 0xEA, 0xEA, 0xFF, 0xEE, 0xEE, 0xEE, 0xFF,
    0xED, 0xED, 0xED, 0xFF, 0xAA, 0xAA, 0xAE, 0x98, 0x00, 0x00, 0x00, 0x0C, 0x00, 0x00, 0x00, 0x00,
    0x00, 0x00, 0x00, 0x00, 0x00, 0x00, 0x00, 0x00, 0x00, 0x00, 0x00, 0x00, 0x00, 0x00, 0x00, 0x00,
    0xE3, 0xE3, 0xE3, 0x8C, 0xED, 0xED, 0xED, 0xFF, 0xEF, 0xEF, 0xEF, 0xFF, 0xDA, 0xDA, 0xDB, 0xFF,
    0x1A, 0x1A, 0x3C, 0xFF, 0x00, 0x00, 0x2F, 0xFF, 0x00, 0x00, 0x33, 0xFF, 0x00, 0x00, 0x33, 0xFF,
    0x00, 0x00, 0x33, 0xFF, 0x00, 0x00, 0x33, 0xFF, 0x00, 0x00, 0x24, 0xFF, 0x5F, 0x5F, 0x6A, 0xFF,
    0xE9, 0xE9, 0xE9, 0xFF, 0xEE, 0xEE, 0xEE, 0xFF, 0xED, 0xED, 0xED, 0xFF, 0xED, 0xED, 0xED, 0xFF,
    0xF1, 0xF1, 0xF0, 0xFF, 0xC9, 0xC9, 0xCA, 0xFF, 0x00, 0x00, 0x1C, 0xFF, 0x00, 0x00, 0x33, 0xFF,
    0x00, 0x00, 0x34, 0xFF, 0x00, 0x00, 0x34, 0xFF, 0x00, 0x00, 0x34, 0xFF, 0x00, 0x00, 0x34, 0xFF,
    0x00, 0x00, 0x34, 0xFF, 0x00, 0x00, 0x34, 0xFF, 0x00, 0x00, 0x34, 0xFF, 0x00, 0x00, 0x34, 0xFF,
    0x00, 0x00, 0x34, 0xFF, 0x00, 0x00, 0x34, 0xFF, 0x00, 0x00, 0x34, 0xFF, 0x00, 0x00, 0x34, 0xFF,
    0x00, 0x00, 0x34, 0xFF, 0x00, 0x00, 0x34, 0xFF, 0x00, 0x00, 0x34, 0xFF, 0x00, 0x00, 0x34, 0xFF,
    0x00, 0x00, 0x34, 0xFF, 0x00, 0x00, 0x34, 0xFF, 0x00, 0x00, 0x34, 0xFF, 0x00, 0x00, 0x34, 0xFF,
    0x00, 0x00, 0x34, 0xFF, 0x00, 0x00, 0x34, 0xFF, 0x00, 0x00, 0x34, 0xFF, 0x00, 0x00, 0x34, 0xFF,
    0x00, 0x00, 0x34, 0xFF, 0x00, 0x00, 0x34, 0xFF, 0x00, 0x00, 0x33, 0xFF, 0x00, 0x00, 0x19, 0xFF,
    0xC7, 0xC7, 0xC9, 0xFF, 0xF1, 0xF1, 0xF1, 0xFF, 0xED, 0xED, 0xED, 0xFF, 0xE5, 0xE5, 0xE6, 0xBA,
    0x00, 0x00, 0x00, 0x00, 0x00, 0x00, 0x00, 0x00, 0x00, 0x00, 0x00, 0x00, 0x00, 0x00, 0x00, 0x00,
    0x00, 0x00, 0x00, 0x00, 0x00, 0x00, 0x00, 0x01, 0xE6, 0xE6, 0xE7, 0xCB, 0xED, 0xED, 0xED, 0xFF,
    0xF1, 0xF1, 0xF1, 0xFF, 0xBC, 0xBC, 0xBE, 0xFF, 0x00, 0x00, 0x09, 0xFF, 0x00, 0x00, 0x34, 0xFF,
    0x00, 0x00, 0x34, 0xFF, 0x00, 0x00, 0x34, 0xFF, 0x00, 0x00, 0x34, 0xFF, 0x00, 0x00, 0x34, 0xFF,
    0x00, 0x00, 0x34, 0xFF, 0x00, 0x00, 0x14, 0xFF, 0x89, 0x89, 0x8F, 0xFF, 0xF0, 0xF0, 0xF0, 0xFF,
    0xED, 0xED, 0xED, 0xFF, 0xEA, 0xEA, 0xEB, 0xF9, 0xCE, 0xCE, 0xD0, 0x2B, 0x00, 0x00, 0x00, 0x00,
    0x00, 0x00, 0x00, 0x00, 0x00, 0x00, 0x00, 0x00, 0x00, 0x00, 0x00, 0x00, 0x00, 0x00, 0x00, 0x00,
    0x00, 0x00, 0x00, 0x00, 0x00, 0x00, 0x00, 0x00, 0x00, 0x00, 0x00, 0x00, 0x00, 0x00, 0x00, 0x00,
    0xE5, 0xE5, 0xE6, 0xEA, 0xEE, 0xEE, 0xEE, 0xFF, 0xF1, 0xF1, 0xF1, 0xFF, 0xA9, 0xA9, 0xAC, 0xFF,
    0x00, 0x00, 0x02, 0xFF, 0x00, 0x00, 0x34, 0xFF, 0x00, 0x00, 0x34, 0xFF, 0x00, 0x00, 0x34, 0xFF,
    0x00, 0x00, 0x34, 0xFF, 0x00, 0x00, 0x34, 0xFF, 0x00, 0x00, 0x34, 0xFF, 0x00, 0x00, 0x34, 0xFF,
    0x00, 0x00, 0x34, 0xFF, 0x00, 0x00, 0x21, 0xFF, 0x6C, 0x6C, 0x75, 0xFF, 0xEB, 0xEB, 0xEC, 0xFF,
    0xEE, 0xEE, 0xEE, 0xFF, 0xED, 0xED, 0xED, 0xFF, 0xED, 0xED, 0xED, 0xFF, 0xED, 0xED, 0xED, 0xFF,
    0xED, 0xED, 0xED, 0xFF, 0xED, 0xED, 0xED, 0xFF, 0xED, 0xED, 0xED, 0xFF, 0xED, 0xED, 0xED, 0xFF,
    0xED, 0xED, 0xED, 0xFF, 0xED, 0xED, 0xED, 0xFF, 0xED, 0xED, 0xED, 0xFF, 0xED, 0xED, 0xED, 0xFF,
    0xED, 0xED, 0xED, 0xFF, 0xED, 0xED, 0xED, 0xFF, 0xED, 0xED, 0xED, 0xFF, 0xED, 0xED, 0xED, 0xFF,
    0xF0, 0xF0, 0xF0, 0xFF, 0xCF, 0xCF, 0xD1, 0xFF, 0x0D, 0x0D, 0x38, 0xFF, 0xDA, 0xDA, 0xDB, 0xFF,
    0xEF, 0xEF, 0xEF, 0xFF, 0xED, 0xED, 0xED, 0xFF, 0xED, 0xED, 0xED, 0xFF, 0xED, 0xED, 0xED, 0xFF,
    0xED, 0xED, 0xED, 0xFF, 0xED, 0xED, 0xED, 0xFF, 0xED, 0xED, 0xED, 0xFF, 0xED, 0xED, 0xED, 0xFF,
    0xED, 0xED, 0xED, 0xFF, 0xED, 0xED, 0xED, 0xFF, 0xED, 0xED, 0xED, 0xFF, 0xED, 0xED, 0xED, 0xFF,
    0xED, 0xED, 0xED, 0xFF, 0xED, 0xED, 0xED, 0xFF, 0xED, 0xED, 0xED, 0xFF, 0xED, 0xED, 0xED, 0xFF,
    0xEE, 0xEE, 0xEE, 0xFF, 0xE7, 0xE7, 0xE7, 0xFF, 0x55, 0x55, 0x62, 0xFF, 0x00, 0x00, 0x28, 0xFF,
    0x00, 0x00, 0x34, 0xFF, 0x00, 0x00, 0x34, 0xFF, 0x00, 0x00, 0x34, 0xFF, 0x00, 0x00, 0x34, 0xFF,
    0x00, 0x00, 0x34, 0xFF, 0x00, 0x00, 0x34, 0xFF, 0x00, 0x00, 0x34, 0xFF, 0x00, 0x00, 0x34, 0xFF,
    0x00, 0x00, 0x03, 0xFF, 0xB5, 0xB5, 0xB7, 0xFF, 0xF1, 0xF1, 0xF1, 0xFF, 0xF0, 0xF0, 0xEF, 0xFF,
    0xD7, 0xD7, 0xD8, 0xFF, 0x0E, 0x0E, 0x38, 0xFF, 0x00, 0x00, 0x31, 0xFF, 0x00, 0x00, 0x34, 0xFF,
    0x00, 0x00, 0x34, 0xFF, 0x00, 0x00, 0x34, 0xFF, 0x00, 0x00, 0x34, 0xFF, 0x00, 0x00, 0x34, 0xFF,
    0x00, 0x00, 0x28, 0xFF, 0x57, 0x57, 0x63, 0xFF, 0xE7, 0xE7, 0xE8, 0xFF, 0xEE, 0xEE, 0xEE, 0xFF,
    0xED, 0xED, 0xED, 0xFF, 0xED, 0xED, 0xED, 0xFF, 0xED, 0xED, 0xED, 0xFF, 0xF1, 0xF1, 0xF1, 0xFF,
    0xA0, 0xA0, 0xA5, 0xFF, 0x00, 0x00, 0x06, 0xFF, 0x00, 0x00, 0x34, 0xFF, 0x00, 0x00, 0x34, 0xFF,
    0x00, 0x00, 0x34, 0xFF, 0x00, 0x00, 0x34, 0xFF, 0x00, 0x00, 0x34, 0xFF, 0x00, 0x00, 0x34, 0xFF,
    0x05, 0x05, 0x35, 0xFF, 0x00, 0x00, 0x22, 0xFF, 0x00, 0x00, 0x02, 0xFF, 0x00, 0x00, 0x06, 0xFF,
    0x00, 0x00, 0x06, 0xFF, 0x00, 0x00, 0x06, 0xFF, 0x00, 0x00, 0x06, 0xFF, 0x00, 0x00, 0x06, 0xFF,
    0x00, 0x00, 0x07, 0xFF, 0x00, 0x00, 0x05, 0xFF, 0x00, 0x00, 0x02, 0xFF, 0x00, 0x00, 0x17, 0xFF,
    0x00, 0x00, 0x2F, 0xFF, 0x02, 0x02, 0x34, 0xFF, 0x00, 0x00, 0x34, 0xFF, 0x00, 0x00, 0x34, 0xFF,
    0x00, 0x00, 0x34, 0xFF, 0x00, 0x00, 0x34, 0xFF, 0x03, 0x03, 0x35, 0xFF, 0x00, 0x00, 0x27, 0xFF,
    0x00, 0x00, 0x30, 0xFF, 0xC7, 0xC7, 0xC9, 0xFF, 0xF1, 0xF1, 0xF1, 0xFF, 0xED, 0xED, 0xED, 0xFF,
    0xED, 0xED, 0xED, 0xFF, 0xED, 0xED, 0xED, 0xFF, 0xF0, 0xF0, 0xF0, 0xFF, 0xD1, 0xD1, 0xD3, 0xFF,
    0x00, 0x00, 0x2B, 0xFF, 0x00, 0x00, 0x32, 0xFF, 0x00, 0x00, 0x34, 0xFF, 0x00, 0x00, 0x34, 0xFF,
    0x00, 0x00, 0x34, 0xFF, 0x00, 0x00, 0x34, 0xFF, 0x00, 0x00, 0x34, 0xFF, 0x03, 0x03, 0x35, 0xFF,
    0x00, 0x00, 0x2E, 0xFF, 0x00, 0x00, 0x08, 0xFF, 0x00, 0x00, 0x08, 0xFF, 0x00, 0x00, 0x09, 0xFF,
    0x00, 0x00, 0x09, 0xFF, 0x00, 0x00, 0x09, 0xFF, 0x00, 0x00, 0x09, 0xFF, 0x00, 0x00, 0x09, 0xFF,
    0x00, 0x00, 0x09, 0xFF, 0x00, 0x00, 0x09, 0xFF, 0x00, 0x00, 0x09, 0xFF, 0x00, 0x00, 0x09, 0xFF,
    0x00, 0x00, 0x09, 0xFF, 0x00, 0x00, 0x00, 0xFF, 0x00, 0x00, 0x31, 0xFF, 0xDD, 0xDD, 0xDE, 0xFF,
    0xEF, 0xEF, 0xEF, 0xFF, 0xEF, 0xEF, 0xEF, 0xFF, 0xC0, 0xC0, 0xC2, 0xAE, 0xD7, 0xD7, 0xD8, 0xCD,
    0xEF, 0xEF, 0xEF, 0xFF, 0xF1, 0xF1, 0xF1, 0xFF, 0xC5, 0xC5, 0xC7, 0xFF, 0x00, 0x00, 0x17, 0xFF,
    0x00, 0x00, 0x34, 0xFF, 0x00, 0x00, 0x34, 0xFF, 0x00, 0x00, 0x34, 0xFF, 0x00, 0x00, 0x34, 0xFF,
    0x00, 0x00, 0x34, 0xFF, 0x00, 0x00, 0x34, 0xFF, 0x00, 0x00, 0x1B, 0xFF, 0x7B, 0x7B, 0x82, 0xFF,
    0xEE, 0xEE, 0xEE, 0xFF, 0xEE, 0xEE, 0xED, 0xFF, 0xEB, 0xEB, 0xEB, 0xFF, 0xD4, 0xD4, 0xD6, 0x39,
    0x00, 0x00, 0x00, 0x00, 0x00, 0x00, 0x00, 0x00, 0x00, 0x00, 0x00, 0x00, 0x00, 0x00, 0x00, 0x00,
    0x00, 0x00, 0x00, 0x00, 0x00, 0x00, 0x00, 0x00, 0x00, 0x00, 0x00, 0x00, 0x00, 0x00, 0x00, 0x00,
    0x00, 0x00, 0x00, 0x00, 0x00, 0x00, 0x00, 0x00, 0x00, 0x00, 0x00, 0x00, 0xE5, 0xE5, 0xE5, 0xB2,
    0xED, 0xED, 0xED, 0xFF, 0xF0, 0xF0, 0xF0, 0xFF, 0xCA, 0xCA, 0xCC, 0xFF, 0x00, 0x00, 0x1F, 0xFF,
    0x00, 0x00, 0x33, 0xFF, 0x00, 0x00, 0x34, 0xFF, 0x00, 0x00, 0x34, 0xFF, 0x00, 0x00, 0x34, 0xFF,
    0x00, 0x00, 0x34, 0xFF, 0x00, 0x00, 0x34, 0xFF, 0x00, 0x00, 0x1F, 0xFF, 0x73, 0x73, 0x7B, 0xFF,
    0xED, 0xED, 0xED, 0xFF, 0xED, 0xED, 0xED, 0xFF, 0xED, 0xED, 0xED, 0xFF, 0xF0, 0xF0, 0xF0, 0xFF,
    0xCF, 0xCF, 0xD1, 0xFF, 0x00, 0x00, 0x27, 0xFF, 0x00, 0x00, 0x33, 0xFF, 0x00, 0x00, 0x34, 0xFF,
    0x00, 0x00, 0x34, 0xFF, 0x00, 0x00, 0x34, 0xFF, 0x00, 0x00, 0x34, 0xFF, 0x00, 0x00, 0x34, 0xFF,
    0x00, 0x00, 0x2C, 0xFF, 0x40, 0x40, 0x52, 0xFF, 0xE2, 0xE2, 0xE2, 0xFF, 0xEF, 0xEF, 0xEF, 0xFF,
    0xEE, 0xEE, 0xEE, 0xFF, 0xDA, 0xDA, 0xDB, 0x99, 0x00, 0x00, 0x00, 0x00, 0x00, 0x00, 0x00, 0x00,
    0x00, 0x00, 0x00, 0x00, 0x00, 0x00, 0x00, 0x00, 0x00, 0x00, 0x00, 0x00, 0x00, 0x00, 0x00, 0x01,
    0xD8, 0xD8, 0xD9, 0x9D, 0xEE, 0xEE, 0xEE, 0xFF, 0xEF, 0xEF, 0xEF, 0xFF, 0xDA, 0xDA, 0xDA, 0xFF,
    0x1D, 0x1D, 0x3D, 0xFF, 0x00, 0x00, 0x30, 0xFF, 0x00, 0x00, 0x34, 0xFF, 0x00, 0x00, 0x34, 0xFF,
    0x00, 0x00, 0x34, 0xFF, 0x00, 0x00, 0x34, 0xFF, 0x00, 0x00, 0x25, 0xFF, 0x5F, 0x5F, 0x6A, 0xFF,
    0xE9, 0xE9, 0xE9, 0xFF, 0xEE, 0xEE, 0xEE, 0xFF, 0xED, 0xED, 0xED, 0xFF, 0xED, 0xED, 0xED, 0xFF,
    0xF1, 0xF1, 0xF0, 0xFF, 0xC9, 0xC9, 0xCA, 0xFF, 0x00, 0x00, 0x1C, 0xFF, 0x00, 0x00, 0x33, 0xFF,
    0x00, 0x00, 0x34, 0xFF, 0x00, 0x00, 0x34, 0xFF, 0x00, 0x00, 0x34, 0xFF, 0x00, 0x00, 0x34, 0xFF,
    0x00, 0x00, 0x34, 0xFF, 0x01, 0x01, 0x34, 0xFF, 0x00, 0x00, 0x32, 0xFF, 0x00, 0x00, 0x29, 0xFF,
    0x00, 0x00, 0x29, 0xFF, 0x00, 0x00, 0x29, 0xFF, 0x00, 0x00, 0x29, 0xFF, 0x00, 0x00, 0x29, 0xFF,
    0x00, 0x00, 0x29, 0xFF, 0x00, 0x00, 0x29, 0xFF, 0x00, 0x00, 0x29, 0xFF, 0x00, 0x00, 0x29, 0xFF,
    0x00, 0x00, 0x29, 0xFF, 0x00, 0x00, 0x29, 0xFF, 0x00, 0x00, 0x29, 0xFF, 0x00, 0x00, 0x32, 0xFF,
    0x01, 0x01, 0x34, 0xFF, 0x00, 0x00, 0x34, 0xFF, 0x00, 0x00, 0x34, 0xFF, 0x00, 0x00, 0x34, 0xFF,
    0x00, 0x00, 0x34, 0xFF, 0x00, 0x00, 0x34, 0xFF, 0x00, 0x00, 0x33, 0xFF, 0x00, 0x00, 0x19, 0xFF,
    0xC7, 0xC7, 0xC9, 0xFF, 0xF1, 0xF1, 0xF0, 0xFF, 0xED, 0xED, 0xED, 0xFF, 0xE5, 0xE5, 0xE6, 0xB9,
    0x00, 0x00, 0x00, 0x00, 0x00, 0x00, 0x00, 0x00, 0x00, 0x00, 0x00, 0x00, 0x00, 0x00, 0x00, 0x00,
    0x00, 0x00, 0x00, 0x00, 0x00, 0x00, 0x00, 0x01, 0xE6, 0xE6, 0xE7, 0xCB, 0xED, 0xED, 0xED, 0xFF,
    0xF1, 0xF1, 0xF1, 0xFF, 0xBC, 0xBC, 0xBE, 0xFF, 0x00, 0x00, 0x09, 0xFF, 0x00, 0x00, 0x34, 0xFF,
    0x00, 0x00, 0x34, 0xFF, 0x00, 0x00, 0x34, 0xFF, 0x00, 0x00, 0x34, 0xFF, 0x00, 0x00, 0x34, 0xFF,
    0x00, 0x00, 0x34, 0xFF, 0x00, 0x00, 0x14, 0xFF, 0x89, 0x89, 0x8F, 0xFF, 0xF0, 0xF0, 0xEF, 0xFF,
    0xED, 0xED, 0xED, 0xFF, 0xEA, 0xEA, 0xEB, 0xF9, 0xCE, 0xCE, 0xD0, 0x2B, 0x00, 0x00, 0x00, 0x00,
    0x00, 0x00, 0x00, 0x00, 0x00, 0x00, 0x00, 0x00, 0x00, 0x00, 0x00, 0x00, 0x00, 0x00, 0x00, 0x00,
    0x00, 0x00, 0x00, 0x00, 0x00, 0x00, 0x00, 0x00, 0x00, 0x00, 0x00, 0x00, 0x00, 0x00, 0x00, 0x00,
    0xE5, 0xE5, 0xE6, 0xEA, 0xEE, 0xEE, 0xEE, 0xFF, 0xF1, 0xF1, 0xF1, 0xFF, 0xA9, 0xA9, 0xAC, 0xFF,
    0x00, 0x00, 0x02, 0xFF, 0x00, 0x00, 0x34, 0xFF, 0x00, 0x00, 0x34, 0xFF, 0x00, 0x00, 0x34, 0xFF,
    0x00, 0x00, 0x34, 0xFF, 0x00, 0x00, 0x34, 0xFF, 0x00, 0x00, 0x34, 0xFF, 0x00, 0x00, 0x34, 0xFF,
    0x00, 0x00, 0x34, 0xFF, 0x00, 0x00, 0x31, 0xFF, 0x07, 0x07, 0x36, 0xFF, 0xD6, 0xD6, 0xD7, 0xFF,
    0xF0, 0xF0, 0xF0, 0xFF, 0xED, 0xED, 0xED, 0xFF, 0xED, 0xED, 0xED, 0xFF, 0xED, 0xED, 0xED, 0xFF,
    0xED, 0xED, 0xED, 0xFF, 0xED, 0xED, 0xED, 0xFF, 0xED, 0xED, 0xED, 0xFF, 0xED, 0xED, 0xED, 0xFF,
    0xED, 0xED, 0xED, 0xFF, 0xED, 0xED, 0xED, 0xFF, 0xED, 0xED, 0xED, 0xFF, 0xED, 0xED, 0xED, 0xFF,
    0xED, 0xED, 0xED, 0xFF, 0xED, 0xED, 0xED, 0xFF, 0xED, 0xED, 0xED, 0xFF, 0xED, 0xED, 0xED, 0xFF,
    0xF1, 0xF1, 0xF1, 0xFF, 0x9F, 0x9F, 0xA3, 0xFF, 0x00, 0x00, 0x00, 0xFF, 0xB0, 0xB0, 0xB3, 0xFF,
    0xF1, 0xF1, 0xF1, 0xFF, 0xED, 0xED, 0xED, 0xFF, 0xED, 0xED, 0xED, 0xFF, 0xED, 0xED, 0xED, 0xFF,
    0xED, 0xED, 0xED, 0xFF, 0xED, 0xED, 0xED, 0xFF, 0xED, 0xED, 0xED, 0xFF, 0xED, 0xED, 0xED, 0xFF,
    0xED, 0xED, 0xED, 0xFF, 0xED, 0xED, 0xED, 0xFF, 0xED, 0xED, 0xED, 0xFF, 0xED, 0xED, 0xED, 0xFF,
    0xED, 0xED, 0xED, 0xFF, 0xED, 0xED, 0xED, 0xFF, 0xED, 0xED, 0xED, 0xFF, 0xED, 0xED, 0xED, 0xFF,
    0xF0, 0xF0, 0xF0, 0xFF, 0xCB, 0xCB, 0xCD, 0xFF, 0x00, 0x00, 0x22, 0xFF, 0x00, 0x00, 0x33, 0xFF,
    0x00, 0x00, 0x34, 0xFF, 0x00, 0x00, 0x34, 0xFF, 0x00, 0x00, 0x34, 0xFF, 0x00, 0x00, 0x34, 0xFF,
    0x00, 0x00, 0x34, 0xFF, 0x00, 0x00, 0x34, 0xFF, 0x00, 0x00, 0x34, 0xFF, 0x00, 0x00, 0x34, 0xFF,
    0x00, 0x00, 0x03, 0xFF, 0xB5, 0xB5, 0xB7, 0xFF, 0xF1, 0xF1, 0xF1, 0xFF, 0xF0, 0xF0, 0xEF, 0xFF,
    0xD7, 0xD7, 0xD8, 0xFF, 0x0E, 0x0E, 0x38, 0xFF, 0x00, 0x00, 0x31, 0xFF, 0x00, 0x00, 0x34, 0xFF,
    0x00, 0x00, 0x34, 0xFF, 0x00, 0x00, 0x34, 0xFF, 0x00, 0x00, 0x34, 0xFF, 0x00, 0x00, 0x34, 0xFF,
    0x00, 0x00, 0x28, 0xFF, 0x57, 0x57, 0x63, 0xFF, 0xE7, 0xE7, 0xE8, 0xFF, 0xEE, 0xEE, 0xEE, 0xFF,
    0xED, 0xED, 0xED, 0xFF, 0xED, 0xED, 0xED, 0xFF, 0xED, 0xED, 0xED, 0xFF, 0xF1, 0xF1, 0xF1, 0xFF,
    0xA0, 0xA0, 0xA5, 0xFF, 0x00, 0x00, 0x06, 0xFF, 0x00, 0x00, 0x34, 0xFF, 0x00, 0x00, 0x34, 0xFF,
    0x00, 0x00, 0x34, 0xFF, 0x00, 0x00, 0x34, 0xFF, 0x00, 0x00, 0x34, 0xFF, 0x00, 0x00, 0x34, 0xFF,
    0x00, 0x00, 0x21, 0xFF, 0x8F, 0x8F, 0x94, 0xFF, 0xBD, 0xBD, 0xBF, 0xFF, 0xBA, 0xBA, 0xBC, 0xFF,
    0xBA, 0xBA, 0xBC, 0xFF, 0xBA, 0xBA, 0xBC, 0xFF, 0xBA, 0xBA, 0xBC, 0xFF, 0xBA, 0xBA, 0xBC, 0xFF,
    0xBA, 0xBA, 0xBC, 0xFF, 0xB8, 0xB8, 0xBB, 0xFF, 0xAC, 0xAC, 0xAF, 0xFF, 0x86, 0x86, 0x8C, 0xFF,
    0x26, 0x26, 0x41, 0xFF, 0x00, 0x00, 0x25, 0xFF, 0x04, 0x04, 0x35, 0xFF, 0x00, 0x00, 0x34, 0xFF,
    0x00, 0x00, 0x34, 0xFF, 0x00, 0x00, 0x34, 0xFF, 0x00, 0x00, 0x34, 0xFF, 0x02, 0x02, 0x34, 0xFF,
    0x00, 0x00, 0x22, 0xFF, 0x4D, 0x4D, 0x5C, 0xFF, 0xE3, 0xE3, 0xE3, 0xFF, 0xEF, 0xEF, 0xEF, 0xFF,
    0xED, 0xED, 0xED, 0xFF, 0xED, 0xED, 0xED, 0xFF, 0xF0, 0xF0, 0xF0, 0xFF, 0xD1, 0xD1, 0xD3, 0xFF,
    0x00, 0x00, 0x2B, 0xFF, 0x00, 0x00, 0x32, 0xFF, 0x00, 0x00, 0x34, 0xFF, 0x00, 0x00, 0x34, 0xFF,
    0x00, 0x00, 0x34, 0xFF, 0x00, 0x00, 0x34, 0xFF, 0x00, 0x00, 0x34, 0xFF, 0x00, 0x00, 0x2C, 0xFF,
    0x4D, 0x4D, 0x5C, 0xFF, 0x9B, 0x9B, 0xA0, 0xFF, 0x9B, 0x9B, 0xA0, 0xFF, 0x9B, 0x9B, 0xA0, 0xFF,
    0x9B, 0x9B, 0xA0, 0xFF, 0x9B, 0x9B, 0xA0, 0xFF, 0x9B, 0x9B, 0xA0, 0xFF, 0x9B, 0x9B, 0xA0, 0xFF,
    0x9B, 0x9B, 0xA0, 0xFF, 0x9B, 0x9B, 0xA0, 0xFF, 0x9B, 0x9B, 0xA0, 0xFF, 0x9B, 0x9B, 0xA0, 0xFF,
    0x9B, 0x9B, 0xA0, 0xFF, 0x9A, 0x9A, 0x9F, 0xFF, 0x9E, 0x9E, 0xA3, 0xFF, 0xE4, 0xE4, 0xE4, 0xFF,
    0xEE, 0xEE, 0xEE, 0xFF, 0xEF, 0xEF, 0xEF, 0xFF, 0xBF, 0xBF, 0xC1, 0xAD, 0xD7, 0xD7, 0xD8, 0xCE,
    0xEF, 0xEF, 0xEE, 0xFF, 0xF1, 0xF1, 0xF1, 0xFF, 0xC5, 0xC5, 0xC7, 0xFF, 0x00, 0x00, 0x17, 0xFF,
    0x00, 0x00, 0x34, 0xFF, 0x00, 0x00, 0x34, 0xFF, 0x00, 0x00, 0x34, 0xFF, 0x00, 0x00, 0x34, 0xFF,
    0x00, 0x00, 0x34, 0xFF, 0x00, 0x00, 0x34, 0xFF, 0x00, 0x00, 0x1B, 0xFF, 0x7B, 0x7B, 0x82, 0xFF,
    0xEE, 0xEE, 0xEE, 0xFF, 0xEE, 0xEE, 0xED, 0xFF, 0xEB, 0xEB, 0xEB, 0xFF, 0xD4, 0xD4, 0xD6, 0x39,
    0x00, 0x00, 0x00, 0x00, 0x00, 0x00, 0x00, 0x00, 0x00, 0x00, 0x00, 0x00, 0x00, 0x00, 0x00, 0x00,
    0x00, 0x00, 0x00, 0x00, 0x00, 0x00, 0x00, 0x00, 0x00, 0x00, 0x00, 0x00, 0x00, 0x00, 0x00, 0x00,
    0x00, 0x00, 0x00, 0x00, 0x00, 0x00, 0x00, 0x00, 0x00, 0x00, 0x00, 0x00, 0xE5, 0xE5, 0xE5, 0xB3,
    0xED, 0xED, 0xED, 0xFF, 0xF0, 0xF0, 0xF0, 0xFF, 0xCA, 0xCA, 0xCC, 0xFF, 0x00, 0x00, 0x1F, 0xFF,
    0x00, 0x00, 0x33, 0xFF, 0x00, 0x00, 0x34, 0xFF, 0x00, 0x00, 0x34, 0xFF, 0x00, 0x00, 0x34, 0xFF,
    0x00, 0x00, 0x34, 0xFF, 0x00, 0x00, 0x34, 0xFF, 0x00, 0x00, 0x1F, 0xFF, 0x73, 0x73, 0x7B, 0xFF,
    0xED, 0xED, 0xED, 0xFF, 0xED, 0xED, 0xED, 0xFF, 0xED, 0xED, 0xED, 0xFF, 0xEF, 0xEF, 0xEF, 0xFF,
    0xDC, 0xDC, 0xDD, 0xFF, 0x2A, 0x2A, 0x43, 0xFF, 0x00, 0x00, 0x2F, 0xFF, 0x00, 0x00, 0x34, 0xFF,
    0x00, 0x00, 0x34, 0xFF, 0x00, 0x00, 0x34, 0xFF, 0x00, 0x00, 0x34, 0xFF, 0x00, 0x00, 0x34, 0xFF,
    0x00, 0x00, 0x33, 0xFF, 0x00, 0x00, 0x22, 0xFF, 0xCB, 0xCB, 0xCC, 0xFF, 0xF1, 0xF1, 0xF1, 0xFF,
    0xED, 0xED, 0xED, 0xFF, 0xEC, 0xEC, 0xEC, 0xDC, 0xD0, 0xD0, 0xD1, 0x0D, 0x00, 0x00, 0x00, 0x00,
    0x00, 0x00, 0x00, 0x00, 0x00, 0x00, 0x00, 0x00, 0x00, 0x00, 0x00, 0x00, 0x00, 0x00, 0x00, 0x04,
    0xD4, 0xD4, 0xD5, 0xA5, 0xEE, 0xEE, 0xEE, 0xFF, 0xEF, 0xEF, 0xEF, 0xFF, 0xDA, 0xDA, 0xDA, 0xFF,
    0x1D, 0x1D, 0x3D, 0xFF, 0x00, 0x00, 0x30, 0xFF, 0x00, 0x00, 0x34, 0xFF, 0x00, 0x00, 0x34, 0xFF,
    0x00, 0x00, 0x34, 0xFF, 0x00, 0x00, 0x34, 0xFF, 0x00, 0x00, 0x25, 0xFF, 0x5F, 0x5F, 0x6A, 0xFF,
    0xE9, 0xE9, 0xE9, 0xFF, 0xEE, 0xEE, 0xEE, 0xFF, 0xED, 0xED, 0xED, 0xFF, 0xED, 0xED, 0xED, 0xFF,
    0xF1, 0xF1, 0xF0, 0xFF, 0xC9, 0xC9, 0xCA, 0xFF, 0x00, 0x00, 0x1C, 0xFF, 0x00, 0x00, 0x33, 0xFF,
    0x00, 0x00, 0x34, 0xFF, 0x00, 0x00, 0x34, 0xFF, 0x00, 0x00, 0x34, 0xFF, 0x00, 0x00, 0x34, 0xFF,
    0x00, 0x00, 0x34, 0xFF, 0x00, 0x00, 0x32, 0xFF, 0x23, 0x23, 0x40, 0xFF, 0x4F, 0x4F, 0x5E, 0xFF,
    0x4F, 0x4F, 0x5E, 0xFF, 0x4F, 0x4F, 0x5E, 0xFF, 0x4F, 0x4F, 0x5E, 0xFF, 0x4F, 0x4F, 0x5E, 0xFF,
    0x4F, 0x4F, 0x5E, 0xFF, 0x4F, 0x4F, 0x5E, 0xFF, 0x4F, 0x4F, 0x5E, 0xFF, 0x4F, 0x4F, 0x5E, 0xFF,
    0x4F, 0x4F, 0x5E, 0xFF, 0x4F, 0x4F, 0x5E, 0xFF, 0x4F, 0x4F, 0x5E, 0xFF, 0x24, 0x24, 0x40, 0xFF,
    0x00, 0x00, 0x32, 0xFF, 0x00, 0x00, 0x34, 0xFF, 0x00, 0x00, 0x34, 0xFF, 0x00, 0x00, 0x34, 0xFF,
    0x00, 0x00, 0x34, 0xFF, 0x00, 0x00, 0x34, 0xFF, 0x00, 0x00, 0x33, 0xFF, 0x00, 0x00, 0x19, 0xFF,
    0xC7, 0xC7, 0xC9, 0xFF, 0xF1, 0xF1, 0xF0, 0xFF, 0xED, 0xED, 0xED, 0xFF, 0xE5, 0xE5, 0xE6, 0xB9,
    0x00, 0x00, 0x00, 0x00, 0x00, 0x00, 0x00, 0x00, 0x00, 0x00, 0x00, 0x00, 0x00, 0x00, 0x00, 0x00,
    0x00, 0x00, 0x00, 0x00, 0x00, 0x00, 0x00, 0x01, 0xE7, 0xE7, 0xE7, 0xCB, 0xED, 0xED, 0xED, 0xFF,
    0xF1, 0xF1, 0xF1, 0xFF, 0xBC, 0xBC, 0xBE, 0xFF, 0x00, 0x00, 0x09, 0xFF, 0x00, 0x00, 0x34, 0xFF,
    0x00, 0x00, 0x34, 0xFF, 0x00, 0x00, 0x34, 0xFF, 0x00, 0x00, 0x34, 0xFF, 0x00, 0x00, 0x34, 0xFF,
    0x00, 0x00, 0x34, 0xFF, 0x00, 0x00, 0x14, 0xFF, 0x89, 0x89, 0x8F, 0xFF, 0xF0, 0xF0, 0xEF, 0xFF,
    0xED, 0xED, 0xED, 0xFF, 0xEB, 0xEB, 0xEB, 0xF9, 0xCE, 0xCE, 0xD0, 0x2B, 0x00, 0x00, 0x00, 0x00,
    0x00, 0x00, 0x00, 0x00, 0x00, 0x00, 0x00, 0x00, 0x00, 0x00, 0x00, 0x00, 0x00, 0x00, 0x00, 0x00,
    0x00, 0x00, 0x00, 0x00, 0x00, 0x00, 0x00, 0x00, 0x00, 0x00, 0x00, 0x00, 0x00, 0x00, 0x00, 0x00,
    0xE5, 0xE5, 0xE6, 0xEA, 0xEE, 0xEE, 0xEE, 0xFF, 0xF1, 0xF1, 0xF1, 0xFF, 0xA9, 0xA9, 0xAC, 0xFF,
    0x00, 0x00, 0x02, 0xFF, 0x00, 0x00, 0x34, 0xFF, 0x00, 0x00, 0x34, 0xFF, 0x00, 0x00, 0x34, 0xFF,
    0x00, 0x00, 0x34, 0xFF, 0x00, 0x00, 0x34, 0xFF, 0x00, 0x00, 0x34, 0xFF, 0x00, 0x00, 0x34, 0xFF,
    0x00, 0x00, 0x34, 0xFF, 0x01, 0x01, 0x34, 0xFF, 0x00, 0x00, 0x01, 0xFF, 0xAD, 0xAD, 0xB1, 0xFF,
    0xF1, 0xF1, 0xF1, 0xFF, 0xED, 0xED, 0xED, 0xFF, 0xED, 0xED, 0xED, 0xFF, 0xED, 0xED, 0xED, 0xFF,
    0xED, 0xED, 0xED, 0xFF, 0xED, 0xED, 0xED, 0xFF, 0xED, 0xED, 0xED, 0xFF, 0xED, 0xED, 0xED, 0xFF,
    0xED, 0xED, 0xED, 0xFF, 0xED, 0xED, 0xED, 0xFF, 0xED, 0xED, 0xED, 0xFF, 0xED, 0xED, 0xED, 0xFF,
    0xED, 0xED, 0xED, 0xFF, 0xED, 0xED, 0xED, 0xFF, 0xED, 0xED, 0xED, 0xFF, 0xEE, 0xEE, 0xEE, 0xFF,
    0xE7, 0xE7, 0xE8, 0xFF, 0x58, 0x58, 0x64, 0xFF, 0x00, 0x00, 0x01, 0xFF, 0x6F, 0x6F, 0x78, 0xFF,
    0xEC, 0xEC, 0xEC, 0xFF, 0xEE, 0xEE, 0xEE, 0xFF, 0xED, 0xED, 0xED, 0xFF, 0xED, 0xED, 0xED, 0xFF,
    0xED, 0xED, 0xED, 0xFF, 0xED, 0xED, 0xED, 0xFF, 0xED, 0xED, 0xED, 0xFF, 0xED, 0xED, 0xED, 0xFF,
    0xED, 0xED, 0xED, 0xFF, 0xED, 0xED, 0xED, 0xFF, 0xED, 0xED, 0xED, 0xFF, 0xED, 0xED, 0xED, 0xFF,
    0xED, 0xED, 0xED, 0xFF, 0xED, 0xED, 0xED, 0xFF, 0xED, 0xED, 0xED, 0xFF, 0xED, 0xED, 0xED, 0xFF,
    0xF1, 0xF1, 0xF1, 0xFF, 0x9C, 0x9C, 0xA1, 0xFF, 0x00, 0x00, 0x06, 0xFF, 0x01, 0x01, 0x34, 0xFF,
    0x00, 0x00, 0x34, 0xFF, 0x00, 0x00, 0x34, 0xFF, 0x00, 0x00, 0x34, 0xFF, 0x00, 0x00, 0x34, 0xFF,
    0x00, 0x00, 0x34, 0xFF, 0x00, 0x00, 0x34, 0xFF, 0x00, 0x00, 0x34, 0xFF, 0x00, 0x00, 0x34, 0xFF,
    0x00, 0x00, 0x03, 0xFF, 0xB5, 0xB5, 0xB7, 0xFF, 0xF1, 0xF1, 0xF1, 0xFF, 0xF0, 0xF0, 0xEF, 0xFF,
    0xD7, 0xD7, 0xD8, 0xFF, 0x0E, 0x0E, 0x38, 0xFF, 0x00, 0x00, 0x31, 0xFF, 0x00, 0x00, 0x34, 0xFF,
    0x00, 0x00, 0x34, 0xFF, 0x00, 0x00, 0x34, 0xFF, 0x00, 0x00, 0x34, 0xFF, 0x00, 0x00, 0x34, 0xFF,
    0x00, 0x00, 0x28, 0xFF, 0x57, 0x57, 0x63, 0xFF, 0xE7, 0xE7, 0xE8, 0xFF, 0xEE, 0xEE, 0xEE, 0xFF,
    0xED, 0xED, 0xED, 0xFF, 0xED, 0xED, 0xED, 0xFF, 0xED, 0xED, 0xED, 0xFF, 0xF1, 0xF1, 0xF1, 0xFF,
    0xA0, 0xA0, 0xA5, 0xFF, 0x00, 0x00, 0x06, 0xFF, 0x00, 0x00, 0x34, 0xFF, 0x00, 0x00, 0x34, 0xFF,
    0x00, 0x00, 0x34, 0xFF, 0x00, 0x00, 0x34, 0xFF, 0x00, 0x00, 0x34, 0xFF, 0x00, 0x00, 0x34, 0xFF,
    0x00, 0x00, 0x00, 0xFF, 0xBB, 0xBB, 0xBD, 0xFF, 0xF5, 0xF5, 0xF5, 0xFF, 0xF1, 0xF1, 0xF1, 0xFF,
    0xF1, 0xF1, 0xF1, 0xFF, 0xF1, 0xF1, 0xF1, 0xFF, 0xF1, 0xF1, 0xF1, 0xFF, 0xF1, 0xF1, 0xF1, 0xFF,
    0xF1, 0xF1, 0xF1, 0xFF, 0xF1, 0xF1, 0xF1, 0xFF, 0xF1, 0xF1, 0xF1, 0xFF, 0xF0, 0xF0, 0xF0, 0xFF,
    0xD5, 0xD5, 0xD6, 0xFF, 0x57, 0x57, 0x64, 0xFF, 0x00, 0x00, 0x28, 0xFF, 0x00, 0x00, 0x34, 0xFF,
    0x00, 0x00, 0x34, 0xFF, 0x00, 0x00, 0x34, 0xFF, 0x00, 0x00, 0x34, 0xFF, 0x00, 0x00, 0x34, 0xFF,
    0x02, 0x02, 0x34, 0xFF, 0x00, 0x00, 0x00, 0xFF, 0xB0, 0xB0, 0xB3, 0xFF, 0xF1, 0xF1, 0xF1, 0xFF,
    0xED, 0xED, 0xED, 0xFF, 0xED, 0xED, 0xED, 0xFF, 0xF0, 0xF0, 0xF0, 0xFF, 0xD1, 0xD1, 0xD3, 0xFF,
    0x00, 0x00, 0x2B, 0xFF, 0x00, 0x00, 0x32, 0xFF, 0x00, 0x00, 0x34, 0xFF, 0x00, 0x00, 0x34, 0xFF,
    0x00, 0x00, 0x34, 0xFF, 0x00, 0x00, 0x34, 0xFF, 0x00, 0x00, 0x34, 0xFF, 0x00, 0x00, 0x1B, 0xFF,
    0x7B, 0x7B, 0x83, 0xFF, 0xF2, 0xF2, 0xF1, 0xFF, 0xF1, 0xF1, 0xF1, 0xFF, 0xF1, 0xF1, 0xF1, 0xFF,
    0xF1, 0xF1, 0xF1, 0xFF, 0xF1, 0xF1, 0xF1, 0xFF, 0xF1, 0xF1, 0xF1, 0xFF, 0xF1, 0xF1, 0xF1, 0xFF,
    0xF1, 0xF1, 0xF1, 0xFF, 0xF1, 0xF1, 0xF1, 0xFF, 0xF1, 0xF1, 0xF1, 0xFF, 0xF1, 0xF1, 0xF1, 0xFF,
    0xF1, 0xF1, 0xF1, 0xFF, 0xF1, 0xF1, 0xF1, 0xFF, 0xF1, 0xF1, 0xF1, 0xFF, 0xEE, 0xEE, 0xEE, 0xFF,
    0xED, 0xED, 0xED, 0xFF, 0xEE, 0xEE, 0xEE, 0xFF, 0xA6, 0xA6, 0xAA, 0x9F, 0xD8, 0xD8, 0xD9, 0xCF,
    0xEF, 0xEF, 0xEE, 0xFF, 0xF1, 0xF1, 0xF1, 0xFF, 0xC5, 0xC5, 0xC7, 0xFF, 0x00, 0x00, 0x17, 0xFF,
    0x00, 0x00, 0x34, 0xFF, 0x00, 0x00, 0x34, 0xFF, 0x00, 0x00, 0x34, 0xFF, 0x00, 0x00, 0x34, 0xFF,
    0x00, 0x00, 0x34, 0xFF, 0x00, 0x00, 0x34, 0xFF, 0x00, 0x00, 0x1B, 0xFF, 0x7B, 0x7B, 0x82, 0xFF,
    0xEE, 0xEE, 0xEE, 0xFF, 0xEE, 0xEE, 0xED, 0xFF, 0xEB, 0xEB, 0xEB, 0xFF, 0xD3, 0xD3, 0xD5, 0x35,
    0x00, 0x00, 0x00, 0x00, 0x00, 0x00, 0x00, 0x00, 0x00, 0x00, 0x00, 0x00, 0x00, 0x00, 0x00, 0x00,
    0x00, 0x00, 0x00, 0x00, 0x00, 0x00, 0x00, 0x00, 0x00, 0x00, 0x00, 0x00, 0x00, 0x00, 0x00, 0x00,
    0x00, 0x00, 0x00, 0x00, 0x00, 0x00, 0x00, 0x00, 0x00, 0x00, 0x00, 0x00, 0xE5, 0xE5, 0xE5, 0xB2,
    0xED, 0xED, 0xED, 0xFF, 0xF0, 0xF0, 0xF0, 0xFF, 0xCA, 0xCA, 0xCC, 0xFF, 0x00, 0x00, 0x1F, 0xFF,
    0x00, 0x00, 0x33, 0xFF, 0x00, 0x00, 0x34, 0xFF, 0x00, 0x00, 0x34, 0xFF, 0x00, 0x00, 0x34, 0xFF,
    0x00, 0x00, 0x34, 0xFF, 0x00, 0x00, 0x34, 0xFF, 0x00, 0x00, 0x1F, 0xFF, 0x73, 0x73, 0x7B, 0xFF,
    0xED, 0xED, 0xED, 0xFF, 0xED, 0xED, 0xED, 0xFF, 0xED, 0xED, 0xED, 0xFF, 0xEE, 0xEE, 0xEE, 0xFF,
    0xE9, 0xE9, 0xE9, 0xFF, 0x60, 0x60, 0x6B, 0xFF, 0x00, 0x00, 0x25, 0xFF, 0x00, 0x00, 0x34, 0xFF,
    0x00, 0x00, 0x34, 0xFF, 0x00, 0x00, 0x34, 0xFF, 0x00, 0x00, 0x34, 0xFF, 0x00, 0x00, 0x34, 0xFF,
    0x00, 0x00, 0x34, 0xFF, 0x00, 0x00, 0x10, 0xFF, 0x93, 0x93, 0x98, 0xFF, 0xF1, 0xF1, 0xF0, 0xFF,
    0xED, 0xED, 0xED, 0xFF, 0xED, 0xED, 0xED, 0xFF, 0xED, 0xED, 0xED, 0x95, 0x00, 0x00, 0x00, 0x00,
    0x00, 0x00, 0x00, 0x00, 0x00, 0x00, 0x00, 0x00, 0x00, 0x00, 0x00, 0x00, 0x00, 0x00, 0x00, 0x04,
    0xD4, 0xD4, 0xD5, 0xA6, 0xEE, 0xEE, 0xEE, 0xFF, 0xEF, 0xEF, 0xEF, 0xFF, 0xDA, 0xDA, 0xDB, 0xFF,
    0x1D, 0x1D, 0x3D, 0xFF, 0x00, 0x00, 0x30, 0xFF, 0x00, 0x00, 0x34, 0xFF, 0x00, 0x00, 0x34, 0xFF,
    0x00, 0x00, 0x34, 0xFF, 0x00, 0x00, 0x34, 0xFF, 0x00, 0x00, 0x25, 0xFF, 0x5F, 0x5F, 0x6A, 0xFF,
    0xE9, 0xE9, 0xE9, 0xFF, 0xEE, 0xEE, 0xEE, 0xFF, 0xED, 0xED, 0xED, 0xFF, 0xED, 0xED, 0xED, 0xFF,
    0xF1, 0xF1, 0xF0, 0xFF, 0xC9, 0xC9, 0xCA, 0xFF, 0x00, 0x00, 0x1C, 0xFF, 0x00, 0x00, 0x33, 0xFF,
    0x00, 0x00, 0x34, 0xFF, 0x00, 0x00, 0x34, 0xFF, 0x00, 0x00, 0x34, 0xFF, 0x00, 0x00, 0x34, 0xFF,
    0x00, 0x00, 0x34, 0xFF, 0x00, 0x00, 0x20, 0xFF, 0x71, 0x71, 0x7A, 0xFF, 0xE6, 0xE6, 0xE6, 0xFF,
    0xE6, 0xE6, 0xE6, 0xFF, 0xE6, 0xE6, 0xE6, 0xFF, 0xE6, 0xE6, 0xE6, 0xFF, 0xE6, 0xE6, 0xE6, 0xFF,
    0xE6, 0xE6, 0xE6, 0xFF, 0xE6, 0xE6, 0xE6, 0xFF, 0xE6, 0xE6, 0xE6, 0xFF, 0xE6, 0xE6, 0xE6, 0xFF,
    0xE6, 0xE6, 0xE6, 0xFF, 0xE6, 0xE6, 0xE6, 0xFF, 0xE6, 0xE6, 0xE7, 0xFF, 0x75, 0x75, 0x7D, 0xFF,
    0x00, 0x00, 0x1E, 0xFF, 0x00, 0x00, 0x34, 0xFF, 0x00, 0x00, 0x34, 0xFF, 0x00, 0x00, 0x34, 0xFF,
    0x00, 0x00, 0x34, 0xFF, 0x00, 0x00, 0x34, 0xFF, 0x00, 0x00, 0x33, 0xFF, 0x00, 0x00, 0x19, 0xFF,
    0xC7, 0xC7, 0xC9, 0xFF, 0xF1, 0xF1, 0xF1, 0xFF, 0xED, 0xED, 0xED, 0xFF, 0xE5, 0xE5, 0xE6, 0xB9,
    0x00, 0x00, 0x00, 0x00, 0x00, 0x00, 0x00, 0x00, 0x00, 0x00, 0x00, 0x00, 0x00, 0x00, 0x00, 0x00,
    0x00, 0x00, 0x00, 0x00, 0x00, 0x00, 0x00, 0x01, 0xE7, 0xE7, 0xE7, 0xCA, 0xED, 0xED, 0xED, 0xFF,
    0xF1, 0xF1, 0xF1, 0xFF, 0xBC, 0xBC, 0xBE, 0xFF, 0x00, 0x00, 0x09, 0xFF, 0x00, 0x00, 0x34, 0xFF,
    0x00, 0x00, 0x34, 0xFF, 0x00, 0x00, 0x34, 0xFF, 0x00, 0x00, 0x34, 0xFF, 0x00, 0x00, 0x34, 0xFF,
    0x00, 0x00, 0x34, 0xFF, 0x00, 0x00, 0x14, 0xFF, 0x89, 0x89, 0x8F, 0xFF, 0xF0, 0xF0, 0xF0, 0xFF,
    0xED, 0xED, 0xED, 0xFF, 0xEB, 0xEB, 0xEB, 0xF9, 0xCE, 0xCE, 0xD0, 0x2A, 0x00, 0x00, 0x00, 0x00,
    0x00, 0x00, 0x00, 0x00, 0x00, 0x00, 0x00, 0x00, 0x00, 0x00, 0x00, 0x00, 0x00, 0x00, 0x00, 0x00,
    0x00, 0x00, 0x00, 0x00, 0x00, 0x00, 0x00, 0x00, 0x00, 0x00, 0x00, 0x00, 0x00, 0x00, 0x00, 0x00,
    0xE5, 0xE5, 0xE5, 0xEA, 0xEE, 0xEE, 0xEE, 0xFF, 0xF1, 0xF1, 0xF1, 0xFF, 0xA9, 0xA9, 0xAC, 0xFF,
    0x00, 0x00, 0x02, 0xFF, 0x00, 0x00, 0x34, 0xFF, 0x00, 0x00, 0x34, 0xFF, 0x00, 0x00, 0x34, 0xFF,
    0x00, 0x00, 0x34, 0xFF, 0x00, 0x00, 0x34, 0xFF, 0x00, 0x00, 0x34, 0xFF, 0x00, 0x00, 0x34, 0xFF,
    0x00, 0x00, 0x34, 0xFF, 0x00, 0x00, 0x34, 0xFF, 0x00, 0x00, 0x1F, 0xFF, 0x71, 0x71, 0x7A, 0xFF,
    0xEC, 0xEC, 0xEC, 0xFF, 0xED, 0xED, 0xED, 0xFF, 0xED, 0xED, 0xED, 0xFF, 0xED, 0xED, 0xED, 0xFF,
    0xED, 0xED, 0xED, 0xFF, 0xED, 0xED, 0xED, 0xFF, 0xED, 0xED, 0xED, 0xFF, 0xED, 0xED, 0xED, 0xFF,
    0xED, 0xED, 0xED, 0xFF, 0xED, 0xED, 0xED, 0xFF, 0xED, 0xED, 0xED, 0xFF, 0xED, 0xED, 0xED, 0xFF,
    0xED, 0xED, 0xED, 0xFF, 0xED, 0xED, 0xED, 0xFF, 0xED, 0xED, 0xED, 0xFF, 0xF1, 0xF1, 0xF0, 0xFF,
    0xC9, 0xC9, 0xCB, 0xFF, 0x00, 0x00, 0x1F, 0xFF, 0x00, 0x00, 0x30, 0xFF, 0x00, 0x00, 0x33, 0xFF,
    0xD4, 0xD4, 0xD6, 0xFF, 0xF0, 0xF0, 0xF0, 0xFF, 0xED, 0xED, 0xED, 0xFF, 0xED, 0xED, 0xED, 0xFF,
    0xED, 0xED, 0xED, 0xFF, 0xED, 0xED, 0xED, 0xFF, 0xED, 0xED, 0xED, 0xFF, 0xED, 0xED, 0xED, 0xFF,
    0xED, 0xED, 0xED, 0xFF, 0xED, 0xED, 0xED, 0xFF, 0xED, 0xED, 0xED, 0xFF, 0xED, 0xED, 0xED, 0xFF,
    0xED, 0xED, 0xED, 0xFF, 0xED, 0xED, 0xED, 0xFF, 0xED, 0xED, 0xED, 0xFF, 0xEE, 0xEE, 0xEE, 0xFF,
    0xE8, 0xE8, 0xE8, 0xFF, 0x5B, 0x5B, 0x67, 0xFF, 0x00, 0x00, 0x26, 0xFF, 0x00, 0x00, 0x34, 0xFF,
    0x00, 0x00, 0x34, 0xFF, 0x00, 0x00, 0x34, 0xFF, 0x00, 0x00, 0x34, 0xFF, 0x00, 0x00, 0x34, 0xFF,
    0x00, 0x00, 0x34, 0xFF, 0x00, 0x00, 0x34, 0xFF, 0x00, 0x00, 0x34, 0xFF, 0x00, 0x00, 0x34, 0xFF,
    0x00, 0x00, 0x03, 0xFF, 0xB5, 0xB5, 0xB7, 0xFF, 0xF1, 0xF1, 0xF1, 0xFF, 0xF0, 0xF0, 0xEF, 0xFF,
    0xD7, 0xD7, 0xD8, 0xFF, 0x0E, 0x0E, 0x38, 0xFF, 0x00, 0x00, 0x31, 0xFF, 0x00, 0x00, 0x34, 0xFF,
    0x00, 0x00, 0x34, 0xFF, 0x00, 0x00, 0x34, 0xFF, 0x00, 0x00, 0x34, 0xFF, 0x00, 0x00, 0x34, 0xFF,
    0x00, 0x00, 0x28, 0xFF, 0x57, 0x57, 0x63, 0xFF, 0xE7, 0xE7, 0xE8, 0xFF, 0xEE, 0xEE, 0xEE, 0xFF,
    0xED, 0xED, 0xED, 0xFF, 0xED, 0xED, 0xED, 0xFF, 0xED, 0xED, 0xED, 0xFF, 0xF1, 0xF1, 0xF1, 0xFF,
    0xA0, 0xA0, 0xA5, 0xFF, 0x00, 0x00, 0x06, 0xFF, 0x00, 0x00, 0x34, 0xFF, 0x00, 0x00, 0x34, 0xFF,
    0x00, 0x00, 0x34, 0xFF, 0x00, 0x00, 0x34, 0xFF, 0x00, 0x00, 0x34, 0xFF, 0x00, 0x00, 0x34, 0xFF,
    0x00, 0x00, 0x05, 0xFF, 0xB7, 0xB7, 0xBA, 0xFF, 0xF1, 0xF1, 0xF1, 0xFF, 0xED, 0xED, 0xED, 0xFF,
    0xED, 0xED, 0xED, 0xFF, 0xED, 0xED, 0xED, 0xFF, 0xED, 0xED, 0xED, 0xFF, 0xED, 0xED, 0xED, 0xFF,
    0xED, 0xED, 0xED, 0xFF, 0xED, 0xED, 0xED, 0xFF, 0xED, 0xED, 0xED, 0xFF, 0xED, 0xED, 0xED, 0xFF,
    0xF3, 0xF3, 0xF3, 0xFF, 0xC1, 0xC1, 0xC3, 0xFF, 0x00, 0x00, 0x19, 0xFF, 0x00, 0x00, 0x33, 0xFF,
    0x00, 0x00, 0x34, 0xFF, 0x00, 0x00, 0x34, 0xFF, 0x00, 0x00, 0x34, 0xFF, 0x00, 0x00, 0x34, 0xFF,
    0x00, 0x00, 0x34, 0xFF, 0x00, 0x00, 0x1C, 0xFF, 0x77, 0x77, 0x7F, 0xFF, 0xED, 0xED, 0xED, 0xFF,
    0xED, 0xED, 0xED, 0xFF, 0xED, 0xED, 0xED, 0xFF, 0xF0, 0xF0, 0xF0, 0xFF, 0xD1, 0xD1, 0xD3, 0xFF,
    0x00, 0x00, 0x2B, 0xFF, 0x00, 0x00, 0x32, 0xFF, 0x00, 0x00, 0x34, 0xFF, 0x00, 0x00, 0x34, 0xFF,
    0x00, 0x00, 0x34, 0xFF, 0x00, 0x00, 0x34, 0xFF, 0x00, 0x00, 0x34, 0xFF, 0x00, 0x00, 0x1C, 0xFF,
    0x79, 0x79, 0x81, 0xFF, 0xEE, 0xEE, 0xEE, 0xFF, 0xED, 0xED, 0xED, 0xFF, 0xED, 0xED, 0xED, 0xFF,
    0xED, 0xED, 0xED, 0xFF, 0xED, 0xED, 0xED, 0xFF, 0xED, 0xED, 0xED, 0xFF, 0xED, 0xED, 0xED, 0xFF,
    0xED, 0xED, 0xED, 0xFF, 0xED, 0xED, 0xED, 0xFF, 0xED, 0xED, 0xED, 0xFF, 0xED, 0xED, 0xED, 0xFF,
    0xED, 0xED, 0xED, 0xFF, 0xED, 0xED, 0xED, 0xFF, 0xED, 0xED, 0xED, 0xFF, 0xED, 0xED, 0xED, 0xFF,
    0xEF, 0xEF, 0xEF, 0xFF, 0xD6, 0xD6, 0xD7, 0xF9, 0x00, 0x00, 0x17, 0x89, 0xDA, 0xDA, 0xDB, 0xCF,
    0xEF, 0xEF, 0xEF, 0xFF, 0xF1, 0xF1, 0xF1, 0xFF, 0xC5, 0xC5, 0xC7, 0xFF, 0x00, 0x00, 0x17, 0xFF,
    0x00, 0x00, 0x34, 0xFF, 0x00, 0x00, 0x34, 0xFF, 0x00, 0x00, 0x34, 0xFF, 0x00, 0x00, 0x34, 0xFF,
    0x00, 0x00, 0x34, 0xFF, 0x00, 0x00, 0x34, 0xFF, 0x00, 0x00, 0x1B, 0xFF, 0x7B, 0x7B, 0x82, 0xFF,
    0xEE, 0xEE, 0xEE, 0xFF, 0xED, 0xED, 0xED, 0xFF, 0xEB, 0xEB, 0xEC, 0xFF, 0xDD, 0xDD, 0xDF, 0x51,
    0xF1, 0xF1, 0xF1, 0x17, 0xED, 0xED, 0xED, 0x1C, 0xED, 0xED, 0xED, 0x1C, 0xED, 0xED, 0xED, 0x1C,
    0xED, 0xED, 0xED, 0x1C, 0xED, 0xED, 0xED, 0x1C, 0xED, 0xED, 0xED, 0x1C, 0xED, 0xED, 0xED, 0x1B,
    0xED, 0xED, 0xED, 0x1B, 0xEE, 0xEE, 0xEE, 0x1A, 0xDE, 0xDE, 0xDF, 0x15, 0xE6, 0xE6, 0xE6, 0xBB,
    0xED, 0xED, 0xED, 0xFF, 0xF0, 0xF0, 0xF0, 0xFF, 0xCA, 0xCA, 0xCC, 0xFF, 0x00, 0x00, 0x1F, 0xFF,
    0x00, 0x00, 0x33, 0xFF, 0x00, 0x00, 0x34, 0xFF, 0x00, 0x00, 0x34, 0xFF, 0x00, 0x00, 0x34, 0xFF,
    0x00, 0x00, 0x34, 0xFF, 0x00, 0x00, 0x34, 0xFF, 0x00, 0x00, 0x1F, 0xFF, 0x73, 0x73, 0x7B, 0xFF,
    0xED, 0xED, 0xED, 0xFF, 0xED, 0xED, 0xED, 0xFF, 0xED, 0xED, 0xED, 0xFF, 0xED, 0xED, 0xED, 0xFF,
    0xF0, 0xF0, 0xF0, 0xFF, 0x96, 0x96, 0x9C, 0xFF, 0x00, 0x00, 0x08, 0xFF, 0x01, 0x01, 0x34, 0xFF,
    0x00, 0x00, 0x34, 0xFF, 0x00, 0x00, 0x34, 0xFF, 0x00, 0x00, 0x34, 0xFF, 0x00, 0x00, 0x34, 0xFF,
    0x00, 0x00, 0x34, 0xFF, 0x00, 0x00, 0x2F, 0xFF, 0x1F, 0x1F, 0x3E, 0xFF, 0xD5, 0xD5, 0xD6, 0xFF,
    0xF1, 0xF1, 0xF1, 0xFF, 0xED, 0xED, 0xED, 0xFF, 0xED, 0xED, 0xED, 0xFF, 0xED, 0xED, 0xED, 0xAD,
    0xED, 0xED, 0xED, 0x31, 0xED, 0xED, 0xED, 0x05, 0x00, 0x00, 0x00, 0x00, 0x00, 0x00, 0x00, 0x02,
    0xD4, 0xD4, 0xD6, 0xA8, 0xEE, 0xEE, 0xEE, 0xFF, 0xEF, 0xEF, 0xEF, 0xFF, 0xDA, 0xDA, 0xDA, 0xFF,
    0x1D, 0x1D, 0x3D, 0xFF, 0x00, 0x00, 0x30, 0xFF, 0x00, 0x00, 0x34, 0xFF, 0x00, 0x00, 0x34, 0xFF,
    0x00, 0x00, 0x34, 0xFF, 0x00, 0x00, 0x34, 0xFF, 0x00, 0x00, 0x25, 0xFF, 0x5F, 0x5F, 0x6A, 0xFF,
    0xE9, 0xE9, 0xE9, 0xFF, 0xEE, 0xEE, 0xEE, 0xFF, 0xED, 0xED, 0xED, 0xFF, 0xED, 0xED, 0xED, 0xFF,
    0xF1, 0xF1, 0xF0, 0xFF, 0xC9, 0xC9, 0xCA, 0xFF, 0x00, 0x00, 0x1C, 0xFF, 0x00, 0x00, 0x33, 0xFF,
    0x00, 0x00, 0x34, 0xFF, 0x00, 0x00, 0x34, 0xFF, 0x00, 0x00, 0x34, 0xFF, 0x00, 0x00, 0x34, 0xFF,
    0x00, 0x00, 0x34, 0xFF, 0x00, 0x00, 0x1D, 0xFF, 0x76, 0x76, 0x7E, 0xFF, 0xEE, 0xEE, 0xEE, 0xFF,
    0xEF, 0xEF, 0xEF, 0xFF, 0xEE, 0xEE, 0xEE, 0xFF, 0xEE, 0xEE, 0xEE, 0xFF, 0xEE, 0xEE, 0xEE, 0xFF,
    0xEE, 0xEE, 0xEE, 0xFF, 0xEE, 0xEE, 0xEE, 0xFF, 0xEE, 0xEE, 0xEE, 0xFF, 0xEE, 0xEE, 0xEE, 0xFF,
    0xEE, 0xEE, 0xEE, 0xFF, 0xEF, 0xEF, 0xEF, 0xFF, 0xEF, 0xEF, 0xEF, 0xFF, 0x7A, 0x7A, 0x81, 0xFF,
    0x00, 0x00, 0x1C, 0xFF, 0x00, 0x00, 0x34, 0xFF, 0x00, 0x00, 0x34, 0xFF, 0x00, 0x00, 0x34, 0xFF,
    0x00, 0x00, 0x34, 0xFF, 0x00, 0x00, 0x34, 0xFF, 0x00, 0x00, 0x33, 0xFF, 0x00, 0x00, 0x19, 0xFF,
    0xC7, 0xC7, 0xC9, 0xFF, 0xF1, 0xF1, 0xF0, 0xFF, 0xED, 0xED, 0xED, 0xFF, 0xE5, 0xE5, 0xE6, 0xB9,
    0x00, 0x00, 0x00, 0x00, 0x00, 0x00, 0x00, 0x00, 0x00, 0x00, 0x00, 0x00, 0x00, 0x00, 0x00, 0x00,
    0x00, 0x00, 0x00, 0x00, 0x00, 0x00, 0x00, 0x01, 0xE7, 0xE7, 0xE7, 0xCA, 0xED, 0xED, 0xED, 0xFF,
    0xF1, 0xF1, 0xF1, 0xFF, 0xBC, 0xBC, 0xBE, 0xFF, 0x00, 0x00, 0x09, 0xFF, 0x00, 0x00, 0x34, 0xFF,
    0x00, 0x00, 0x34, 0xFF, 0x00, 0x00, 0x34, 0xFF, 0x00, 0x00, 0x34, 0xFF, 0x00, 0x00, 0x34, 0xFF,
    0x00, 0x00, 0x34, 0xFF, 0x00, 0x00, 0x14, 0xFF, 0x89, 0x89, 0x8F, 0xFF, 0xF0, 0xF0, 0xEF, 0xFF,
    0xED, 0xED, 0xED, 0xFF, 0xEB, 0xEB, 0xEB, 0xF9, 0xCF, 0xCF, 0xD0, 0x2A, 0x00, 0x00, 0x00, 0x00,
    0x00, 0x00, 0x00, 0x00, 0x00, 0x00, 0x00, 0x00, 0x00, 0x00, 0x00, 0x00, 0x00, 0x00, 0x00, 0x00,
    0x00, 0x00, 0x00, 0x00, 0x00, 0x00, 0x00, 0x00, 0x00, 0x00, 0x00, 0x00, 0x00, 0x00, 0x00, 0x00,
    0xE5, 0xE5, 0xE5, 0xE9, 0xEE, 0xEE, 0xEE, 0xFF, 0xF1, 0xF1, 0xF1, 0xFF, 0xA9, 0xA9, 0xAC, 0xFF,
    0x00, 0x00, 0x02, 0xFF, 0x00, 0x00, 0x34, 0xFF, 0x00, 0x00, 0x34, 0xFF, 0x00, 0x00, 0x34, 0xFF,
    0x00, 0x00, 0x34, 0xFF, 0x00, 0x00, 0x34, 0xFF, 0x00, 0x00, 0x34, 0xFF, 0x00, 0x00, 0x34, 0xFF,
    0x00, 0x00, 0x34, 0xFF, 0x00, 0x00, 0x34, 0xFF, 0x00, 0x00, 0x30, 0xFF, 0x18, 0x18, 0x3B, 0xFF,
    0xD8, 0xD8, 0xD9, 0xFF, 0xF0, 0xF0, 0xEF, 0xFF, 0xED, 0xED, 0xED, 0xFF, 0xED, 0xED, 0xED, 0xFF,
    0xED, 0xED, 0xED, 0xFF, 0xED, 0xED, 0xED, 0xFF, 0xED, 0xED, 0xED, 0xFF, 0xED, 0xED, 0xED, 0xFF,
    0xED, 0xED, 0xED, 0xFF, 0xED, 0xED, 0xED, 0xFF, 0xED, 0xED, 0xED, 0xFF, 0xED, 0xED, 0xED, 0xFF,
    0xED, 0xED, 0xED, 0xFF, 0xED, 0xED, 0xED, 0xFF, 0xED, 0xED, 0xED, 0xFF, 0xF0, 0xF0, 0xF0, 0xFF,
    0x94, 0x94, 0x99, 0xFF, 0x00, 0x00, 0x0C, 0xFF, 0x01, 0x01, 0x34, 0xFF, 0x00, 0x00, 0x01, 0xFF,
    0xA6, 0xA6, 0xAA, 0xFF, 0xF1, 0xF1, 0xF1, 0xFF, 0xED, 0xED, 0xED, 0xFF, 0xED, 0xED, 0xED, 0xFF,
    0xED, 0xED, 0xED, 0xFF, 0xED, 0xED, 0xED, 0xFF, 0xED, 0xED, 0xED, 0xFF, 0xED, 0xED, 0xED, 0xFF,
    0xED, 0xED, 0xED, 0xFF, 0xED, 0xED, 0xED, 0xFF, 0xED, 0xED, 0xED, 0xFF, 0xED, 0xED, 0xED, 0xFF,
    0xED, 0xED, 0xED, 0xFF, 0xED, 0xED, 0xED, 0xFF, 0xED, 0xED, 0xED, 0xFF, 0xF0, 0xF0, 0xF0, 0xFF,
    0xCE, 0xCE, 0xD0, 0xFF, 0x00, 0x00, 0x27, 0xFF, 0x00, 0x00, 0x32, 0xFF, 0x00, 0x00, 0x34, 0xFF,
    0x00, 0x00, 0x34, 0xFF, 0x00, 0x00, 0x34, 0xFF, 0x00, 0x00, 0x34, 0xFF, 0x00, 0x00, 0x34, 0xFF,
    0x00, 0x00, 0x34, 0xFF, 0x00, 0x00, 0x34, 0xFF, 0x00, 0x00, 0x34, 0xFF, 0x00, 0x00, 0x34, 0xFF,
    0x00, 0x00, 0x03, 0xFF, 0xB5, 0xB5, 0xB7, 0xFF, 0xF1, 0xF1, 0xF1, 0xFF, 0xF0, 0xF0, 0xEF, 0xFF,
    0xD7, 0xD7, 0xD8, 0xFF, 0x0E, 0x0E, 0x38, 0xFF, 0x00, 0x00, 0x31, 0xFF, 0x00, 0x00, 0x34, 0xFF,
    0x00, 0x00, 0x34, 0xFF, 0x00, 0x00, 0x34, 0xFF, 0x00, 0x00, 0x34, 0xFF, 0x00, 0x00, 0x34, 0xFF,
    0x00, 0x00, 0x28, 0xFF, 0x57, 0x57, 0x63, 0xFF, 0xE7, 0xE7, 0xE8, 0xFF, 0xEE, 0xEE, 0xEE, 0xFF,
    0xED, 0xED, 0xED, 0xFF, 0xED, 0xED, 0xED, 0xFF, 0xED, 0xED, 0xED, 0xFF, 0xF1, 0xF1, 0xF1, 0xFF,
    0xA0, 0xA0, 0xA5, 0xFF, 0x00, 0x00, 0x06, 0xFF, 0x00, 0x00, 0x34, 0xFF, 0x00, 0x00, 0x34, 0xFF,
    0x00, 0x00, 0x34, 0xFF, 0x00, 0x00, 0x34, 0xFF, 0x00, 0x00, 0x34, 0xFF, 0x00, 0x00, 0x34, 0xFF,
    0x00, 0x00, 0x05, 0xFF, 0xB7, 0xB7, 0xBA, 0xFF, 0xF1, 0xF1, 0xF1, 0xFF, 0xED, 0xED, 0xED, 0xFF,
    0xED, 0xED, 0xED, 0xFF, 0xED, 0xED, 0xED, 0xFF, 0xED, 0xED, 0xED, 0xFF, 0xED, 0xED, 0xED, 0xFF,
    0xED, 0xED, 0xED, 0xFF, 0xED, 0xED, 0xED, 0xFF, 0xED, 0xED, 0xED, 0xFF, 0xED, 0xED, 0xED, 0xFF,
    0xF0, 0xF0, 0xEF, 0xFF, 0xD9, 0xD9, 0xDA, 0xFF, 0x0D, 0x0D, 0x37, 0xFF, 0x00, 0x00, 0x31, 0xFF,
    0x00, 0x00, 0x34, 0xFF, 0x00, 0x00, 0x34, 0xFF, 0x00, 0x00, 0x34, 0xFF, 0x00, 0x00, 0x34, 0xFF,
    0x00, 0x00, 0x34, 0xFF, 0x00, 0x00, 0x2A, 0xFF, 0x4E, 0x4E, 0x5D, 0xFF, 0xE6, 0xE6, 0xE6, 0xFF,
    0xEE, 0xEE, 0xEE, 0xFF, 0xED, 0xED, 0xED, 0xFF, 0xF0, 0xF0, 0xF0, 0xFF, 0xD1, 0xD1, 0xD3, 0xFF,
    0x00, 0x00, 0x2B, 0xFF, 0x00, 0x00, 0x32, 0xFF, 0x00, 0x00, 0x34, 0xFF, 0x00, 0x00, 0x34, 0xFF,
    0x00, 0x00, 0x34, 0xFF, 0x00, 0x00, 0x34, 0xFF, 0x00, 0x00, 0x34, 0xFF, 0x00, 0x00, 0x1C, 0xFF,
    0x79, 0x79, 0x81, 0xFF, 0xEE, 0xEE, 0xEE, 0xFF, 0xED, 0xED, 0xED, 0xFF, 0xED, 0xED, 0xED, 0xFF,
    0xED, 0xED, 0xED, 0xFF, 0xED, 0xED, 0xED, 0xFF, 0xED, 0xED, 0xED, 0xFF, 0xED, 0xED, 0xED, 0xFF,
    0xED, 0xED, 0xED, 0xFF, 0xED, 0xED, 0xED, 0xFF, 0xED, 0xED, 0xED, 0xFF, 0xED, 0xED, 0xED, 0xFF,
    0xED, 0xED, 0xED, 0xFF, 0xED, 0xED, 0xED, 0xFF, 0xED, 0xED, 0xED, 0xFF, 0xED, 0xED, 0xED, 0xFF,
    0xEE, 0xEE, 0xEE, 0xFF, 0xE2, 0xE2, 0xE3, 0xFD, 0xD6, 0xD6, 0xD8, 0xD9, 0xE5, 0xE5, 0xE5, 0xE9,
    0xEE, 0xEE, 0xEE, 0xFF, 0xF1, 0xF1, 0xF1, 0xFF, 0xC5, 0xC5, 0xC7, 0xFF, 0x00, 0x00, 0x17, 0xFF,
    0x00, 0x00, 0x34, 0xFF, 0x00, 0x00, 0x34, 0xFF, 0x00, 0x00, 0x34, 0xFF, 0x00, 0x00, 0x34, 0xFF,
    0x00, 0x00, 0x34, 0xFF, 0x00, 0x00, 0x34, 0xFF, 0x00, 0x00, 0x1B, 0xFF, 0x7B, 0x7B, 0x82, 0xFF,
    0xEE, 0xEE, 0xEE, 0xFF, 0xED, 0xED, 0xED, 0xFF, 0xED, 0xED, 0xED, 0xFF, 0xEC, 0xEC, 0xED, 0xF6,
    0xED, 0xED, 0xED, 0xF1, 0xED, 0xED, 0xED, 0xF1, 0xED, 0xED, 0xED, 0xF1, 0xED, 0xED, 0xED, 0xF1,
    0xED, 0xED, 0xED, 0xF1, 0xED, 0xED, 0xED, 0xF1, 0xED, 0xED, 0xED, 0xF1, 0xED, 0xED, 0xED, 0xF0,
    0xED, 0xED, 0xED, 0xF0, 0xED, 0xED, 0xED, 0xEF, 0xED, 0xED, 0xED, 0xEF, 0xEC, 0xEC, 0xED, 0xFA,
    0xED, 0xED, 0xED, 0xFF, 0xF0, 0xF0, 0xF0, 0xFF, 0xCA, 0xCA, 0xCC, 0xFF, 0x00, 0x00, 0x1F, 0xFF,
    0x00, 0x00, 0x33, 0xFF, 0x00, 0x00, 0x34, 0xFF, 0x00, 0x00, 0x34, 0xFF, 0x00, 0x00, 0x34, 0xFF,
    0x00, 0x00, 0x34, 0xFF, 0x00, 0x00, 0x34, 0xFF, 0x00, 0x00, 0x1F, 0xFF, 0x73, 0x73, 0x7B, 0xFF,
    0xED, 0xED, 0xED, 0xFF, 0xED, 0xED, 0xED, 0xFF, 0xED, 0xED, 0xED, 0xFF, 0xED, 0xED, 0xED, 0xFF,
    0xF1, 0xF1, 0xF0, 0xFF, 0xCA, 0xCA, 0xCB, 0xFF, 0x00, 0x00, 0x1E, 0xFF, 0x00, 0x00, 0x33, 0xFF,
    0x00, 0x00, 0x34, 0xFF, 0x00, 0x00, 0x34, 0xFF, 0x00, 0x00, 0x34, 0xFF, 0x00, 0x00, 0x34, 0xFF,
    0x00, 0x00, 0x34, 0xFF, 0x02, 0x02, 0x34, 0xFF, 0x00, 0x00, 0x1C, 0xFF, 0x70, 0x70, 0x79, 0xFF,
    0xE7, 0xE7, 0xE8, 0xFF, 0xF0, 0xF0, 0xF0, 0xFF, 0xED, 0xED, 0xED, 0xFF, 0xED, 0xED, 0xED, 0xFF,
    0xED, 0xED, 0xED, 0xFC, 0xED, 0xED, 0xED, 0xD6, 0xED, 0xED, 0xED, 0xBD, 0xEB, 0xEB, 0xEB, 0xC1,
    0xEA, 0xEA, 0xEA, 0xEE, 0xED, 0xED, 0xED, 0xFF, 0xEF, 0xEF, 0xEF, 0xFF, 0xDA, 0xDA, 0xDB, 0xFF,
    0x1D, 0x1D, 0x3D, 0xFF, 0x00, 0x00, 0x30, 0xFF, 0x00, 0x00, 0x34, 0xFF, 0x00, 0x00, 0x34, 0xFF,
    0x00, 0x00, 0x34, 0xFF, 0x00, 0x00, 0x34, 0xFF, 0x00, 0x00, 0x25, 0xFF, 0x5F, 0x5F, 0x6A, 0xFF,
    0xE9, 0xE9, 0xE9, 0xFF, 0xEE, 0xEE, 0xEE, 0xFF, 0xED, 0xED, 0xED, 0xFF, 0xED, 0xED, 0xED, 0xFF,
    0xF1, 0xF1, 0xF0, 0xFF, 0xC9, 0xC9, 0xCA, 0xFF, 0x00, 0x00, 0x1C, 0xFF, 0x00, 0x00, 0x33, 0xFF,
    0x00, 0x00, 0x34, 0xFF, 0x00, 0x00, 0x34, 0xFF, 0x00, 0x00, 0x34, 0xFF, 0x00, 0x00, 0x34, 0xFF,
    0x00, 0x00, 0x34, 0xFF, 0x00, 0x00, 0x1E, 0xFF, 0x75, 0x75, 0x7E, 0xFF, 0xED, 0xED, 0xED, 0xFF,
    0xED, 0xED, 0xED, 0xFF, 0xED, 0xED, 0xED, 0xFF, 0xF0, 0xF0, 0xF0, 0xFF, 0xF0, 0xF0, 0xF0, 0xFF,
    0xF0, 0xF0, 0xF0, 0xFF, 0xF0, 0xF0, 0xF0, 0xFF, 0xF0, 0xF0, 0xF0, 0xFF, 0xF0, 0xF0, 0xF0, 0xFF,
    0xED, 0xED, 0xED, 0xFF, 0xED, 0xED, 0xED, 0xFF, 0xEE, 0xEE, 0xEE, 0xFF, 0x79, 0x79, 0x81, 0xFF,
    0x00, 0x00, 0x1C, 0xFF, 0x00, 0x00, 0x34, 0xFF, 0x00, 0x00, 0x34, 0xFF, 0x00, 0x00, 0x34, 0xFF,
    0x00, 0x00, 0x34, 0xFF, 0x00, 0x00, 0x34, 0xFF, 0x00, 0x00, 0x33, 0xFF, 0x00, 0x00, 0x19, 0xFF,
    0xC7, 0xC7, 0xC9, 0xFF, 0xF1, 0xF1, 0xF1, 0xFF, 0xED, 0xED, 0xED, 0xFF, 0xE5, 0xE5, 0xE6, 0xB8,
    0x00, 0x00, 0x00, 0x00, 0x00, 0x00, 0x00, 0x00, 0x00, 0x00, 0x00, 0x00, 0x00, 0x00, 0x00, 0x00,
    0x00, 0x00, 0x00, 0x00, 0x00, 0x00, 0x00, 0x01, 0xE7, 0xE7, 0xE7, 0xCA, 0xED, 0xED, 0xED, 0xFF,
    0xF1, 0xF1, 0xF1, 0xFF, 0xBC, 0xBC, 0xBE, 0xFF, 0x00, 0x00, 0x09, 0xFF, 0x00, 0x00, 0x34, 0xFF,
    0x00, 0x00, 0x34, 0xFF, 0x00, 0x00, 0x34, 0xFF, 0x00, 0x00, 0x34, 0xFF, 0x00, 0x00, 0x34, 0xFF,
    0x00, 0x00, 0x34, 0xFF, 0x00, 0x00, 0x14, 0xFF, 0x89, 0x89, 0x8F, 0xFF, 0xF0, 0xF0, 0xF0, 0xFF,
    0xED, 0xED, 0xED, 0xFF, 0xEB, 0xEB, 0xEB, 0xF9, 0xCE, 0xCE, 0xD0, 0x2A, 0x00, 0x00, 0x00, 0x00,
    0x00, 0x00, 0x00, 0x00, 0x00, 0x00, 0x00, 0x00, 0x00, 0x00, 0x00, 0x00, 0x00, 0x00, 0x00, 0x00,
    0x00, 0x00, 0x00, 0x00, 0x00, 0x00, 0x00, 0x00, 0x00, 0x00, 0x00, 0x00, 0x00, 0x00, 0x00, 0x00,
    0xE5, 0xE5, 0xE5, 0xE9, 0xEE, 0xEE, 0xEE, 0xFF, 0xF1, 0xF1, 0xF1, 0xFF, 0xA9, 0xA9, 0xAC, 0xFF,
    0x00, 0x00, 0x02, 0xFF, 0x00, 0x00, 0x34, 0xFF, 0x00, 0x00, 0x34, 0xFF, 0x00, 0x00, 0x34, 0xFF,
    0x00, 0x00, 0x34, 0xFF, 0x00, 0x00, 0x34, 0xFF, 0x00, 0x00, 0x34, 0xFF, 0x00, 0x00, 0x34, 0xFF,
    0x00, 0x00, 0x34, 0xFF, 0x00, 0x00, 0x34, 0xFF, 0x01, 0x01, 0x34, 0xFF, 0x00, 0x00, 0x01, 0xFF,
    0xB1, 0xB1, 0xB4, 0xFF, 0xF1, 0xF1, 0xF1, 0xFF, 0xED, 0xED, 0xED, 0xFF, 0xED, 0xED, 0xED, 0xFF,
    0xED, 0xED, 0xED, 0xFF, 0xED, 0xED, 0xED, 0xFF, 0xED, 0xED, 0xED, 0xFF, 0xED, 0xED, 0xED, 0xFF,
    0xED, 0xED, 0xED, 0xFF, 0xED, 0xED, 0xED, 0xFF, 0xED, 0xED, 0xED, 0xFF, 0xED, 0xED, 0xED, 0xFF,
    0xED, 0xED, 0xED, 0xFF, 0xED, 0xED, 0xED, 0xFF, 0xEE, 0xEE, 0xEE, 0xFF, 0xE4, 0xE4, 0xE4, 0xFF,
    0x49, 0x49, 0x58, 0xFF, 0x00, 0x00, 0x2A, 0xFF, 0x00, 0x00, 0x34, 0xFF, 0x00, 0x00, 0x24, 0xFF,
    0x61, 0x61, 0x6C, 0xFF, 0xE9, 0xE9, 0xE9, 0xFF, 0xEE, 0xEE, 0xEE, 0xFF, 0xED, 0xED, 0xED, 0xFF,
    0xED, 0xED, 0xED, 0xFF, 0xED, 0xED, 0xED, 0xFF, 0xED, 0xED, 0xED, 0xFF, 0xED, 0xED, 0xED, 0xFF,
    0xED, 0xED, 0xED, 0xFF, 0xED, 0xED, 0xED, 0xFF, 0xED, 0xED, 0xED, 0xFF, 0xED, 0xED, 0xED, 0xFF,
    0xED, 0xED, 0xED, 0xFF, 0xED, 0xED, 0xED, 0xFF, 0xED, 0xED, 0xED, 0xFF, 0xF1, 0xF1, 0xF1, 0xFF,
    0xA1, 0xA1, 0xA5, 0xFF, 0x00, 0x00, 0x04, 0xFF, 0x01, 0x01, 0x34, 0xFF, 0x00, 0x00, 0x34, 0xFF,
    0x00, 0x00, 0x34, 0xFF, 0x00, 0x00, 0x34, 0xFF, 0x00, 0x00, 0x34, 0xFF, 0x00, 0x00, 0x34, 0xFF,
    0x00, 0x00, 0x34, 0xFF, 0x00, 0x00, 0x34, 0xFF, 0x00, 0x00, 0x34, 0xFF, 0x00, 0x00, 0x34, 0xFF,
    0x00, 0x00, 0x03, 0xFF, 0xB5, 0xB5, 0xB7, 0xFF, 0xF1, 0xF1, 0xF1, 0xFF, 0xF0, 0xF0, 0xEF, 0xFF,
    0xD7, 0xD7, 0xD8, 0xFF, 0x0E, 0x0E, 0x38, 0xFF, 0x00, 0x00, 0x31, 0xFF, 0x00, 0x00, 0x34, 0xFF,
    0x00, 0x00, 0x34, 0xFF, 0x00, 0x00, 0x34, 0xFF, 0x00, 0x00, 0x34, 0xFF, 0x00, 0x00, 0x34, 0xFF,
    0x00, 0x00, 0x28, 0xFF, 0x57, 0x57, 0x63, 0xFF, 0xE7, 0xE7, 0xE8, 0xFF, 0xEE, 0xEE, 0xEE, 0xFF,
    0xED, 0xED, 0xED, 0xFF, 0xED, 0xED, 0xED, 0xFF, 0xED, 0xED, 0xED, 0xFF, 0xF1, 0xF1, 0xF1, 0xFF,
    0xA0, 0xA0, 0xA5, 0xFF, 0x00, 0x00, 0x06, 0xFF, 0x00, 0x00, 0x34, 0xFF, 0x00, 0x00, 0x34, 0xFF,
    0x00, 0x00, 0x34, 0xFF, 0x00, 0x00, 0x34, 0xFF, 0x00, 0x00, 0x34, 0xFF, 0x00, 0x00, 0x34, 0xFF,
    0x00, 0x00, 0x05, 0xFF, 0xB7, 0xB7, 0xBA, 0xFF, 0xF1, 0xF1, 0xF1, 0xFF, 0xED, 0xED, 0xED, 0xFF,
    0xED, 0xED, 0xED, 0xFF, 0xED, 0xED, 0xED, 0xFF, 0xED, 0xED, 0xED, 0xFF, 0xED, 0xED, 0xED, 0xFF,
    0xED, 0xED, 0xED, 0xFF, 0xED, 0xED, 0xED, 0xFF, 0xED, 0xED, 0xED, 0xFF, 0xED, 0xED, 0xED, 0xFF,
    0xF1, 0xF1, 0xF1, 0xFF, 0xD0, 0xD0, 0xD1, 0xFF, 0x00, 0x00, 0x28, 0xFF, 0x00, 0x00, 0x32, 0xFF,
    0x00, 0x00, 0x34, 0xFF, 0x00, 0x00, 0x34, 0xFF, 0x00, 0x00, 0x34, 0xFF, 0x00, 0x00, 0x34, 0xFF,
    0x00, 0x00, 0x34, 0xFF, 0x00, 0x00, 0x2D, 0xFF, 0x3C, 0x3C, 0x4F, 0xFF, 0xE1, 0xE1, 0xE2, 0xFF,
    0xEF, 0xEF, 0xEF, 0xFF, 0xED, 0xED, 0xED, 0xFF, 0xF0, 0xF0, 0xF0, 0xFF, 0xD1, 0xD1, 0xD3, 0xFF,
    0x00, 0x00, 0x2B, 0xFF, 0x00, 0x00, 0x32, 0xFF, 0x00, 0x00, 0x34, 0xFF, 0x00, 0x00, 0x34, 0xFF,
    0x00, 0x00, 0x34, 0xFF, 0x00, 0x00, 0x34, 0xFF, 0x00, 0x00, 0x34, 0xFF, 0x00, 0x00, 0x1C, 0xFF,
    0x79, 0x79, 0x81, 0xFF, 0xEE, 0xEE, 0xEE, 0xFF, 0xED, 0xED, 0xED, 0xFF, 0xED, 0xED, 0xED, 0xFF,
    0xED, 0xED, 0xED, 0xFF, 0xED, 0xED, 0xED, 0xFF, 0xED, 0xED, 0xED, 0xFF, 0xED, 0xED, 0xED, 0xFF,
    0xED, 0xED, 0xED, 0xFF, 0xED, 0xED, 0xED, 0xFF, 0xED, 0xED, 0xED, 0xFF, 0xED, 0xED, 0xED, 0xFF,
    0xED, 0xED, 0xED, 0xFF, 0xED, 0xED, 0xED, 0xFF, 0xED, 0xED, 0xED, 0xFF, 0xED, 0xED, 0xED, 0xFF,
    0xED, 0xED, 0xED, 0xFF, 0xEE, 0xEE, 0xEE, 0xFF, 0xEF, 0xEF, 0xEF, 0xFF, 0xEE, 0xEE, 0xEE, 0xFF,
    0xED, 0xED, 0xED, 0xFF, 0xF1, 0xF1, 0xF1, 0xFF, 0xC5, 0xC5, 0xC7, 0xFF, 0x00, 0x00, 0x17, 0xFF,
    0x00, 0x00, 0x34, 0xFF, 0x00, 0x00, 0x34, 0xFF, 0x00, 0x00, 0x34, 0xFF, 0x00, 0x00, 0x34, 0xFF,
    0x00, 0x00, 0x34, 0xFF, 0x00, 0x00, 0x34, 0xFF, 0x00, 0x00, 0x1B, 0xFF, 0x7B, 0x7B, 0x82, 0xFF,
    0xEE, 0xEE, 0xEE, 0xFF, 0xED, 0xED, 0xED, 0xFF, 0xED, 0xED, 0xED, 0xFF, 0xED, 0xED, 0xED, 0xFF,
    0xED, 0xED, 0xED, 0xFF, 0xED, 0xED, 0xED, 0xFF, 0xED, 0xED, 0xED, 0xFF, 0xED, 0xED, 0xED, 0xFF,
    0xED, 0xED, 0xED, 0xFF, 0xED, 0xED, 0xED, 0xFF, 0xED, 0xED, 0xED, 0xFF, 0xED, 0xED, 0xED, 0xFF,
    0xED, 0xED, 0xED, 0xFF, 0xED, 0xED, 0xED, 0xFF, 0xED, 0xED, 0xED, 0xFF, 0xED, 0xED, 0xED, 0xFF,
    0xED, 0xED, 0xED, 0xFF, 0xF0, 0xF0, 0xF0, 0xFF, 0xCA, 0xCA, 0xCC, 0xFF, 0x00, 0x00, 0x1F, 0xFF,
    0x00, 0x00, 0x33, 0xFF, 0x00, 0x00, 0x34, 0xFF, 0x00, 0x00, 0x34, 0xFF, 0x00, 0x00, 0x34, 0xFF,
    0x00, 0x00, 0x34, 0xFF, 0x00, 0x00, 0x34, 0xFF, 0x00, 0x00, 0x1F, 0xFF, 0x73, 0x73, 0x7B, 0xFF,
    0xED, 0xED, 0xED, 0xFF, 0xED, 0xED, 0xED, 0xFF, 0xED, 0xED, 0xED, 0xFF, 0xED, 0xED, 0xED, 0xFF,
    0xEE, 0xEE, 0xEE, 0xFF, 0xEA, 0xEA, 0xEA, 0xFF, 0x68, 0x68, 0x72, 0xFF, 0x00, 0x00, 0x20, 0xFF,
    0x01, 0x01, 0x34, 0xFF, 0x00, 0x00, 0x34, 0xFF, 0x00, 0x00, 0x34, 0xFF, 0x00, 0x00, 0x34, 0xFF,
    0x00, 0x00, 0x34, 0xFF, 0x00, 0x00, 0x34, 0xFF, 0x02, 0x02, 0x35, 0xFF, 0x00, 0x00, 0x10, 0xFF,
    0x7F, 0x7F, 0x86, 0xFF, 0xE3, 0xE3, 0xE3, 0xFF, 0xF2, 0xF2, 0xF2, 0xFF, 0xEE, 0xEE, 0xEE, 0xFF,
    0xED, 0xED, 0xED, 0xFF, 0xED, 0xED, 0xED, 0xFF, 0xED, 0xED, 0xED, 0xFF, 0xED, 0xED, 0xED, 0xFF,
    0xED, 0xED, 0xED, 0xFF, 0xED, 0xED, 0xED, 0xFF, 0xF0, 0xF0, 0xF0, 0xFF, 0xDC, 0xDC, 0xDD, 0xFF,
    0x1E, 0x1E, 0x3D, 0xFF, 0x00, 0x00, 0x30, 0xFF, 0x00, 0x00, 0x34, 0xFF, 0x00, 0x00, 0x34, 0xFF,
    0x00, 0x00, 0x34, 0xFF, 0x00, 0x00, 0x34, 0xFF, 0x00, 0x00, 0x25, 0xFF, 0x5F, 0x5F, 0x6A, 0xFF,
    0xE9, 0xE9, 0xE9, 0xFF, 0xEE, 0xEE, 0xEE, 0xFF, 0xED, 0xED, 0xED, 0xFF, 0xED, 0xED, 0xED, 0xFF,
    0xF1, 0xF1, 0xF0, 0xFF, 0xC9, 0xC9, 0xCA, 0xFF, 0x00, 0x00, 0x1C, 0xFF, 0x00, 0x00, 0x33, 0xFF,
    0x00, 0x00, 0x34, 0xFF, 0x00, 0x00, 0x34, 0xFF, 0x00, 0x00, 0x34, 0xFF, 0x00, 0x00, 0x34, 0xFF,
    0x00, 0x00, 0x34, 0xFF, 0x00, 0x00, 0x1E, 0xFF, 0x75, 0x75, 0x7E, 0xFF, 0xED, 0xED, 0xED, 0xFF,
    0xEE, 0xEE, 0xEE, 0xFF, 0xED, 0xED, 0xED, 0xFF, 0xAA, 0xAA, 0xAE, 0xFC, 0x8F, 0x8F, 0x95, 0xFC,
    0x92, 0x92, 0x97, 0xFC, 0x92, 0x92, 0x97, 0xFC, 0x8F, 0x8F, 0x95, 0xFC, 0xA9, 0xA9, 0xAD, 0xFC,
    0xEC, 0xEC, 0xEC, 0xFF, 0xEE, 0xEE, 0xEE, 0xFF, 0xEE, 0xEE, 0xEE, 0xFF, 0x79, 0x79, 0x81, 0xFF,
    0x00, 0x00, 0x1C, 0xFF, 0x00, 0x00, 0x34, 0xFF, 0x00, 0x00, 0x34, 0xFF, 0x00, 0x00, 0x34, 0xFF,
    0x00, 0x00, 0x34, 0xFF, 0x00, 0x00, 0x34, 0xFF, 0x00, 0x00, 0x33, 0xFF, 0x00, 0x00, 0x19, 0xFF,
    0xC7, 0xC7, 0xC9, 0xFF, 0xF1, 0xF1, 0xF0, 0xFF, 0xED, 0xED, 0xED, 0xFF, 0xE6, 0xE6, 0xE7, 0xB6,
    0x00, 0x00, 0x00, 0x00, 0x00, 0x00, 0x00, 0x00, 0x00, 0x00, 0x00, 0x00, 0x00, 0x00, 0x00, 0x00,
    0x00, 0x00, 0x00, 0x00, 0x00, 0x00, 0x00, 0x00, 0xE8, 0xE8, 0xE8, 0xC7, 0xED, 0xED, 0xED, 0xFF,
    0xF1, 0xF1, 0xF1, 0xFF, 0xBC, 0xBC, 0xBE, 0xFF, 0x00, 0x00, 0x09, 0xFF, 0x00, 0x00, 0x34, 0xFF,
    0x00, 0x00, 0x34, 0xFF, 0x00, 0x00, 0x34, 0xFF, 0x00, 0x00, 0x34, 0xFF, 0x00, 0x00, 0x34, 0xFF,
    0x00, 0x00, 0x34, 0xFF, 0x00, 0x00, 0x14, 0xFF, 0x89, 0x89, 0x8F, 0xFF, 0xF0, 0xF0, 0xEF, 0xFF,
    0xED, 0xED, 0xED, 0xFF, 0xEB, 0xEB, 0xEB, 0xF8, 0xD3, 0xD3, 0xD4, 0x27, 0x00, 0x00, 0x00, 0x00,
    0x00, 0x00, 0x00, 0x00, 0x00, 0x00, 0x00, 0x00, 0x00, 0x00, 0x00, 0x00, 0x00, 0x00, 0x00, 0x00,
    0x00, 0x00, 0x00, 0x00, 0x00, 0x00, 0x00, 0x00, 0x00, 0x00, 0x00, 0x00, 0x00, 0x00, 0x00, 0x00,
    0xE5, 0xE5, 0xE5, 0xE9, 0xEE, 0xEE, 0xEE, 0xFF, 0xF1, 0xF1, 0xF1, 0xFF, 0xA9, 0xA9, 0xAC, 0xFF,
    0x00, 0x00, 0x02, 0xFF, 0x00, 0x00, 0x34, 0xFF, 0x00, 0x00, 0x34, 0xFF, 0x00, 0x00, 0x34, 0xFF,
    0x00, 0x00, 0x34, 0xFF, 0x00, 0x00, 0x34, 0xFF, 0x00, 0x00, 0x34, 0xFF, 0x00, 0x00, 0x34, 0xFF,
    0x00, 0x00, 0x34, 0xFF, 0x00, 0x00, 0x34, 0xFF, 0x00, 0x00, 0x34, 0xFF, 0x00, 0x00, 0x1D, 0xFF,
    0x77, 0x77, 0x7F, 0xFF, 0xED, 0xED, 0xED, 0xFF, 0xED, 0xED, 0xED, 0xFF, 0xED, 0xED, 0xED, 0xFF,
    0xED, 0xED, 0xED, 0xFF, 0xED, 0xED, 0xED, 0xFF, 0xED, 0xED, 0xED, 0xFF, 0xED, 0xED, 0xED, 0xFF,
    0xED, 0xED, 0xED, 0xFF, 0xED, 0xED, 0xED, 0xFF, 0xED, 0xED, 0xED, 0xFF, 0xED, 0xED, 0xED, 0xFF,
    0xED, 0xED, 0xED, 0xFF, 0xED, 0xED, 0xED, 0xFF, 0xF1, 0xF1, 0xF1, 0xFF, 0xC2, 0xC2, 0xC4, 0xFF,
    0x00, 0x00, 0x13, 0xFF, 0x00, 0x00, 0x34, 0xFF, 0x00, 0x00, 0x34, 0xFF, 0x00, 0x00, 0x32, 0xFF,
    0x00, 0x00, 0x27, 0xFF, 0xCE, 0xCE, 0xD0, 0xFF, 0xF0, 0xF0, 0xF0, 0xFF, 0xED, 0xED, 0xED, 0xFF,
    0xED, 0xED, 0xED, 0xFF, 0xED, 0xED, 0xED, 0xFF, 0xED, 0xED, 0xED, 0xFF, 0xED, 0xED, 0xED, 0xFF,
    0xED, 0xED, 0xED, 0xFF, 0xED, 0xED, 0xED, 0xFF, 0xED, 0xED, 0xED, 0xFF, 0xED, 0xED, 0xED, 0xFF,
    0xED, 0xED, 0xED, 0xFF, 0xED, 0xED, 0xED, 0xFF, 0xEE, 0xEE, 0xEE, 0xFF, 0xE9, 0xE9, 0xE9, 0xFF,
    0x61, 0x61, 0x6C, 0xFF, 0x00, 0x00, 0x25, 0xFF, 0x00, 0x00, 0x34, 0xFF, 0x00, 0x00, 0x34, 0xFF,
    0x00, 0x00, 0x34, 0xFF, 0x00, 0x00, 0x34, 0xFF, 0x00, 0x00, 0x34, 0xFF, 0x00, 0x00, 0x34, 0xFF,
    0x00, 0x00, 0x34, 0xFF, 0x00, 0x00, 0x34, 0xFF, 0x00, 0x00, 0x34, 0xFF, 0x00, 0x00, 0x34, 0xFF,
    0x00, 0x00, 0x03, 0xFF, 0xB5, 0xB5, 0xB7, 0xFF, 0xF1, 0xF1, 0xF1, 0xFF, 0xF0, 0xF0, 0xEF, 0xFF,
    0xD7, 0xD7, 0xD8, 0xFF, 0x0E, 0x0E, 0x38, 0xFF, 0x00, 0x00, 0x31, 0xFF, 0x00, 0x00, 0x34, 0xFF,
    0x00, 0x00, 0x34, 0xFF, 0x00, 0x00, 0x34, 0xFF, 0x00, 0x00, 0x34, 0xFF, 0x00, 0x00, 0x34, 0xFF,
    0x00, 0x00, 0x28, 0xFF, 0x57, 0x57, 0x63, 0xFF, 0xE7, 0xE7, 0xE8, 0xFF, 0xEE, 0xEE, 0xEE, 0xFF,
    0xED, 0xED, 0xED, 0xFF, 0xED, 0xED, 0xED, 0xFF, 0xED, 0xED, 0xED, 0xFF, 0xF1, 0xF1, 0xF1, 0xFF,
    0xA0, 0xA0, 0xA5, 0xFF, 0x00, 0x00, 0x06, 0xFF, 0x00, 0x00, 0x34, 0xFF, 0x00, 0x00, 0x34, 0xFF,
    0x00, 0x00, 0x34, 0xFF, 0x00, 0x00, 0x34, 0xFF, 0x00, 0x00, 0x34, 0xFF, 0x00, 0x00, 0x34, 0xFF,
    0x00, 0x00, 0x03, 0xFF, 0xB9, 0xB9, 0xBB, 0xFF, 0xF3, 0xF3, 0xF3, 0xFF, 0xEF, 0xEF, 0xEF, 0xFF,
    0xEF, 0xEF, 0xEF, 0xFF, 0xEF, 0xEF, 0xEF, 0xFF, 0xEF, 0xEF, 0xEF, 0xFF, 0xEF, 0xEF, 0xEF, 0xFF,
    0xEF, 0xEF, 0xEF, 0xFF, 0xEF, 0xEF, 0xEF, 0xFF, 0xEF, 0xEF, 0xEF, 0xFF, 0xF2, 0xF2, 0xF1, 0xFF,
    0xED, 0xED, 0xED, 0xFF, 0x8B, 0x8B, 0x91, 0xFF, 0x00, 0x00, 0x1A, 0xFF, 0x00, 0x00, 0x34, 0xFF,
    0x00, 0x00, 0x34, 0xFF, 0x00, 0x00, 0x34, 0xFF, 0x00, 0x00, 0x34, 0xFF, 0x00, 0x00, 0x34, 0xFF,
    0x00, 0x00, 0x34, 0xFF, 0x00, 0x00, 0x2B, 0xFF, 0x45, 0x45, 0x56, 0xFF, 0xE3, 0xE3, 0xE4, 0xFF,
    0xEE, 0xEE, 0xEE, 0xFF, 0xED, 0xED, 0xED, 0xFF, 0xF0, 0xF0, 0xF0, 0xFF, 0xD1, 0xD1, 0xD3, 0xFF,
    0x00, 0x00, 0x2B, 0xFF, 0x00, 0x00, 0x32, 0xFF, 0x00, 0x00, 0x34, 0xFF, 0x00, 0x00, 0x34, 0xFF,
    0x00, 0x00, 0x34, 0xFF, 0x00, 0x00, 0x34, 0xFF, 0x00, 0x00, 0x34, 0xFF, 0x00, 0x00, 0x1B, 0xFF,
    0x7C, 0x7C, 0x83, 0xFF, 0xF2, 0xF2, 0xF2, 0xFF, 0xF2, 0xF2, 0xF1, 0xFF, 0xF1, 0xF1, 0xF1, 0xFF,
    0xF1, 0xF1, 0xF1, 0xFF, 0xF1, 0xF1, 0xF1, 0xFF, 0xF1, 0xF1, 0xF1, 0xFF, 0xF1, 0xF1, 0xF1, 0xFF,
    0xF1, 0xF1, 0xF1, 0xFF, 0xF1, 0xF1, 0xF1, 0xFF, 0xF1, 0xF1, 0xF1, 0xFF, 0xF1, 0xF1, 0xF1, 0xFF,
    0xF1, 0xF1, 0xF1, 0xFF, 0xF1, 0xF1, 0xF1, 0xFF, 0xF1, 0xF1, 0xF1, 0xFF, 0xF1, 0xF1, 0xF1, 0xFF,
    0xF1, 0xF1, 0xF1, 0xFF, 0xF0, 0xF0, 0xF0, 0xFF, 0xED, 0xED, 0xED, 0xFF, 0xED, 0xED, 0xED, 0xFF,
    0xED, 0xED, 0xED, 0xFF, 0xF1, 0xF1, 0xF1, 0xFF, 0xC5, 0xC5, 0xC7, 0xFF, 0x00, 0x00, 0x17, 0xFF,
    0x00, 0x00, 0x34, 0xFF, 0x00, 0x00, 0x34, 0xFF, 0x00, 0x00, 0x34, 0xFF, 0x00, 0x00, 0x34, 0xFF,
    0x00, 0x00, 0x34, 0xFF, 0x00, 0x00, 0x34, 0xFF, 0x00, 0x00, 0x1A, 0xFF, 0x7C, 0x7C, 0x84, 0xFF,
    0xF1, 0xF1, 0xF1, 0xFF, 0xF0, 0xF0, 0xF0, 0xFF, 0xF0, 0xF0, 0xF0, 0xFF, 0xF0, 0xF0, 0xF0, 0xFF,
    0xF0, 0xF0, 0xF0, 0xFF, 0xF0, 0xF0, 0xF0, 0xFF, 0xF0, 0xF0, 0xF0, 0xFF, 0xF0, 0xF0, 0xF0, 0xFF,
    0xF0, 0xF0, 0xF0, 0xFF, 0xF0, 0xF0, 0xF0, 0xFF, 0xF0, 0xF0, 0xF0, 0xFF, 0xF0, 0xF0, 0xF0, 0xFF,
    0xF0, 0xF0, 0xF0, 0xFF, 0xF0, 0xF0, 0xF0, 0xFF, 0xF0, 0xF0, 0xF0, 0xFF, 0xED, 0xED, 0xED, 0xFF,
    0xED, 0xED, 0xED, 0xFF, 0xF0, 0xF0, 0xF0, 0xFF, 0xCA, 0xCA, 0xCC, 0xFF, 0x00, 0x00, 0x1F, 0xFF,
    0x00, 0x00, 0x33, 0xFF, 0x00, 0x00, 0x34, 0xFF, 0x00, 0x00, 0x34, 0xFF, 0x00, 0x00, 0x34, 0xFF,
    0x00, 0x00, 0x34, 0xFF, 0x00, 0x00, 0x34, 0xFF, 0x00, 0x00, 0x1F, 0xFF, 0x73, 0x73, 0x7B, 0xFF,
    0xED, 0xED, 0xED, 0xFF, 0xED, 0xED, 0xED, 0xFF, 0xED, 0xED, 0xED, 0xFF, 0xEE, 0xEE, 0xEE, 0xFF,
    0xED, 0xED, 0xED, 0xFF, 0xF1, 0xF1, 0xF1, 0xFF, 0xC0, 0xC0, 0xC2, 0xFF, 0x00, 0x00, 0x10, 0xFF,
    0x00, 0x00, 0x33, 0xFF, 0x00, 0x00, 0x34, 0xFF, 0x00, 0x00, 0x34, 0xFF, 0x00, 0x00, 0x34, 0xFF,
    0x00, 0x00, 0x34, 0xFF, 0x00, 0x00, 0x34, 0xFF, 0x00, 0x00, 0x34, 0xFF, 0x02, 0x02, 0x34, 0xFF,
    0x00, 0x00, 0x13, 0xFF, 0x56, 0x56, 0x63, 0xFF, 0xBE, 0xBE, 0xC1, 0xFF, 0xE7, 0xE7, 0xE8, 0xFF,
    0xF1, 0xF1, 0xF1, 0xFF, 0xF1, 0xF1, 0xF1, 0xFF, 0xF1, 0xF1, 0xF1, 0xFF, 0xF1, 0xF1, 0xF1, 0xFF,
    0xF1, 0xF1, 0xF1, 0xFF, 0xF1, 0xF1, 0xF0, 0xFF, 0xEA, 0xEA, 0xEA, 0xFF, 0xBE, 0xBE, 0xC1, 0xFF,
    0x00, 0x00, 0x34, 0xFF, 0x00, 0x00, 0x32, 0xFF, 0x00, 0x00, 0x34, 0xFF, 0x00, 0x00, 0x34, 0xFF,
    0x00, 0x00, 0x34, 0xFF, 0x00, 0x00, 0x34, 0xFF, 0x00, 0x00, 0x25, 0xFF, 0x5F, 0x5F, 0x6A, 0xFF,
    0xE9, 0xE9, 0xE9, 0xFF, 0xEE, 0xEE, 0xEE, 0xFF, 0xED, 0xED, 0xED, 0xFF, 0xED, 0xED, 0xED, 0xFF,
    0xF1, 0xF1, 0xF0, 0xFF, 0xC9, 0xC9, 0xCA, 0xFF, 0x00, 0x00, 0x1C, 0xFF, 0x00, 0x00, 0x33, 0xFF,
    0x00, 0x00, 0x34, 0xFF, 0x00, 0x00, 0x34, 0xFF, 0x00, 0x00, 0x34, 0xFF, 0x00, 0x00, 0x34, 0xFF,
    0x00, 0x00, 0x34, 0xFF, 0x00, 0x00, 0x1E, 0xFF, 0x75, 0x75, 0x7E, 0xFF, 0xED, 0xED, 0xED, 0xFF,
    0xEE, 0xEE, 0xEE, 0xFF, 0xEC, 0xEC, 0xEC, 0xFF, 0x68, 0x68, 0x72, 0xFB, 0x00, 0x00, 0x00, 0xFA,
    0x00, 0x00, 0x0E, 0xFB, 0x00, 0x00, 0x0E, 0xFB, 0x00, 0x00, 0x00, 0xFA, 0x65, 0x65, 0x70, 0xFB,
    0xEC, 0xEC, 0xEC, 0xFF, 0xEE, 0xEE, 0xEE, 0xFF, 0xEE, 0xEE, 0xEE, 0xFF, 0x79, 0x79, 0x81, 0xFF,
    0x00, 0x00, 0x1C, 0xFF, 0x00, 0x00, 0x34, 0xFF, 0x00, 0x00, 0x34, 0xFF, 0x00, 0x00, 0x34, 0xFF,
    0x00, 0x00, 0x34, 0xFF, 0x00, 0x00, 0x34, 0xFF, 0x00, 0x00, 0x33, 0xFF, 0x00, 0x00, 0x19, 0xFF,
    0xC7, 0xC7, 0xC9, 0xFF, 0xF1, 0xF1, 0xF0, 0xFF, 0xED, 0xED, 0xED, 0xFF, 0xE6, 0xE6, 0xE7, 0xB5,
    0x00, 0x00, 0x00, 0x00, 0x00, 0x00, 0x00, 0x00, 0x00, 0x00, 0x00, 0x00, 0x00, 0x00, 0x00, 0x00,
    0x00, 0x00, 0x00, 0x00, 0x00, 0x00, 0x00, 0x00, 0xE7, 0xE7, 0xE8, 0xC7, 0xED, 0xED, 0xED, 0xFF,
    0xF1, 0xF1, 0xF1, 0xFF, 0xBC, 0xBC, 0xBE, 0xFF, 0x00, 0x00, 0x09, 0xFF, 0x00, 0x00, 0x34, 0xFF,
    0x00, 0x00, 0x34, 0xFF, 0x00, 0x00, 0x34, 0xFF, 0x00, 0x00, 0x34, 0xFF, 0x00, 0x00, 0x34, 0xFF,
    0x00, 0x00, 0x34, 0xFF, 0x00, 0x00, 0x14, 0xFF, 0x89, 0x89, 0x8F, 0xFF, 0xF0, 0xF0, 0xEF, 0xFF,
    0xED, 0xED, 0xED, 0xFF, 0xEB, 0xEB, 0xEB, 0xF8, 0xD3, 0xD3, 0xD4, 0x27, 0x00, 0x00, 0x00, 0x00,
    0x00, 0x00, 0x00, 0x00, 0x00, 0x00, 0x00, 0x00, 0x00, 0x00, 0x00, 0x00, 0x00, 0x00, 0x00, 0x00,
    0x00, 0x00, 0x00, 0x00, 0x00, 0x00, 0x00, 0x00, 0x00, 0x00, 0x00, 0x00, 0x00, 0x00, 0x00, 0x00,
    0xE5, 0xE5, 0xE5, 0xE9, 0xEE, 0xEE, 0xEE, 0xFF, 0xF1, 0xF1, 0xF1, 0xFF, 0xA9, 0xA9, 0xAC, 0xFF,
    0x00, 0x00, 0x02, 0xFF, 0x00, 0x00, 0x34, 0xFF, 0x00, 0x00, 0x34, 0xFF, 0x00, 0x00, 0x34, 0xFF,
    0x00, 0x00, 0x34, 0xFF, 0x00, 0x00, 0x34, 0xFF, 0x00, 0x00, 0x34, 0xFF, 0x00, 0x00, 0x34, 0xFF,
    0x00, 0x00, 0x34, 0xFF, 0x00, 0x00, 0x34, 0xFF, 0x00, 0x00, 0x34, 0xFF, 0x00, 0x00, 0x30, 0xFF,
    0x24, 0x24, 0x40, 0xFF, 0xDB, 0xDB, 0xDC, 0xFF, 0xEF, 0xEF, 0xEF, 0xFF, 0xED, 0xED, 0xED, 0xFF,
    0xED, 0xED, 0xED, 0xFF, 0xED, 0xED, 0xED, 0xFF, 0xED, 0xED, 0xED, 0xFF, 0xED, 0xED, 0xED, 0xFF,
    0xED, 0xED, 0xED, 0xFF, 0xED, 0xED, 0xED, 0xFF, 0xED, 0xED, 0xED, 0xFF, 0xED, 0xED, 0xED, 0xFF,
    0xED, 0xED, 0xED, 0xFF, 0xED, 0xED, 0xED, 0xFF, 0xEF, 0xEF, 0xEF, 0xFF, 0x89, 0x89, 0x8F, 0xFF,
    0x00, 0x00, 0x13, 0xFF, 0x00, 0x00, 0x34, 0xFF, 0x00, 0x00, 0x34, 0xFF, 0x01, 0x01, 0x34, 0xFF,
    0x00, 0x00, 0x06, 0xFF, 0x9C, 0x9C, 0xA0, 0xFF, 0xF1, 0xF1, 0xF1, 0xFF, 0xED, 0xED, 0xED, 0xFF,
    0xED, 0xED, 0xED, 0xFF, 0xED, 0xED, 0xED, 0xFF, 0xED, 0xED, 0xED, 0xFF, 0xED, 0xED, 0xED, 0xFF,
    0xED, 0xED, 0xED, 0xFF, 0xED, 0xED, 0xED, 0xFF, 0xED, 0xED, 0xED, 0xFF, 0xED, 0xED, 0xED, 0xFF,
    0xED, 0xED, 0xED, 0xFF, 0xED, 0xED, 0xED, 0xFF, 0xF0, 0xF0, 0xF0, 0xFF, 0xD1, 0xD1, 0xD3, 0xFF,
    0x00, 0x00, 0x2C, 0xFF, 0x00, 0x00, 0x32, 0xFF, 0x00, 0x00, 0x34, 0xFF, 0x00, 0x00, 0x34, 0xFF,
    0x00, 0x00, 0x34, 0xFF, 0x00, 0x00, 0x34, 0xFF, 0x00, 0x00, 0x34, 0xFF, 0x00, 0x00, 0x34, 0xFF,
    0x00, 0x00, 0x34, 0xFF, 0x00, 0x00, 0x34, 0xFF, 0x00, 0x00, 0x34, 0xFF, 0x00, 0x00, 0x34, 0xFF,
    0x00, 0x00, 0x03, 0xFF, 0xB5, 0xB5, 0xB7, 0xFF, 0xF1, 0xF1, 0xF1, 0xFF, 0xF0, 0xF0, 0xEF, 0xFF,
    0xD7, 0xD7, 0xD8, 0xFF, 0x0E, 0x0E, 0x38, 0xFF, 0x00, 0x00, 0x31, 0xFF, 0x00, 0x00, 0x34, 0xFF,
    0x00, 0x00, 0x34, 0xFF, 0x00, 0x00, 0x34, 0xFF, 0x00, 0x00, 0x34, 0xFF, 0x00, 0x00, 0x34, 0xFF,
    0x00, 0x00, 0x28, 0xFF, 0x57, 0x57, 0x63, 0xFF, 0xE7, 0xE7, 0xE8, 0xFF, 0xEE, 0xEE, 0xEE, 0xFF,
    0xED, 0xED, 0xED, 0xFF, 0xED, 0xED, 0xED, 0xFF, 0xED, 0xED, 0xED, 0xFF, 0xF1, 0xF1, 0xF1, 0xFF,
    0xA0, 0xA0, 0xA5, 0xFF, 0x00, 0x00, 0x06, 0xFF, 0x00, 0x00, 0x34, 0xFF, 0x00, 0x00, 0x34, 0xFF,
    0x00, 0x00, 0x34, 0xFF, 0x00, 0x00, 0x34, 0xFF, 0x00, 0x00, 0x34, 0xFF, 0x00, 0x00, 0x34, 0xFF,
    0x00, 0x00, 0x10, 0xFF, 0xAE, 0xAE, 0xB1, 0xFF, 0xE4, 0xE4, 0xE5, 0xFF, 0xE1, 0xE1, 0xE1, 0xFF,
    0xE1, 0xE1, 0xE1, 0xFF, 0xE1, 0xE1, 0xE1, 0xFF, 0xE1, 0xE1, 0xE1, 0xFF, 0xE1, 0xE1, 0xE1, 0xFF,
    0xE1, 0xE1, 0xE1, 0xFF, 0xE0, 0xE0, 0xE1, 0xFF, 0xDA, 0xDA, 0xDB, 0xFF, 0xC3, 0xC3, 0xC5, 0xFF,
    0x7A, 0x7A, 0x82, 0xFF, 0x00, 0x00, 0x20, 0xFF, 0x00, 0x00, 0x34, 0xFF, 0x00, 0x00, 0x34, 0xFF,
    0x00, 0x00, 0x34, 0xFF, 0x00, 0x00, 0x34, 0xFF, 0x00, 0x00, 0x34, 0xFF, 0x00, 0x00, 0x34, 0xFF,
    0x00, 0x00, 0x34, 0xFF, 0x00, 0x00, 0x22, 0xFF, 0x67, 0x67, 0x72, 0xFF, 0xEB, 0xEB, 0xEB, 0xFF,
    0xEE, 0xEE, 0xEE, 0xFF, 0xED, 0xED, 0xED, 0xFF, 0xF0, 0xF0, 0xF0, 0xFF, 0xD1, 0xD1, 0xD3, 0xFF,
    0x00, 0x00, 0x2B, 0xFF, 0x00, 0x00, 0x32, 0xFF, 0x00, 0x00, 0x34, 0xFF, 0x00, 0x00, 0x34, 0xFF,
    0x00, 0x00, 0x34, 0xFF, 0x00, 0x00, 0x34, 0xFF, 0x00, 0x00, 0x34, 0xFF, 0x00, 0x00, 0x2A, 0xFF,
    0x56, 0x56, 0x63, 0xFF, 0xAD, 0xAD, 0xB0, 0xFF, 0xAD, 0xAD, 0xB0, 0xFF, 0xAC, 0xAC, 0xB0, 0xFF,
    0xAC, 0xAC, 0xB0, 0xFF, 0xAC, 0xAC, 0xB0, 0xFF, 0xAC, 0xAC, 0xB0, 0xFF, 0xAC, 0xAC, 0xB0, 0xFF,
    0xAC, 0xAC, 0xB0, 0xFF, 0xAC, 0xAC, 0xB0, 0xFF, 0xAC, 0xAC, 0xB0, 0xFF, 0xAC, 0xAC, 0xB0, 0xFF,
    0xAC, 0xAC, 0xB0, 0xFF, 0xAC, 0xAC, 0xB0, 0xFF, 0xAC, 0xAC, 0xB0, 0xFF, 0xAC, 0xAC, 0xB0, 0xFF,
    0xA9, 0xA9, 0xAD, 0xFF, 0xC8, 0xC8, 0xCA, 0xFF, 0xEF, 0xEF, 0xEF, 0xFF, 0xED, 0xED, 0xED, 0xFF,
    0xED, 0xED, 0xED, 0xFF, 0xF1, 0xF1, 0xF1, 0xFF, 0xC5, 0xC5, 0xC7, 0xFF, 0x00, 0x00, 0x17, 0xFF,
    0x00, 0x00, 0x34, 0xFF, 0x00, 0x00, 0x34, 0xFF, 0x00, 0x00, 0x34, 0xFF, 0x00, 0x00, 0x34, 0xFF,
    0x00, 0x00, 0x34, 0xFF, 0x00, 0x00, 0x34, 0xFF, 0x00, 0x00, 0x2E, 0xFF, 0x45, 0x45, 0x56, 0xFF,
    0x8B, 0x8B, 0x92, 0xFF, 0x8B, 0x8B, 0x91, 0xFF, 0x8B, 0x8B, 0x91, 0xFF, 0x8B, 0x8B, 0x91, 0xFF,
    0x8B, 0x8B, 0x91, 0xFF, 0x8B, 0x8B, 0x91, 0xFF, 0x8B, 0x8B, 0x91, 0xFF, 0x8B, 0x8B, 0x91, 0xFF,
    0x8B, 0x8B, 0x91, 0xFF, 0x8B, 0x8B, 0x91, 0xFF, 0x8B, 0x8B, 0x91, 0xFF, 0x8B, 0x8B, 0x91, 0xFF,
    0x8B, 0x8B, 0x91, 0xFF, 0x8A, 0x8A, 0x90, 0xFF, 0x8D, 0x8D, 0x94, 0xFF, 0xE0, 0xE0, 0xE1, 0xFF,
    0xEF, 0xEF, 0xEF, 0xFF, 0xF0, 0xF0, 0xF0, 0xFF, 0xCA, 0xCA, 0xCC, 0xFF, 0x00, 0x00, 0x1F, 0xFF,
    0x00, 0x00, 0x33, 0xFF, 0x00, 0x00, 0x34, 0xFF, 0x00, 0x00, 0x34, 0xFF, 0x00, 0x00, 0x34, 0xFF,
    0x00, 0x00, 0x34, 0xFF, 0x00, 0x00, 0x34, 0xFF, 0x00, 0x00, 0x1F, 0xFF, 0x73, 0x73, 0x7B, 0xFF,
    0xED, 0xED, 0xED, 0xFF, 0xEE, 0xEE, 0xEE, 0xFF, 0xEA, 0xEA, 0xEA, 0xFF, 0xDB, 0xDB, 0xDC, 0xFE,
    0xEF, 0xEF, 0xEF, 0xFF, 0xEE, 0xEE, 0xEE, 0xFF, 0xEC, 0xEC, 0xED, 0xFF, 0x7E, 0x7E, 0x85, 0xFF,
    0x00, 0x00, 0x0C, 0xFF, 0x03, 0x03, 0x35, 0xFF, 0x00, 0x00, 0x34, 0xFF, 0x00, 0x00, 0x34, 0xFF,
    0x00, 0x00, 0x34, 0xFF, 0x00, 0x00, 0x34, 0xFF, 0x00, 0x00, 0x34, 0xFF, 0x00, 0x00, 0x34, 0xFF,
    0x03, 0x03, 0x35, 0xFF, 0x00, 0x00, 0x26, 0xFF, 0x00, 0x00, 0x17, 0xFF, 0x57, 0x57, 0x64, 0xFF,
    0x94, 0x94, 0x9A, 0xFF, 0xB3, 0xB3, 0xB6, 0xFF, 0xBF, 0xBF, 0xC1, 0xFF, 0xBE, 0xBE, 0xC1, 0xFF,
    0xB1, 0xB1, 0xB5, 0xFF, 0x94, 0x94, 0x99, 0xFF, 0x5E, 0x5E, 0x6A, 0xFF, 0x00, 0x00, 0x2D, 0xFF,
    0x00, 0x00, 0x32, 0xFF, 0x01, 0x01, 0x34, 0xFF, 0x00, 0x00, 0x34, 0xFF, 0x00, 0x00, 0x34, 0xFF,
    0x00, 0x00, 0x34, 0xFF, 0x00, 0x00, 0x34, 0xFF, 0x00, 0x00, 0x25, 0xFF, 0x5F, 0x5F, 0x6A, 0xFF,
    0xE9, 0xE9, 0xE9, 0xFF, 0xEE, 0xEE, 0xEE, 0xFF, 0xED, 0xED, 0xED, 0xFF, 0xED, 0xED, 0xED, 0xFF,
    0xF1, 0xF1, 0xF0, 0xFF, 0xC9, 0xC9, 0xCA, 0xFF, 0x00, 0x00, 0x1C, 0xFF, 0x00, 0x00, 0x33, 0xFF,
    0x00, 0x00, 0x34, 0xFF, 0x00, 0x00, 0x34, 0xFF, 0x00, 0x00, 0x34, 0xFF, 0x00, 0x00, 0x34, 0xFF,
    0x00, 0x00, 0x34, 0xFF, 0x00, 0x00, 0x1E, 0xFF, 0x75, 0x75, 0x7E, 0xFF, 0xED, 0xED, 0xED, 0xFF,
    0xEE, 0xEE, 0xEE, 0xFF, 0xEC, 0xEC, 0xEC, 0xFF, 0x70, 0x70, 0x79, 0xFB, 0x00, 0x00, 0x1F, 0xFA,
    0x00, 0x00, 0x34, 0xFB, 0x00, 0x00, 0x34, 0xFB, 0x00, 0x00, 0x20, 0xFA, 0x6E, 0x6E, 0x77, 0xFB,
    0xEC, 0xEC, 0xEC, 0xFF, 0xEE, 0xEE, 0xEE, 0xFF, 0xEE, 0xEE, 0xEE, 0xFF, 0x79, 0x79, 0x81, 0xFF,
    0x00, 0x00, 0x1C, 0xFF, 0x00, 0x00, 0x34, 0xFF, 0x00, 0x00, 0x34, 0xFF, 0x00, 0x00, 0x34, 0xFF,
    0x00, 0x00, 0x34, 0xFF, 0x00, 0x00, 0x34, 0xFF, 0x00, 0x00, 0x33, 0xFF, 0x00, 0x00, 0x19, 0xFF,
    0xC7, 0xC7, 0xC9, 0xFF, 0xF1, 0xF1, 0xF0, 0xFF, 0xED, 0xED, 0xED, 0xFF, 0xE6, 0xE6, 0xE6, 0xB5,
    0x00, 0x00, 0x00, 0x00, 0x00, 0x00, 0x00, 0x00, 0x00, 0x00, 0x00, 0x00, 0x00, 0x00, 0x00, 0x00,
    0x00, 0x00, 0x00, 0x00, 0x00, 0x00, 0x00, 0x00, 0xE7, 0xE7, 0xE8, 0xC7, 0xED, 0xED, 0xED, 0xFF,
    0xF1, 0xF1, 0xF1, 0xFF, 0xBC, 0xBC, 0xBE, 0xFF, 0x00, 0x00, 0x09, 0xFF, 0x00, 0x00, 0x34, 0xFF,
    0x00, 0x00, 0x34, 0xFF, 0x00, 0x00, 0x34, 0xFF, 0x00, 0x00, 0x34, 0xFF, 0x00, 0x00, 0x34, 0xFF,
    0x00, 0x00, 0x34, 0xFF, 0x00, 0x00, 0x14, 0xFF, 0x89, 0x89, 0x8F, 0xFF, 0xF0, 0xF0, 0xEF, 0xFF,
    0xED, 0xED, 0xED, 0xFF, 0xEB, 0xEB, 0xEB, 0xF8, 0xD2, 0xD2, 0xD4, 0x27, 0x00, 0x00, 0x00, 0x00,
    0x00, 0x00, 0x00, 0x00, 0x00, 0x00, 0x00, 0x00, 0x00, 0x00, 0x00, 0x00, 0x00, 0x00, 0x00, 0x00,
    0x00, 0x00, 0x00, 0x00, 0x00, 0x00, 0x00, 0x00, 0x00, 0x00, 0x00, 0x00, 0x00, 0x00, 0x00, 0x00,
    0xE5, 0xE5, 0xE5, 0xE9, 0xEE, 0xEE, 0xEE, 0xFF, 0xF1, 0xF1, 0xF1, 0xFF, 0xA9, 0xA9, 0xAC, 0xFF,
    0x00, 0x00, 0x02, 0xFF, 0x00, 0x00, 0x34, 0xFF, 0x00, 0x00, 0x34, 0xFF, 0x00, 0x00, 0x34, 0xFF,
    0x00, 0x00, 0x34, 0xFF, 0x00, 0x00, 0x34, 0xFF, 0x00, 0x00, 0x34, 0xFF, 0x00, 0x00, 0x34, 0xFF,
    0x00, 0x00, 0x34, 0xFF, 0x00, 0x00, 0x34, 0xFF, 0x00, 0x00, 0x34, 0xFF, 0x00, 0x00, 0x34, 0xFF,
    0x00, 0x00, 0x03, 0xFF, 0xB5, 0xB5, 0xB8, 0xFF, 0xF1, 0xF1, 0xF1, 0xFF, 0xED, 0xED, 0xED, 0xFF,
    0xED, 0xED, 0xED, 0xFF, 0xED, 0xED, 0xED, 0xFF, 0xED, 0xED, 0xED, 0xFF, 0xED, 0xED, 0xED, 0xFF,
    0xED, 0xED, 0xED, 0xFF, 0xED, 0xED, 0xED, 0xFF, 0xED, 0xED, 0xED, 0xFF, 0xED, 0xED, 0xED, 0xFF,
    0xED, 0xED, 0xED, 0xFF, 0xEF, 0xEF, 0xEF, 0xFF, 0xE0, 0xE0, 0xE0, 0xFF, 0x38, 0x38, 0x4D, 0xFF,
    0x00, 0x00, 0x2D, 0xFF, 0x00, 0x00, 0x34, 0xFF, 0x00, 0x00, 0x34, 0xFF, 0x00, 0x00, 0x34, 0xFF,
    0x00, 0x00, 0x28, 0xFF, 0x53, 0x53, 0x61, 0xFF, 0xE6, 0xE6, 0xE7, 0xFF, 0xEE, 0xEE, 0xEE, 0xFF,
    0xED, 0xED, 0xED, 0xFF, 0xED, 0xED, 0xED, 0xFF, 0xED, 0xED, 0xED, 0xFF, 0xED, 0xED, 0xED, 0xFF,
    0xED, 0xED, 0xED, 0xFF, 0xED, 0xED, 0xED, 0xFF, 0xED, 0xED, 0xED, 0xFF, 0xED, 0xED, 0xED, 0xFF,
    0xED, 0xED, 0xED, 0xFF, 0xED, 0xED, 0xED, 0xFF, 0xF1, 0xF1, 0xF1, 0xFF, 0xA5, 0xA5, 0xA9, 0xFF,
    0x00, 0x00, 0x02, 0xFF, 0x01, 0x01, 0x34, 0xFF, 0x00, 0x00, 0x34, 0xFF, 0x00, 0x00, 0x34, 0xFF,
    0x00, 0x00, 0x34, 0xFF, 0x00, 0x00, 0x34, 0xFF, 0x00, 0x00, 0x34, 0xFF, 0x00, 0x00, 0x34, 0xFF,
    0x00, 0x00, 0x34, 0xFF, 0x00, 0x00, 0x34, 0xFF, 0x00, 0x00, 0x34, 0xFF, 0x00, 0x00, 0x34, 0xFF,
    0x00, 0x00, 0x03, 0xFF, 0xB5, 0xB5, 0xB7, 0xFF, 0xF1, 0xF1, 0xF1, 0xFF, 0xF0, 0xF0, 0xEF, 0xFF,
    0xD7, 0xD7, 0xD8, 0xFF, 0x0E, 0x0E, 0x38, 0xFF, 0x00, 0x00, 0x31, 0xFF, 0x00, 0x00, 0x34, 0xFF,
    0x00, 0x00, 0x34, 0xFF, 0x00, 0x00, 0x34, 0xFF, 0x00, 0x00, 0x34, 0xFF, 0x00, 0x00, 0x34, 0xFF,
    0x00, 0x00, 0x28, 0xFF, 0x57, 0x57, 0x63, 0xFF, 0xE7, 0xE7, 0xE8, 0xFF, 0xEE, 0xEE, 0xEE, 0xFF,
    0xED, 0xED, 0xED, 0xFF, 0xED, 0xED, 0xED, 0xFF, 0xED, 0xED, 0xED, 0xFF, 0xF1, 0xF1, 0xF1, 0xFF,
    0xA0, 0xA0, 0xA5, 0xFF, 0x00, 0x00, 0x06, 0xFF, 0x00, 0x00, 0x34, 0xFF, 0x00, 0x00, 0x34, 0xFF,
    0x00, 0x00, 0x34, 0xFF, 0x00, 0x00, 0x34, 0xFF, 0x00, 0x00, 0x34, 0xFF, 0x00, 0x00, 0x34, 0xFF,
    0x00, 0x00, 0x33, 0xFF, 0x2B, 0x2B, 0x44, 0xFF, 0x3C, 0x3C, 0x4F, 0xFF, 0x3B, 0x3B, 0x4E, 0xFF,
    0x3B, 0x3B, 0x4E, 0xFF, 0x3B, 0x3B, 0x4E, 0xFF, 0x3B, 0x3B, 0x4E, 0xFF, 0x3B, 0x3B, 0x4E, 0xFF,
    0x3B, 0x3B, 0x4F, 0xFF, 0x38, 0x38, 0x4D, 0xFF, 0x1C, 0x1C, 0x3D, 0xFF, 0x00, 0x00, 0x16, 0xFF,
    0x00, 0x00, 0x1D, 0xFF, 0x00, 0x00, 0x34, 0xFF, 0x01, 0x01, 0x34, 0xFF, 0x00, 0x00, 0x34, 0xFF,
    0x00, 0x00, 0x34, 0xFF, 0x00, 0x00, 0x34, 0xFF, 0x00, 0x00, 0x34, 0xFF, 0x00, 0x00, 0x34, 0xFF,
    0x02, 0x02, 0x34, 0xFF, 0x00, 0x00, 0x00, 0xFF, 0x9E, 0x9E, 0xA3, 0xFF, 0xF1, 0xF1, 0xF1, 0xFF,
    0xED, 0xED, 0xED, 0xFF, 0xED, 0xED, 0xED, 0xFF, 0xF0, 0xF0, 0xF0, 0xFF, 0xD1, 0xD1, 0xD3, 0xFF,
    0x00, 0x00, 0x2B, 0xFF, 0x00, 0x00, 0x32, 0xFF, 0x00, 0x00, 0x34, 0xFF, 0x00, 0x00, 0x34, 0xFF,
    0x00, 0x00, 0x34, 0xFF, 0x00, 0x00, 0x34, 0xFF, 0x00, 0x00, 0x34, 0xFF, 0x03, 0x03, 0x35, 0xFF,
    0x00, 0x00, 0x2D, 0xFF, 0x00, 0x00, 0x01, 0xFF, 0x00, 0x00, 0x01, 0xFF, 0x00, 0x00, 0x02, 0xFF,
    0x00, 0x00, 0x02, 0xFF, 0x00, 0x00, 0x02, 0xFF, 0x00, 0x00, 0x02, 0xFF, 0x00, 0x00, 0x02, 0xFF,
    0x00, 0x00, 0x02, 0xFF, 0x00, 0x00, 0x02, 0xFF, 0x00, 0x00, 0x02, 0xFF, 0x00, 0x00, 0x02, 0xFF,
    0x00, 0x00, 0x02, 0xFF, 0x00, 0x00, 0x02, 0xFF, 0x00, 0x00, 0x02, 0xFF, 0x00, 0x00, 0x02, 0xFF,
    0x00, 0x00, 0x00, 0xFF, 0x94, 0x94, 0x9A, 0xFF, 0xF1, 0xF1, 0xF1, 0xFF, 0xED, 0xED, 0xED, 0xFF,
    0xED, 0xED, 0xED, 0xFF, 0xF1, 0xF1, 0xF1, 0xFF, 0xC5, 0xC5, 0xC7, 0xFF, 0x00, 0x00, 0x17, 0xFF,
    0x00, 0x00, 0x34, 0xFF, 0x00, 0x00, 0x34, 0xFF, 0x00, 0x00, 0x34, 0xFF, 0x00, 0x00, 0x34, 0xFF,
    0x00, 0x00, 0x34, 0xFF, 0x00, 0x00, 0x34, 0xFF, 0x03, 0x03, 0x35, 0xFF, 0x00, 0x00, 0x2E, 0xFF,
    0x00, 0x00, 0x13, 0xFF, 0x00, 0x00, 0x13, 0xFF, 0x00, 0x00, 0x13, 0xFF, 0x00, 0x00, 0x13, 0xFF,
    0x00, 0x00, 0x13, 0xFF, 0x00, 0x00, 0x13, 0xFF, 0x00, 0x00, 0x13, 0xFF, 0x00, 0x00, 0x13, 0xFF,
    0x00, 0x00, 0x13, 0xFF, 0x00, 0x00, 0x13, 0xFF, 0x00, 0x00, 0x13, 0xFF, 0x00, 0x00, 0x13, 0xFF,
    0x00, 0x00, 0x13, 0xFF, 0x00, 0x00, 0x05, 0xFF, 0x00, 0x00, 0x28, 0xFF, 0xDA, 0xDA, 0xDB, 0xFF,
    0xEF, 0xEF, 0xEF, 0xFF, 0xF0, 0xF0, 0xF0, 0xFF, 0xCA, 0xCA, 0xCC, 0xFF, 0x00, 0x00, 0x1F, 0xFF,
    0x00, 0x00, 0x33, 0xFF, 0x00, 0x00, 0x34, 0xFF, 0x00, 0x00, 0x34, 0xFF, 0x00, 0x00, 0x34, 0xFF,
    0x00, 0x00, 0x34, 0xFF, 0x00, 0x00, 0x34, 0xFF, 0x00, 0x00, 0x1F, 0xFF, 0x73, 0x73, 0x7B, 0xFF,
    0xED, 0xED, 0xED, 0xFF, 0xEE, 0xEE, 0xEE, 0xFF, 0xEB, 0xEB, 0xEB, 0xFF, 0x97, 0x97, 0x9D, 0xFC,
    0xE6, 0xE6, 0xE6, 0xFF, 0xEE, 0xEE, 0xEE, 0xFF, 0xF0, 0xF0, 0xF0, 0xFF, 0xDB, 0xDB, 0xDC, 0xFF,
    0x40, 0x40, 0x52, 0xFF, 0x00, 0x00, 0x24, 0xFF, 0x02, 0x02, 0x35, 0xFF, 0x00, 0x00, 0x34, 0xFF,
    0x00, 0x00, 0x34, 0xFF, 0x00, 0x00, 0x34, 0xFF, 0x00, 0x00, 0x34, 0xFF, 0x00, 0x00, 0x34, 0xFF,
    0x00, 0x00, 0x34, 0xFF, 0x01, 0x01, 0x34, 0xFF, 0x00, 0x00, 0x33, 0xFF, 0x00, 0x00, 0x28, 0xFF,
    0x00, 0x00, 0x0E, 0xFF, 0x00, 0x00, 0x03, 0xFF, 0x00, 0x00, 0x0D, 0xFF, 0x00, 0x00, 0x0C, 0xFF,
    0x00, 0x00, 0x02, 0xFF, 0x00, 0x00, 0x0E, 0xFF, 0x00, 0x00, 0x26, 0xFF, 0x00, 0x00, 0x32, 0xFF,
    0x01, 0x01, 0x34, 0xFF, 0x00, 0x00, 0x34, 0xFF, 0x00, 0x00, 0x34, 0xFF, 0x00, 0x00, 0x34, 0xFF,
    0x00, 0x00, 0x34, 0xFF, 0x00, 0x00, 0x34, 0xFF, 0x00, 0x00, 0x25, 0xFF, 0x5F, 0x5F, 0x6B, 0xFF,
    0xE9, 0xE9, 0xE9, 0xFF, 0xEE, 0xEE, 0xEE, 0xFF, 0xED, 0xED, 0xED, 0xFF, 0xED, 0xED, 0xED, 0xFF,
    0xF1, 0xF1, 0xF0, 0xFF, 0xC9, 0xC9, 0xCA, 0xFF, 0x00, 0x00, 0x1C, 0xFF, 0x00, 0x00, 0x33, 0xFF,
    0x00, 0x00, 0x34, 0xFF, 0x00, 0x00, 0x34, 0xFF, 0x00, 0x00, 0x34, 0xFF, 0x00, 0x00, 0x34, 0xFF,
    0x00, 0x00, 0x34, 0xFF, 0x00, 0x00, 0x1E, 0xFF, 0x75, 0x75, 0x7E, 0xFF, 0xED, 0xED, 0xED, 0xFF,
    0xEE, 0xEE, 0xEE, 0xFF, 0xEC, 0xEC, 0xEC, 0xFF, 0x80, 0x80, 0x87, 0xBD, 0x00, 0x00, 0x00, 0x8F,
    0x00, 0x00, 0x34, 0x8D, 0x00, 0x00, 0x34, 0x8D, 0x00, 0x00, 0x00, 0x8E, 0x7D, 0x7D, 0x85, 0xBC,
    0xEB, 0xEB, 0xEB, 0xFF, 0xEE, 0xEE, 0xEE, 0xFF, 0xEE, 0xEE, 0xEE, 0xFF, 0x79, 0x79, 0x81, 0xFF,
    0x00, 0x00, 0x1C, 0xFF, 0x00, 0x00, 0x34, 0xFF, 0x00, 0x00, 0x34, 0xFF, 0x00, 0x00, 0x34, 0xFF,
    0x00, 0x00, 0x34, 0xFF, 0x00, 0x00, 0x34, 0xFF, 0x00, 0x00, 0x33, 0xFF, 0x00, 0x00, 0x19, 0xFF,
    0xC7, 0xC7, 0xC9, 0xFF, 0xF1, 0xF1, 0xF0, 0xFF, 0xED, 0xED, 0xED, 0xFF, 0xE6, 0xE6, 0xE6, 0xB5,
    0x00, 0x00, 0x00, 0x00, 0x00, 0x00, 0x00, 0x00, 0x00, 0x00, 0x00, 0x00, 0x00, 0x00, 0x00, 0x00,
    0x00, 0x00, 0x00, 0x00, 0x00, 0x00, 0x00, 0x00, 0xE7, 0xE7, 0xE7, 0xC7, 0xED, 0xED, 0xED, 0xFF,
    0xF1, 0xF1, 0xF1, 0xFF, 0xBC, 0xBC, 0xBE, 0xFF, 0x00, 0x00, 0x09, 0xFF, 0x00, 0x00, 0x34, 0xFF,
    0x00, 0x00, 0x34, 0xFF, 0x00, 0x00, 0x34, 0xFF, 0x00, 0x00, 0x34, 0xFF, 0x00, 0x00, 0x34, 0xFF,
    0x00, 0x00, 0x34, 0xFF, 0x00, 0x00, 0x14, 0xFF, 0x89, 0x89, 0x8F, 0xFF, 0xF0, 0xF0, 0xEF, 0xFF,
    0xED, 0xED, 0xED, 0xFF, 0xEB, 0xEB, 0xEB, 0xF7, 0xD1, 0xD1, 0xD3, 0x27, 0x00, 0x00, 0x00, 0x00,
    0x00, 0x00, 0x00, 0x00, 0x00, 0x00, 0x00, 0x00, 0x00, 0x00, 0x00, 0x00, 0x00, 0x00, 0x00, 0x00,
    0x00, 0x00, 0x00, 0x00, 0x00, 0x00, 0x00, 0x00, 0x00, 0x00, 0x00, 0x00, 0x00, 0x00, 0x00, 0x00,
    0xE5, 0xE5, 0xE5, 0xE9, 0xEE, 0xEE, 0xEE, 0xFF, 0xF1, 0xF1, 0xF1, 0xFF, 0xA9, 0xA9, 0xAC, 0xFF,
    0x00, 0x00, 0x02, 0xFF, 0x00, 0x00, 0x34, 0xFF, 0x00, 0x00, 0x34, 0xFF, 0x00, 0x00, 0x34, 0xFF,
    0x00, 0x00, 0x34, 0xFF, 0x00, 0x00, 0x34, 0xFF, 0x00, 0x00, 0x34, 0xFF, 0x00, 0x00, 0x34, 0xFF,
    0x00, 0x00, 0x34, 0xFF, 0x00, 0x00, 0x34, 0xFF, 0x00, 0x00, 0x34, 0xFF, 0x00, 0x00, 0x34, 0xFF,
    0x00, 0x00, 0x1A, 0xFF, 0x7C, 0x7C, 0x84, 0xFF, 0xEE, 0xEE, 0xEE, 0xFF, 0xED, 0xED, 0xED, 0xFF,
    0xED, 0xED, 0xED, 0xFF, 0xED, 0xED, 0xED, 0xFF, 0xED, 0xED, 0xED, 0xFF, 0xED, 0xED, 0xED, 0xFF,
    0xED, 0xED, 0xED, 0xFF, 0xED, 0xED, 0xED, 0xFF, 0xED, 0xED, 0xED, 0xFF, 0xED, 0xED, 0xED, 0xFF,
    0xED, 0xED, 0xED, 0xFF, 0xF1, 0xF1, 0xF1, 0xFF, 0xBA, 0xBA, 0xBC, 0xFF, 0x00, 0x00, 0x07, 0xFF,
    0x00, 0x00, 0x34, 0xFF, 0x00, 0x00, 0x34, 0xFF, 0x00, 0x00, 0x34, 0xFF, 0x00, 0x00, 0x34, 0xFF,
    0x00, 0x00, 0x33, 0xFF, 0x00, 0x00, 0x1B, 0xFF, 0xC7, 0xC7, 0xC9, 0xFF, 0xF1, 0xF1, 0xF1, 0xFF,
    0xED, 0xED, 0xED, 0xFF, 0xED, 0xED, 0xED, 0xFF, 0xED, 0xED, 0xED, 0xFF, 0xED, 0xED, 0xED, 0xFF,
    0xED, 0xED, 0xED, 0xFF, 0xED, 0xED, 0xED, 0xFF, 0xED, 0xED, 0xED, 0xFF, 0xED, 0xED, 0xED, 0xFF,
    0xED, 0xED, 0xED, 0xFF, 0xEE, 0xEE, 0xEE, 0xFF, 0xEA, 0xEA, 0xEB, 0xFF, 0x67, 0x67, 0x71, 0xFF,
    0x00, 0x00, 0x23, 0xFF, 0x00, 0x00, 0x34, 0xFF, 0x00, 0x00, 0x34, 0xFF, 0x00, 0x00, 0x34, 0xFF,
    0x00, 0x00, 0x34, 0xFF, 0x00, 0x00, 0x34, 0xFF, 0x00, 0x00, 0x34, 0xFF, 0x00, 0x00, 0x34, 0xFF,
    0x00, 0x00, 0x34, 0xFF, 0x00, 0x00, 0x34, 0xFF, 0x00, 0x00, 0x34, 0xFF, 0x00, 0x00, 0x34, 0xFF,
    0x00, 0x00, 0x03, 0xFF, 0xB5, 0xB5, 0xB7, 0xFF, 0xF1, 0xF1, 0xF1, 0xFF, 0xF0, 0xF0, 0xEF, 0xFF,
    0xD7, 0xD7, 0xD9, 0xFF, 0x0E, 0x0E, 0x38, 0xFF, 0x00, 0x00, 0x31, 0xFF, 0x00, 0x00, 0x34, 0xFF,
    0x00, 0x00, 0x34, 0xFF, 0x00, 0x00, 0x34, 0xFF, 0x00, 0x00, 0x34, 0xFF, 0x00, 0x00, 0x34, 0xFF,
    0x00, 0x00, 0x28, 0xFF, 0x57, 0x57, 0x63, 0xFF, 0xE7, 0xE7, 0xE8, 0xFF, 0xEE, 0xEE, 0xEE, 0xFF,
    0xED, 0xED, 0xED, 0xFF, 0xED, 0xED, 0xED, 0xFF, 0xED, 0xED, 0xED, 0xFF, 0xF1, 0xF1, 0xF1, 0xFF,
    0xA0, 0xA0, 0xA5, 0xFF, 0x00, 0x00, 0x06, 0xFF, 0x00, 0x00, 0x34, 0xFF, 0x00, 0x00, 0x34, 0xFF,
    0x00, 0x00, 0x34, 0xFF, 0x00, 0x00, 0x34, 0xFF, 0x00, 0x00, 0x34, 0xFF, 0x00, 0x00, 0x34, 0xFF,
    0x01, 0x01, 0x34, 0xFF, 0x00, 0x00, 0x30, 0xFF, 0x00, 0x00, 0x2D, 0xFF, 0x00, 0x00, 0x2D, 0xFF,
    0x00, 0x00, 0x2D, 0xFF, 0x00, 0x00, 0x2D, 0xFF, 0x00, 0x00, 0x2D, 0xFF, 0x00, 0x00, 0x2D, 0xFF,
    0x00, 0x00, 0x2D, 0xFF, 0x00, 0x00, 0x2D, 0xFF, 0x00, 0x00, 0x30, 0xFF, 0x00, 0x00, 0x34, 0xFF,
    0x00, 0x00, 0x34, 0xFF, 0x00, 0x00, 0x34, 0xFF, 0x00, 0x00, 0x34, 0xFF, 0x00, 0x00, 0x34, 0xFF,
    0x00, 0x00, 0x34, 0xFF, 0x00, 0x00, 0x34, 0xFF, 0x00, 0x00, 0x34, 0xFF, 0x01, 0x01, 0x34, 0xFF,
    0x00, 0x00, 0x2D, 0xFF, 0x1E, 0x1E, 0x3D, 0xFF, 0xD8, 0xD8, 0xD9, 0xFF, 0xF0, 0xF0, 0xEF, 0xFF,
    0xED, 0xED, 0xED, 0xFF, 0xED, 0xED, 0xED, 0xFF, 0xF0, 0xF0, 0xF0, 0xFF, 0xD1, 0xD1, 0xD3, 0xFF,
    0x00, 0x00, 0x2B, 0xFF, 0x00, 0x00, 0x32, 0xFF, 0x00, 0x00, 0x34, 0xFF, 0x00, 0x00, 0x34, 0xFF,
    0x00, 0x00, 0x34, 0xFF, 0x00, 0x00, 0x34, 0xFF, 0x00, 0x00, 0x34, 0xFF, 0x00, 0x00, 0x34, 0xFF,
    0x00, 0x00, 0x34, 0xFF, 0x00, 0x00, 0x34, 0xFF, 0x00, 0x00, 0x34, 0xFF, 0x00, 0x00, 0x34, 0xFF,
    0x00, 0x00, 0x34, 0xFF, 0x00, 0x00, 0x34, 0xFF, 0x00, 0x00, 0x34, 0xFF, 0x00, 0x00, 0x34, 0xFF,
    0x00, 0x00, 0x34, 0xFF, 0x00, 0x00, 0x34, 0xFF, 0x00, 0x00, 0x34, 0xFF, 0x00, 0x00, 0x34, 0xFF,
    0x00, 0x00, 0x34, 0xFF, 0x00, 0x00, 0x34, 0xFF, 0x00, 0x00, 0x34, 0xFF, 0x00, 0x00, 0x34, 0xFF,
    0x00, 0x00, 0x0A, 0xFF, 0x99, 0x99, 0x9E, 0xFF, 0xF1, 0xF1, 0xF1, 0xFF, 0xED, 0xED, 0xED, 0xFF,
    0xED, 0xED, 0xED, 0xFF, 0xF1, 0xF1, 0xF1, 0xFF, 0xC5, 0xC5, 0xC7, 0xFF, 0x00, 0x00, 0x17, 0xFF,
    0x00, 0x00, 0x34, 0xFF, 0x00, 0x00, 0x34, 0xFF, 0x00, 0x00, 0x34, 0xFF, 0x00, 0x00, 0x34, 0xFF,
    0x00, 0x00, 0x34, 0xFF, 0x00, 0x00, 0x34, 0xFF, 0x00, 0x00, 0x34, 0xFF, 0x00, 0x00, 0x34, 0xFF,
    0x00, 0x00, 0x34, 0xFF, 0x00, 0x00, 0x34, 0xFF, 0x00, 0x00, 0x34, 0xFF, 0x00, 0x00, 0x34, 0xFF,
    0x00, 0x00, 0x34, 0xFF, 0x00, 0x00, 0x34, 0xFF, 0x00, 0x00, 0x34, 0xFF, 0x00, 0x00, 0x34, 0xFF,
    0x00, 0x00, 0x34, 0xFF, 0x00, 0x00, 0x34, 0xFF, 0x00, 0x00, 0x34, 0xFF, 0x00, 0x00, 0x34, 0xFF,
    0x00, 0x00, 0x34, 0xFF, 0x00, 0x00, 0x30, 0xFF, 0x20, 0x20, 0x3E, 0xFF, 0xDA, 0xDA, 0xDB, 0xFF,
    0xEF, 0xEF, 0xEF, 0xFF, 0xF0, 0xF0, 0xF0, 0xFF, 0xCA, 0xCA, 0xCC, 0xFF, 0x00, 0x00, 0x1F, 0xFF,
    0x00, 0x00, 0x33, 0xFF, 0x00, 0x00, 0x34, 0xFF, 0x00, 0x00, 0x34, 0xFF, 0x00, 0x00, 0x34, 0xFF,
    0x00, 0x00, 0x34, 0xFF, 0x00, 0x00, 0x34, 0xFF, 0x00, 0x00, 0x1F, 0xFF, 0x73, 0x73, 0x7B, 0xFF,
    0xED, 0xED, 0xED, 0xFF, 0xEE, 0xEE, 0xEE, 0xFF, 0xED, 0xED, 0xED, 0xFF, 0x6A, 0x6A, 0x73, 0xFB,
    0xA8, 0xA8, 0xAB, 0xFD, 0xF1, 0xF1, 0xF1, 0xFF, 0xED, 0xED, 0xED, 0xFF, 0xF1, 0xF1, 0xF1, 0xFF,
    0xC9, 0xC9, 0xCB, 0xFF, 0x11, 0x11, 0x39, 0xFF, 0x00, 0x00, 0x27, 0xFF, 0x03, 0x03, 0x35, 0xFF,
    0x00, 0x00, 0x34, 0xFF, 0x00, 0x00, 0x34, 0xFF, 0x00, 0x00, 0x34, 0xFF, 0x00, 0x00, 0x34, 0xFF,
    0x00, 0x00, 0x34, 0xFF, 0x00, 0x00, 0x34, 0xFF, 0x00, 0x00, 0x34, 0xFF, 0x00, 0x00, 0x34, 0xFF,
    0x00, 0x00, 0x34, 0xFF, 0x00, 0x00, 0x34, 0xFF, 0x00, 0x00, 0x34, 0xFF, 0x00, 0x00, 0x34, 0xFF,
    0x00, 0x00, 0x34, 0xFF, 0x00, 0x00, 0x34, 0xFF, 0x00, 0x00, 0x34, 0xFF, 0x00, 0x00, 0x34, 0xFF,
    0x00, 0x00, 0x34, 0xFF, 0x00, 0x00, 0x34, 0xFF, 0x00, 0x00, 0x34, 0xFF, 0x00, 0x00, 0x34, 0xFF,
    0x00, 0x00, 0x34, 0xFF, 0x00, 0x00, 0x34, 0xFF, 0x00, 0x00, 0x25, 0xFF, 0x5F, 0x5F, 0x6A, 0xFF,
    0xE9, 0xE9, 0xE9, 0xFF, 0xEE, 0xEE, 0xEE, 0xFF, 0xED, 0xED, 0xED, 0xFF, 0xED, 0xED, 0xED, 0xFF,
    0xF1, 0xF1, 0xF0, 0xFF, 0xC9, 0xC9, 0xCA, 0xFF, 0x00, 0x00, 0x1C, 0xFF, 0x00, 0x00, 0x33, 0xFF,
    0x00, 0x00, 0x34, 0xFF, 0x00, 0x00, 0x34, 0xFF, 0x00, 0x00, 0x34, 0xFF, 0x00, 0x00, 0x34, 0xFF,
    0x00, 0x00, 0x34, 0xFF, 0x00, 0x00, 0x1E, 0xFF, 0x75, 0x75, 0x7E, 0xFF, 0xED, 0xED, 0xED, 0xFF,
    0xEE, 0xEE, 0xEE, 0xFF, 0xEB, 0xEB, 0xEB, 0xFF, 0xC6, 0xC6, 0xC8, 0x48, 0x00, 0x00, 0x00, 0x00,
    0x00, 0x00, 0x00, 0x00, 0x00, 0x00, 0x00, 0x00, 0x00, 0x00, 0x00, 0x00, 0xC5, 0xC5, 0xC7, 0x46,
    0xEB, 0xEB, 0xEB, 0xFF, 0xEE, 0xEE, 0xEE, 0xFF, 0xEE, 0xEE, 0xEE, 0xFF, 0x79, 0x79, 0x81, 0xFF,
    0x00, 0x00, 0x1C, 0xFF, 0x00, 0x00, 0x34, 0xFF, 0x00, 0x00, 0x34, 0xFF, 0x00, 0x00, 0x34, 0xFF,
    0x00, 0x00, 0x34, 0xFF, 0x00, 0x00, 0x34, 0xFF, 0x00, 0x00, 0x33, 0xFF, 0x00, 0x00, 0x19, 0xFF,
    0xC7, 0xC7, 0xC9, 0xFF, 0xF1, 0xF1, 0xF1, 0xFF, 0xED, 0xED, 0xED, 0xFF, 0xE6, 0xE6, 0xE6, 0xB5,
    0x00, 0x00, 0x00, 0x00, 0x00, 0x00, 0x00, 0x00, 0x00, 0x00, 0x00, 0x00, 0x00, 0x00, 0x00, 0x00,
    0x00, 0x00, 0x00, 0x00, 0x00, 0x00, 0x00, 0x00, 0xE7, 0xE7, 0xE7, 0xC6, 0xED, 0xED, 0xED, 0xFF,
    0xF1, 0xF1, 0xF1, 0xFF, 0xBC, 0xBC, 0xBE, 0xFF, 0x00, 0x00, 0x09, 0xFF, 0x00, 0x00, 0x34, 0xFF,
    0x00, 0x00, 0x34, 0xFF, 0x00, 0x00, 0x34, 0xFF, 0x00, 0x00, 0x34, 0xFF, 0x00, 0x00, 0x34, 0xFF,
    0x00, 0x00, 0x34, 0xFF, 0x00, 0x00, 0x14, 0xFF, 0x89, 0x89, 0x8F, 0xFF, 0xF0, 0xF0, 0xF0, 0xFF,
    0xED, 0xED, 0xED, 0xFF, 0xEB, 0xEB, 0xEB, 0xF7, 0xD0, 0xD0, 0xD2, 0x27, 0x00, 0x00, 0x00, 0x00,
    0x00, 0x00, 0x00, 0x00, 0x00, 0x00, 0x00, 0x00, 0x00, 0x00, 0x00, 0x00, 0x00, 0x00, 0x00, 0x00,
    0x00, 0x00, 0x00, 0x00, 0x00, 0x00, 0x00, 0x00, 0x00, 0x00, 0x00, 0x00, 0x00, 0x00, 0x00, 0x00,
    0xE5, 0xE5, 0xE5, 0xE9, 0xEE, 0xEE, 0xEE, 0xFF, 0xF1, 0xF1, 0xF1, 0xFF, 0xA9, 0xA9, 0xAC, 0xFF,
    0x00, 0x00, 0x02, 0xFF, 0x00, 0x00, 0x34, 0xFF, 0x00, 0x00, 0x34, 0xFF, 0x00, 0x00, 0x34, 0xFF,
    0x00, 0x00, 0x34, 0xFF, 0x00, 0x00, 0x34, 0xFF, 0x00, 0x00, 0x34, 0xFF, 0x00, 0x00, 0x34, 0xFF,
    0x00, 0x00, 0x34, 0xFF, 0x00, 0x00, 0x34, 0xFF, 0x00, 0x00, 0x34, 0xFF, 0x00, 0x00, 0x34, 0xFF,
    0x00, 0x00, 0x2F, 0xFF, 0x2D, 0x2D, 0x45, 0xFF, 0xDD, 0xDD, 0xDE, 0xFF, 0xEF, 0xEF, 0xEF, 0xFF,
    0xED, 0xED, 0xED, 0xFF, 0xED, 0xED, 0xED, 0xFF, 0xED, 0xED, 0xED, 0xFF, 0xED, 0xED, 0xED, 0xFF,
    0xED, 0xED, 0xED, 0xFF, 0xED, 0xED, 0xED, 0xFF, 0xED, 0xED, 0xED, 0xFF, 0xED, 0xED, 0xED, 0xFF,
    0xED, 0xED, 0xED, 0xFF, 0xEE, 0xEE, 0xEE, 0xFF, 0x7D, 0x7D, 0x84, 0xFF, 0x00, 0x00, 0x1A, 0xFF,
    0x00, 0x00, 0x34, 0xFF, 0x00, 0x00, 0x34, 0xFF, 0x00, 0x00, 0x34, 0xFF, 0x00, 0x00, 0x34, 0xFF,
    0x01, 0x01, 0x34, 0xFF, 0x00, 0x00, 0x0E, 0xFF, 0x91, 0x91, 0x96, 0xFF, 0xF0, 0xF0, 0xF0, 0xFF,
    0xED, 0xED, 0xED, 0xFF, 0xED, 0xED, 0xED, 0xFF, 0xED, 0xED, 0xED, 0xFF, 0xED, 0xED, 0xED, 0xFF,
    0xED, 0xED, 0xED, 0xFF, 0xED, 0xED, 0xED, 0xFF, 0xED, 0xED, 0xED, 0xFF, 0xED, 0xED, 0xED, 0xFF,
    0xED, 0xED, 0xED, 0xFF, 0xF0, 0xF0, 0xF0, 0xFF, 0xD4, 0xD4, 0xD5, 0xFF, 0x00, 0x00, 0x32, 0xFF,
    0x00, 0x00, 0x31, 0xFF, 0x00, 0x00, 0x34, 0xFF, 0x00, 0x00, 0x34, 0xFF, 0x00, 0x00, 0x34, 0xFF,
    0x00, 0x00, 0x34, 0xFF, 0x00, 0x00, 0x34, 0xFF, 0x00, 0x00, 0x34, 0xFF, 0x00, 0x00, 0x34, 0xFF,
    0x00, 0x00, 0x34, 0xFF, 0x00, 0x00, 0x34, 0xFF, 0x00, 0x00, 0x34, 0xFF, 0x00, 0x00, 0x34, 0xFF,
    0x00, 0x00, 0x03, 0xFF, 0xB5, 0xB5, 0xB7, 0xFF, 0xF1, 0xF1, 0xF1, 0xFF, 0xF0, 0xF0, 0xEF, 0xFF,
    0xD7, 0xD7, 0xD8, 0xFF, 0x0E, 0x0E, 0x38, 0xFF, 0x00, 0x00, 0x31, 0xFF, 0x00, 0x00, 0x34, 0xFF,
    0x00, 0x00, 0x34, 0xFF, 0x00, 0x00, 0x34, 0xFF, 0x00, 0x00, 0x34, 0xFF, 0x00, 0x00, 0x34, 0xFF,
    0x00, 0x00, 0x28, 0xFF, 0x57, 0x57, 0x63, 0xFF, 0xE7, 0xE7, 0xE8, 0xFF, 0xEE, 0xEE, 0xEE, 0xFF,
    0xED, 0xED, 0xED, 0xFF, 0xED, 0xED, 0xED, 0xFF, 0xED, 0xED, 0xED, 0xFF, 0xF1, 0xF1, 0xF1, 0xFF,
    0xA0, 0xA0, 0xA5, 0xFF, 0x00, 0x00, 0x06, 0xFF, 0x00, 0x00, 0x34, 0xFF, 0x00, 0x00, 0x34, 0xFF,
    0x00, 0x00, 0x34, 0xFF, 0x00, 0x00, 0x34, 0xFF, 0x00, 0x00, 0x34, 0xFF, 0x00, 0x00, 0x34, 0xFF,
    0x00, 0x00, 0x34, 0xFF, 0x00, 0x00, 0x34, 0xFF, 0x00, 0x00, 0x34, 0xFF, 0x00, 0x00, 0x34, 0xFF,
    0x00, 0x00, 0x34, 0xFF, 0x00, 0x00, 0x34, 0xFF, 0x00, 0x00, 0x34, 0xFF, 0x00, 0x00, 0x34, 0xFF,
    0x00, 0x00, 0x34, 0xFF, 0x00, 0x00, 0x34, 0xFF, 0x00, 0x00, 0x34, 0xFF, 0x00, 0x00, 0x34, 0xFF,
    0x00, 0x00, 0x34, 0xFF, 0x00, 0x00, 0x34, 0xFF, 0x00, 0x00, 0x34, 0xFF, 0x00, 0x00, 0x34, 0xFF,
    0x00, 0x00, 0x34, 0xFF, 0x00, 0x00, 0x34, 0xFF, 0x01, 0x01, 0x34, 0xFF, 0x00, 0x00, 0x30, 0xFF,
    0x00, 0x00, 0x00, 0xFF, 0xAF, 0xAF, 0xB2, 0xFF, 0xF0, 0xF0, 0xF0, 0xFF, 0xED, 0xED, 0xED, 0xFF,
    0xED, 0xED, 0xED, 0xFF, 0xED, 0xED, 0xED, 0xFF, 0xF0, 0xF0, 0xF0, 0xFF, 0xD1, 0xD1, 0xD3, 0xFF,
    0x00, 0x00, 0x2B, 0xFF, 0x00, 0x00, 0x32, 0xFF, 0x00, 0x00, 0x34, 0xFF, 0x00, 0x00, 0x34, 0xFF,
    0x00, 0x00, 0x34, 0xFF, 0x00, 0x00, 0x34, 0xFF, 0x00, 0x00, 0x34, 0xFF, 0x00, 0x00, 0x34, 0xFF,
    0x00, 0x00, 0x34, 0xFF, 0x00, 0x00, 0x34, 0xFF, 0x00, 0x00, 0x34, 0xFF, 0x00, 0x00, 0x34, 0xFF,
    0x00, 0x00, 0x34, 0xFF, 0x00, 0x00, 0x34, 0xFF, 0x00, 0x00, 0x34, 0xFF, 0x00, 0x00, 0x34, 0xFF,
    0x00, 0x00, 0x34, 0xFF, 0x00, 0x00, 0x34, 0xFF, 0x00, 0x00, 0x34, 0xFF, 0x00, 0x00, 0x34, 0xFF,
    0x00, 0x00, 0x34, 0xFF, 0x00, 0x00, 0x34, 0xFF, 0x00, 0x00, 0x34, 0xFF, 0x00, 0x00, 0x34, 0xFF,
    0x00, 0x00, 0x0A, 0xFF, 0x99, 0x99, 0x9E, 0xFF, 0xF1, 0xF1, 0xF1, 0xFF, 0xED, 0xED, 0xED, 0xFF,
    0xED, 0xED, 0xED, 0xFF, 0xF1, 0xF1, 0xF1, 0xFF, 0xC5, 0xC5, 0xC7, 0xFF, 0x00, 0x00, 0x17, 0xFF,
    0x00, 0x00, 0x34, 0xFF, 0x00, 0x00, 0x34, 0xFF, 0x00, 0x00, 0x34, 0xFF, 0x00, 0x00, 0x34, 0xFF,
    0x00, 0x00, 0x34, 0xFF, 0x00, 0x00, 0x34, 0xFF, 0x00, 0x00, 0x34, 0xFF, 0x00, 0x00, 0x34, 0xFF,
    0x00, 0x00, 0x34, 0xFF, 0x00, 0x00, 0x34, 0xFF, 0x00, 0x00, 0x34, 0xFF, 0x00, 0x00, 0x34, 0xFF,
    0x00, 0x00, 0x34, 0xFF, 0x00, 0x00, 0x34, 0xFF, 0x00, 0x00, 0x34, 0xFF, 0x00, 0x00, 0x34, 0xFF,
    0x00, 0x00, 0x34, 0xFF, 0x00, 0x00, 0x34, 0xFF, 0x00, 0x00, 0x34, 0xFF, 0x00, 0x00, 0x34, 0xFF,
    0x00, 0x00, 0x34, 0xFF, 0x00, 0x00, 0x30, 0xFF, 0x20, 0x20, 0x3E, 0xFF, 0xDA, 0xDA, 0xDB, 0xFF,
    0xEF, 0xEF, 0xEF, 0xFF, 0xF0, 0xF0, 0xF0, 0xFF, 0xCA, 0xCA, 0xCC, 0xFF, 0x00, 0x00, 0x1F, 0xFF,
    0x00, 0x00, 0x33, 0xFF, 0x00, 0x00, 0x34, 0xFF, 0x00, 0x00, 0x34, 0xFF, 0x00, 0x00, 0x34, 0xFF,
    0x00, 0x00, 0x34, 0xFF, 0x00, 0x00, 0x34, 0xFF, 0x00, 0x00, 0x1F, 0xFF, 0x73, 0x73, 0x7B, 0xFF,
    0xED, 0xED, 0xED, 0xFF, 0xEE, 0xEE, 0xEE, 0xFF, 0xED, 0xED, 0xED, 0xFF, 0x75, 0x75, 0x7D, 0xEF,
    0x00, 0x00, 0x2A, 0xF7, 0xD0, 0xD0, 0xD2, 0xFE, 0xF1, 0xF1, 0xF1, 0xFF, 0xED, 0xED, 0xED, 0xFF,
    0xF1, 0xF1, 0xF1, 0xFF, 0xC4, 0xC4, 0xC6, 0xFF, 0x21, 0x21, 0x3F, 0xFF, 0x00, 0x00, 0x1E, 0xFF,
    0x03, 0x03, 0x35, 0xFF, 0x00, 0x00, 0x34, 0xFF, 0x00, 0x00, 0x34, 0xFF, 0x00, 0x00, 0x34, 0xFF,
    0x00, 0x00, 0x34, 0xFF, 0x00, 0x00, 0x34, 0xFF, 0x00, 0x00, 0x34, 0xFF, 0x00, 0x00, 0x34, 0xFF,
    0x00, 0x00, 0x34, 0xFF, 0x00, 0x00, 0x34, 0xFF, 0x00, 0x00, 0x34, 0xFF, 0x00, 0x00, 0x34, 0xFF,
    0x00, 0x00, 0x34, 0xFF, 0x00, 0x00, 0x34, 0xFF, 0x00, 0x00, 0x34, 0xFF, 0x00, 0x00, 0x34, 0xFF,
    0x00, 0x00, 0x34, 0xFF, 0x00, 0x00, 0x34, 0xFF, 0x00, 0x00, 0x34, 0xFF, 0x00, 0x00, 0x34, 0xFF,
    0x00, 0x00, 0x34, 0xFF, 0x02, 0x02, 0x34, 0xFF, 0x00, 0x00, 0x10, 0xFF, 0x57, 0x57, 0x64, 0xFF,
    0xE9, 0xE9, 0xEA, 0xFF, 0xEE, 0xEE, 0xEE, 0xFF, 0xED, 0xED, 0xED, 0xFF, 0xED, 0xED, 0xED, 0xFF,
    0xF1, 0xF1, 0xF0, 0xFF, 0xC9, 0xC9, 0xCA, 0xFF, 0x00, 0x00, 0x1C, 0xFF, 0x00, 0x00, 0x33, 0xFF,
    0x00, 0x00, 0x34, 0xFF, 0x00, 0x00, 0x34, 0xFF, 0x00, 0x00, 0x34, 0xFF, 0x00, 0x00, 0x34, 0xFF,
    0x00, 0x00, 0x34, 0xFF, 0x00, 0x00, 0x1E, 0xFF, 0x75, 0x75, 0x7E, 0xFF, 0xED, 0xED, 0xED, 0xFF,
    0xEE, 0xEE, 0xEE, 0xFF, 0xEB, 0xEB, 0xEB, 0xFF, 0xD7, 0xD7, 0xD8, 0x3B, 0x00, 0x00, 0x00, 0x00,
    0x00, 0x00, 0x00, 0x00, 0x00, 0x00, 0x00, 0x00, 0x00, 0x00, 0x00, 0x00, 0xD6, 0xD6, 0xD7, 0x39,
    0xEB, 0xEB, 0xEB, 0xFF, 0xEE, 0xEE, 0xED, 0xFF, 0xEE, 0xEE, 0xEE, 0xFF, 0x79, 0x79, 0x81, 0xFF,
    0x00, 0x00, 0x1C, 0xFF, 0x00, 0x00, 0x34, 0xFF, 0x00, 0x00, 0x34, 0xFF, 0x00, 0x00, 0x34, 0xFF,
    0x00, 0x00, 0x34, 0xFF, 0x00, 0x00, 0x34, 0xFF, 0x00, 0x00, 0x33, 0xFF, 0x00, 0x00, 0x19, 0xFF,
    0xC7, 0xC7, 0xC9, 0xFF, 0xF1, 0xF1, 0xF0, 0xFF, 0xED, 0xED, 0xED, 0xFF, 0xE5, 0xE5, 0xE6, 0xB4,
    0x00, 0x00, 0x00, 0x00, 0x00, 0x00, 0x00, 0x00, 0x00, 0x00, 0x00, 0x00, 0x00, 0x00, 0x00, 0x00,
    0x00, 0x00, 0x00, 0x00, 0x00, 0x00, 0x00, 0x00, 0xE7, 0xE7, 0xE7, 0xC6, 0xED, 0xED, 0xED, 0xFF,
    0xF1, 0xF1, 0xF1, 0xFF, 0xBC, 0xBC, 0xBE, 0xFF, 0x00, 0x00, 0x09, 0xFF, 0x00, 0x00, 0x34, 0xFF,
    0x00, 0x00, 0x34, 0xFF, 0x00, 0x00, 0x34, 0xFF, 0x00, 0x00, 0x34, 0xFF, 0x00, 0x00, 0x34, 0xFF,
    0x00, 0x00, 0x34, 0xFF, 0x00, 0x00, 0x14, 0xFF, 0x89, 0x89, 0x8F, 0xFF, 0xF0, 0xF0, 0xEF, 0xFF,
    0xED, 0xED, 0xED, 0xFF, 0xEA, 0xEA, 0xEB, 0xF7, 0xD0, 0xD0, 0xD2, 0x26, 0x00, 0x00, 0x00, 0x00,
    0x00, 0x00, 0x00, 0x00, 0x00, 0x00, 0x00, 0x00, 0x00, 0x00, 0x00, 0x00, 0x00, 0x00, 0x00, 0x00,
    0x00, 0x00, 0x00, 0x00, 0x00, 0x00, 0x00, 0x00, 0x00, 0x00, 0x00, 0x00, 0x00, 0x00, 0x00, 0x00,
    0xE5, 0xE5, 0xE5, 0xE9, 0xEE, 0xEE, 0xEE, 0xFF, 0xF1, 0xF1, 0xF1, 0xFF, 0xA9, 0xA9, 0xAC, 0xFF,
    0x00, 0x00, 0x02, 0xFF, 0x00, 0x00, 0x34, 0xFF, 0x00, 0x00, 0x34, 0xFF, 0x00, 0x00, 0x34, 0xFF,
    0x00, 0x00, 0x34, 0xFF, 0x00, 0x00, 0x34, 0xFF, 0x00, 0x00, 0x34, 0xFF, 0x00, 0x00, 0x34, 0xFF,
    0x00, 0x00, 0x34, 0xFF, 0x00, 0x00, 0x34, 0xFF, 0x00, 0x00, 0x34, 0xFF, 0x00, 0x00, 0x34, 0xFF,
    0x00, 0x00, 0x34, 0xFF, 0x00, 0x00, 0x06, 0xFF, 0xB9, 0xB9, 0xBB, 0xFF, 0xF1, 0xF1, 0xF1, 0xFF,
    0xED, 0xED, 0xED, 0xFF, 0xED, 0xED, 0xED, 0xFF, 0xED, 0xED, 0xED, 0xFF, 0xED, 0xED, 0xED, 0xFF,
    0xED, 0xED, 0xED, 0xFF, 0xED, 0xED, 0xED, 0xFF, 0xED, 0xED, 0xED, 0xFF, 0xED, 0xED, 0xED, 0xFF,
    0xEF, 0xEF, 0xEF, 0xFF, 0xDB, 0xDB, 0xDC, 0xFF, 0x25, 0x25, 0x41, 0xFF, 0x00, 0x00, 0x2F, 0xFF,
    0x00, 0x00, 0x34, 0xFF, 0x00, 0x00, 0x34, 0xFF, 0x00, 0x00, 0x34, 0xFF, 0x00, 0x00, 0x34, 0xFF,
    0x00, 0x00, 0x34, 0xFF, 0x00, 0x00, 0x2B, 0xFF, 0x44, 0x44, 0x55, 0xFF, 0xE2, 0xE2, 0xE3, 0xFF,
    0xEF, 0xEF, 0xEE, 0xFF, 0xED, 0xED, 0xED, 0xFF, 0xED, 0xED, 0xED, 0xFF, 0xED, 0xED, 0xED, 0xFF,
    0xED, 0xED, 0xED, 0xFF, 0xED, 0xED, 0xED, 0xFF, 0xED, 0xED, 0xED, 0xFF, 0xED, 0xED, 0xED, 0xFF,
    0xED, 0xED, 0xED, 0xFF, 0xF1, 0xF1, 0xF1, 0xFF, 0xAA, 0xAA, 0xAD, 0xFF, 0x00, 0x00, 0x01, 0xFF,
    0x01, 0x01, 0x34, 0xFF, 0x00, 0x00, 0x34, 0xFF, 0x00, 0x00, 0x34, 0xFF, 0x00, 0x00, 0x34, 0xFF,
    0x00, 0x00, 0x34, 0xFF, 0x00, 0x00, 0x34, 0xFF, 0x00, 0x00, 0x34, 0xFF, 0x00, 0x00, 0x34, 0xFF,
    0x00, 0x00, 0x34, 0xFF, 0x00, 0x00, 0x34, 0xFF, 0x00, 0x00, 0x34, 0xFF, 0x00, 0x00, 0x34, 0xFF,
    0x00, 0x00, 0x03, 0xFF, 0xB5, 0xB5, 0xB7, 0xFF, 0xF1, 0xF1, 0xF1, 0xFF, 0xF0, 0xF0, 0xEF, 0xFF,
    0xD7, 0xD7, 0xD8, 0xFF, 0x0E, 0x0E, 0x38, 0xFF, 0x00, 0x00, 0x31, 0xFF, 0x00, 0x00, 0x34, 0xFF,
    0x00, 0x00, 0x34, 0xFF, 0x00, 0x00, 0x34, 0xFF, 0x00, 0x00, 0x34, 0xFF, 0x00, 0x00, 0x34, 0xFF,
    0x00, 0x00, 0x28, 0xFF, 0x57, 0x57, 0x63, 0xFF, 0xE7, 0xE7, 0xE8, 0xFF, 0xEE, 0xEE, 0xEE, 0xFF,
    0xED, 0xED, 0xED, 0xFF, 0xED, 0xED, 0xED, 0xFF, 0xED, 0xED, 0xED, 0xFF, 0xF1, 0xF1, 0xF1, 0xFF,
    0xA0, 0xA0, 0xA5, 0xFF, 0x00, 0x00, 0x06, 0xFF, 0x00, 0x00, 0x34, 0xFF, 0x00, 0x00, 0x34, 0xFF,
    0x00, 0x00, 0x34, 0xFF, 0x00, 0x00, 0x34, 0xFF, 0x00, 0x00, 0x34, 0xFF, 0x00, 0x00, 0x34, 0xFF,
    0x00, 0x00, 0x34, 0xFF, 0x00, 0x00, 0x34, 0xFF, 0x00, 0x00, 0x34, 0xFF, 0x00, 0x00, 0x34, 0xFF,
    0x00, 0x00, 0x34, 0xFF, 0x00, 0x00, 0x34, 0xFF, 0x00, 0x00, 0x34, 0xFF, 0x00, 0x00, 0x34, 0xFF,
    0x00, 0x00, 0x34, 0xFF, 0x00, 0x00, 0x34, 0xFF, 0x00, 0x00, 0x34, 0xFF, 0x00, 0x00, 0x34, 0xFF,
    0x00, 0x00, 0x34, 0xFF, 0x00, 0x00, 0x34, 0xFF, 0x00, 0x00, 0x34, 0xFF, 0x00, 0x00, 0x34, 0xFF,
    0x01, 0x01, 0x34, 0xFF, 0x00, 0x00, 0x33, 0xFF, 0x00, 0x00, 0x1F, 0xFF, 0x00, 0x00, 0x20, 0xFF,
    0xA7, 0xA7, 0xAB, 0xFF, 0xEE, 0xEE, 0xEE, 0xFF, 0xEE, 0xEE, 0xEE, 0xFF, 0xEE, 0xEE, 0xEE, 0xFF,
    0xEE, 0xEE, 0xEE, 0xFF, 0xED, 0xED, 0xED, 0xFF, 0xF0, 0xF0, 0xF0, 0xFF, 0xD1, 0xD1, 0xD3, 0xFF,
    0x00, 0x00, 0x2B, 0xFF, 0x00, 0x00, 0x32, 0xFF, 0x00, 0x00, 0x34, 0xFF, 0x00, 0x00, 0x34, 0xFF,
    0x00, 0x00, 0x34, 0xFF, 0x00, 0x00, 0x34, 0xFF, 0x00, 0x00, 0x34, 0xFF, 0x00, 0x00, 0x34, 0xFF,
    0x00, 0x00, 0x34, 0xFF, 0x00, 0x00, 0x34, 0xFF, 0x00, 0x00, 0x34, 0xFF, 0x00, 0x00, 0x34, 0xFF,
    0x00, 0x00, 0x34, 0xFF, 0x00, 0x00, 0x34, 0xFF, 0x00, 0x00, 0x34, 0xFF, 0x00, 0x00, 0x34, 0xFF,
    0x00, 0x00, 0x34, 0xFF, 0x00, 0x00, 0x34, 0xFF, 0x00, 0x00, 0x34, 0xFF, 0x00, 0x00, 0x34, 0xFF,
    0x00, 0x00, 0x34, 0xFF, 0x00, 0x00, 0x34, 0xFF, 0x00, 0x00, 0x34, 0xFF, 0x00, 0x00, 0x34, 0xFF,
    0x00, 0x00, 0x0A, 0xFF, 0x99, 0x99, 0x9E, 0xFF, 0xF1, 0xF1, 0xF1, 0xFF, 0xED, 0xED, 0xED, 0xFF,
    0xED, 0xED, 0xED, 0xFF, 0xF1, 0xF1, 0xF1, 0xFF, 0xC5, 0xC5, 0xC7, 0xFF, 0x00, 0x00, 0x17, 0xFF,
    0x00, 0x00, 0x34, 0xFF, 0x00, 0x00, 0x34, 0xFF, 0x00, 0x00, 0x34, 0xFF, 0x00, 0x00, 0x34, 0xFF,
    0x00, 0x00, 0x34, 0xFF, 0x00, 0x00, 0x34, 0xFF, 0x00, 0x00, 0x34, 0xFF, 0x00, 0x00, 0x34, 0xFF,
    0x00, 0x00, 0x34, 0xFF, 0x00, 0x00, 0x34, 0xFF, 0x00, 0x00, 0x34, 0xFF, 0x00, 0x00, 0x34, 0xFF,
    0x00, 0x00, 0x34, 0xFF, 0x00, 0x00, 0x34, 0xFF, 0x00, 0x00, 0x34, 0xFF, 0x00, 0x00, 0x34, 0xFF,
    0x00, 0x00, 0x34, 0xFF, 0x00, 0x00, 0x34, 0xFF, 0x00, 0x00, 0x34, 0xFF, 0x00, 0x00, 0x34, 0xFF,
    0x00, 0x00, 0x34, 0xFF, 0x00, 0x00, 0x30, 0xFF, 0x20, 0x20, 0x3E, 0xFF, 0xDA, 0xDA, 0xDB, 0xFF,
    0xEF, 0xEF, 0xEF, 0xFF, 0xF0, 0xF0, 0xF0, 0xFF, 0xCA, 0xCA, 0xCC, 0xFF, 0x00, 0x00, 0x1F, 0xFF,
    0x00, 0x00, 0x33, 0xFF, 0x00, 0x00, 0x34, 0xFF, 0x00, 0x00, 0x34, 0xFF, 0x00, 0x00, 0x34, 0xFF,
    0x00, 0x00, 0x34, 0xFF, 0x00, 0x00, 0x34, 0xFF, 0x00, 0x00, 0x1F, 0xFF, 0x73, 0x73, 0x7B, 0xFF,
    0xED, 0xED, 0xED, 0xFF, 0xEE, 0xEE, 0xEE, 0xFF, 0xED, 0xED, 0xED, 0xFE, 0x85, 0x85, 0x8B, 0xBB,
    0x00, 0x00, 0x00, 0xDF, 0x55, 0x55, 0x62, 0xFC, 0xDF, 0xDF, 0xDF, 0xFE, 0xF0, 0xF0, 0xF0, 0xFF,
    0xED, 0xED, 0xED, 0xFF, 0xF1, 0xF1, 0xF1, 0xFF, 0xD0, 0xD0, 0xD1, 0xFF, 0x58, 0x58, 0x65, 0xFF,
    0x00, 0x00, 0x00, 0xFF, 0x00, 0x00, 0x2F, 0xFF, 0x02, 0x02, 0x34, 0xFF, 0x00, 0x00, 0x34, 0xFF,
    0x00, 0x00, 0x34, 0xFF, 0x00, 0x00, 0x34, 0xFF, 0x00, 0x00, 0x34, 0xFF, 0x00, 0x00, 0x34, 0xFF,
    0x00, 0x00, 0x34, 0xFF, 0x00, 0x00, 0x34, 0xFF, 0x00, 0x00, 0x34, 0xFF, 0x00, 0x00, 0x34, 0xFF,
    0x00, 0x00, 0x34, 0xFF, 0x00, 0x00, 0x34, 0xFF, 0x00, 0x00, 0x34, 0xFF, 0x00, 0x00, 0x34, 0xFF,
    0x00, 0x00, 0x34, 0xFF, 0x00, 0x00, 0x34, 0xFF, 0x00, 0x00, 0x34, 0xFF, 0x01, 0x01, 0x34, 0xFF,
    0x00, 0x00, 0x2A, 0xFF, 0x00, 0x00, 0x00, 0xFF, 0x4E, 0x4E, 0x5D, 0xFF, 0xC2, 0xC2, 0xC4, 0xFF,
    0xEE, 0xEE, 0xEE, 0xFF, 0xED, 0xED, 0xED, 0xFF, 0xED, 0xED, 0xED, 0xFF, 0xED, 0xED, 0xED, 0xFF,
    0xF1, 0xF1, 0xF0, 0xFF, 0xC9, 0xC9, 0xCA, 0xFF, 0x00, 0x00, 0x1C, 0xFF, 0x00, 0x00, 0x33, 0xFF,
    0x00, 0x00, 0x34, 0xFF, 0x00, 0x00, 0x34, 0xFF, 0x00, 0x00, 0x34, 0xFF, 0x00, 0x00, 0x34, 0xFF,
    0x00, 0x00, 0x34, 0xFF, 0x00, 0x00, 0x1E, 0xFF, 0x75, 0x75, 0x7E, 0xFF, 0xED, 0xED, 0xED, 0xFF,
    0xEE, 0xEE, 0xEE, 0xFF, 0xEB, 0xEB, 0xEB, 0xFF, 0xD3, 0xD3, 0xD4, 0x3C, 0x00, 0x00, 0x00, 0x00,
    0x00, 0x00, 0x00, 0x00, 0x00, 0x00, 0x00, 0x00, 0x00, 0x00, 0x00, 0x00, 0xD2, 0xD2, 0xD4, 0x3A,
    0xEB, 0xEB, 0xEB, 0xFF, 0xEE, 0xEE, 0xEE, 0xFF, 0xEE, 0xEE, 0xEE, 0xFF, 0x79, 0x79, 0x81, 0xFF,
    0x00, 0x00, 0x1C, 0xFF, 0x00, 0x00, 0x34, 0xFF, 0x00, 0x00, 0x34, 0xFF, 0x00, 0x00, 0x34, 0xFF,
    0x00, 0x00, 0x34, 0xFF, 0x00, 0x00, 0x34, 0xFF, 0x00, 0x00, 0x33, 0xFF, 0x00, 0x00, 0x19, 0xFF,
    0xC7, 0xC7, 0xC9, 0xFF, 0xF1, 0xF1, 0xF1, 0xFF, 0xED, 0xED, 0xED, 0xFF, 0xE5, 0xE5, 0xE6, 0xB4,
    0x00, 0x00, 0x00, 0x00, 0x00, 0x00, 0x00, 0x00, 0x00, 0x00, 0x00, 0x00, 0x00, 0x00, 0x00, 0x00,
    0x00, 0x00, 0x00, 0x00, 0x00, 0x00, 0x00, 0x00, 0xE7, 0xE7, 0xE7, 0xC6, 0xED, 0xED, 0xED, 0xFF,
    0xF1, 0xF1, 0xF1, 0xFF, 0xBC, 0xBC, 0xBE, 0xFF, 0x00, 0x00, 0x09, 0xFF, 0x00, 0x00, 0x34, 0xFF,
    0x00, 0x00, 0x34, 0xFF, 0x00, 0x00, 0x34, 0xFF, 0x00, 0x00, 0x34, 0xFF, 0x00, 0x00, 0x34, 0xFF,
    0x00, 0x00, 0x34, 0xFF, 0x00, 0x00, 0x14, 0xFF, 0x89, 0x89, 0x8F, 0xFF, 0xF0, 0xF0, 0xF0, 0xFF,
    0xED, 0xED, 0xED, 0xFF, 0xEA, 0xEA, 0xEB, 0xF7, 0xCF, 0xCF, 0xD1, 0x26, 0x00, 0x00, 0x00, 0x00,
    0x00, 0x00, 0x00, 0x00, 0x00, 0x00, 0x00, 0x00, 0x00, 0x00, 0x00, 0x00, 0x00, 0x00, 0x00, 0x00,
    0x00, 0x00, 0x00, 0x00, 0x00, 0x00, 0x00, 0x00, 0x00, 0x00, 0x00, 0x00, 0x00, 0x00, 0x00, 0x00,
    0xE5, 0xE5, 0xE5, 0xE9, 0xEE, 0xEE, 0xEE, 0xFF, 0xF1, 0xF1, 0xF1, 0xFF, 0xA9, 0xA9, 0xAC, 0xFF,
    0x00, 0x00, 0x02, 0xFF, 0x00, 0x00, 0x34, 0xFF, 0x00, 0x00, 0x34, 0xFF, 0x00, 0x00, 0x34, 0xFF,
    0x00, 0x00, 0x34, 0xFF, 0x00, 0x00, 0x34, 0xFF, 0x00, 0x00, 0x34, 0xFF, 0x00, 0x00, 0x34, 0xFF,
    0x00, 0x00, 0x34, 0xFF, 0x00, 0x00, 0x34, 0xFF, 0x00, 0x00, 0x34, 0xFF, 0x00, 0x00, 0x34, 0xFF,
    0x00, 0x00, 0x34, 0xFF, 0x00, 0x00, 0x18, 0xFF, 0x81, 0x81, 0x88, 0xFF, 0xEF, 0xEF, 0xEF, 0xFF,
    0xED, 0xED, 0xED, 0xFF, 0xED, 0xED, 0xED, 0xFF, 0xED, 0xED, 0xED, 0xFF, 0xED, 0xED, 0xED, 0xFF,
    0xED, 0xED, 0xED, 0xFF, 0xED, 0xED, 0xED, 0xFF, 0xED, 0xED, 0xED, 0xFF, 0xED, 0xED, 0xED, 0xFF,
    0xF1, 0xF1, 0xF1, 0xFF, 0xB1, 0xB1, 0xB4, 0xFF, 0x00, 0x00, 0x01, 0xFF, 0x01, 0x01, 0x34, 0xFF,
    0x00, 0x00, 0x34, 0xFF, 0x00, 0x00, 0x34, 0xFF, 0x00, 0x00, 0x34, 0xFF, 0x00, 0x00, 0x34, 0xFF,
    0x00, 0x00, 0x34, 0xFF, 0x00, 0x00, 0x34, 0xFF, 0x00, 0x00, 0x0F, 0xFF, 0xBF, 0xBF, 0xC2, 0xFF,
    0xF1, 0xF1, 0xF1, 0xFF, 0xED, 0xED, 0xED, 0xFF, 0xED, 0xED, 0xED, 0xFF, 0xED, 0xED, 0xED, 0xFF,
    0xED, 0xED, 0xED, 0xFF, 0xED, 0xED, 0xED, 0xFF, 0xED, 0xED, 0xED, 0xFF, 0xED, 0xED, 0xED, 0xFF,
    0xEE, 0xEE, 0xEE, 0xFF, 0xEC, 0xEC, 0xEC, 0xFF, 0x6D, 0x6D, 0x76, 0xFF, 0x00, 0x00, 0x21, 0xFF,
    0x00, 0x00, 0x34, 0xFF, 0x00, 0x00, 0x34, 0xFF, 0x00, 0x00, 0x34, 0xFF, 0x00, 0x00, 0x34, 0xFF,
    0x00, 0x00, 0x34, 0xFF, 0x00, 0x00, 0x34, 0xFF, 0x00, 0x00, 0x34, 0xFF, 0x00, 0x00, 0x34, 0xFF,
    0x00, 0x00, 0x34, 0xFF, 0x00, 0x00, 0x34, 0xFF, 0x00, 0x00, 0x34, 0xFF, 0x00, 0x00, 0x34, 0xFF,
    0x00, 0x00, 0x03, 0xFF, 0xB5, 0xB5, 0xB7, 0xFF, 0xF1, 0xF1, 0xF1, 0xFF, 0xF0, 0xF0, 0xEF, 0xFF,
    0xD7, 0xD7, 0xD8, 0xFF, 0x0E, 0x0E, 0x38, 0xFF, 0x00, 0x00, 0x31, 0xFF, 0x00, 0x00, 0x34, 0xFF,
    0x00, 0x00, 0x34, 0xFF, 0x00, 0x00, 0x34, 0xFF, 0x00, 0x00, 0x34, 0xFF, 0x00, 0x00, 0x34, 0xFF,
    0x00, 0x00, 0x28, 0xFF, 0x57, 0x57, 0x63, 0xFF, 0xE7, 0xE7, 0xE8, 0xFF, 0xEE, 0xEE, 0xEE, 0xFF,
    0xED, 0xED, 0xED, 0xFF, 0xED, 0xED, 0xED, 0xFF, 0xED, 0xED, 0xED, 0xFF, 0xF1, 0xF1, 0xF1, 0xFF,
    0xA0, 0xA0, 0xA5, 0xFF, 0x00, 0x00, 0x06, 0xFF, 0x00, 0x00, 0x34, 0xFF, 0x00, 0x00, 0x34, 0xFF,
    0x00, 0x00, 0x34, 0xFF, 0x00, 0x00, 0x34, 0xFF, 0x00, 0x00, 0x34, 0xFF, 0x00, 0x00, 0x34, 0xFF,
    0x00, 0x00, 0x34, 0xFF, 0x00, 0x00, 0x34, 0xFF, 0x00, 0x00, 0x34, 0xFF, 0x00, 0x00, 0x34, 0xFF,
    0x00, 0x00, 0x34, 0xFF, 0x00, 0x00, 0x34, 0xFF, 0x00, 0x00, 0x34, 0xFF, 0x00, 0x00, 0x34, 0xFF,
    0x00, 0x00, 0x34, 0xFF, 0x00, 0x00, 0x34, 0xFF, 0x00, 0x00, 0x34, 0xFF, 0x00, 0x00, 0x34, 0xFF,
    0x00, 0x00, 0x34, 0xFF, 0x00, 0x00, 0x33, 0xFF, 0x00, 0x00, 0x31, 0xFF, 0x00, 0x00, 0x28, 0xFF,
    0x00, 0x00, 0x0F, 0xFF, 0x00, 0x00, 0x13, 0xFF, 0x65, 0x65, 0x6F, 0xFF, 0xC6, 0xC6, 0xC8, 0xFF,
    0xF0, 0xF0, 0xF0, 0xFF, 0xEE, 0xEE, 0xEE, 0xFF, 0xEF, 0xEF, 0xEF, 0xFF, 0xE7, 0xE7, 0xE7, 0xFF,
    0xD9, 0xD9, 0xDA, 0xFE, 0xEE, 0xEE, 0xEE, 0xFF, 0xF0, 0xF0, 0xF0, 0xFF, 0xD1, 0xD1, 0xD3, 0xFF,
    0x00, 0x00, 0x2B, 0xFF, 0x00, 0x00, 0x32, 0xFF, 0x00, 0x00, 0x34, 0xFF, 0x00, 0x00, 0x34, 0xFF,
    0x00, 0x00, 0x34, 0xFF, 0x00, 0x00, 0x34, 0xFF, 0x00, 0x00, 0x34, 0xFF, 0x00, 0x00, 0x34, 0xFF,
    0x00, 0x00, 0x34, 0xFF, 0x00, 0x00, 0x34, 0xFF, 0x00, 0x00, 0x34, 0xFF, 0x00, 0x00, 0x34, 0xFF,
    0x00, 0x00, 0x34, 0xFF, 0x00, 0x00, 0x34, 0xFF, 0x00, 0x00, 0x34, 0xFF, 0x00, 0x00, 0x34, 0xFF,
    0x00, 0x00, 0x34, 0xFF, 0x00, 0x00, 0x34, 0xFF, 0x00, 0x00, 0x34, 0xFF, 0x00, 0x00, 0x34, 0xFF,
    0x00, 0x00, 0x34, 0xFF, 0x00, 0x00, 0x34, 0xFF, 0x00, 0x00, 0x34, 0xFF, 0x00, 0x00, 0x34, 0xFF,
    0x00, 0x00, 0x0A, 0xFF, 0x99, 0x99, 0x9E, 0xFF, 0xF1, 0xF1, 0xF1, 0xFF, 0xED, 0xED, 0xED, 0xFF,
    0xED, 0xED, 0xED, 0xFF, 0xF1, 0xF1, 0xF1, 0xFF, 0xC5, 0xC5, 0xC7, 0xFF, 0x00, 0x00, 0x17, 0xFF,
    0x00, 0x00, 0x34, 0xFF, 0x00, 0x00, 0x34, 0xFF, 0x00, 0x00, 0x34, 0xFF, 0x00, 0x00, 0x34, 0xFF,
    0x00, 0x00, 0x34, 0xFF, 0x00, 0x00, 0x34, 0xFF, 0x00, 0x00, 0x34, 0xFF, 0x00, 0x00, 0x34, 0xFF,
    0x00, 0x00, 0x34, 0xFF, 0x00, 0x00, 0x34, 0xFF, 0x00, 0x00, 0x34, 0xFF, 0x00, 0x00, 0x34, 0xFF,
    0x00, 0x00, 0x34, 0xFF, 0x00, 0x00, 0x34, 0xFF, 0x00, 0x00, 0x34, 0xFF, 0x00, 0x00, 0x34, 0xFF,
    0x00, 0x00, 0x34, 0xFF, 0x00, 0x00, 0x34, 0xFF, 0x00, 0x00, 0x34, 0xFF, 0x00, 0x00, 0x34, 0xFF,
    0x00, 0x00, 0x34, 0xFF, 0x00, 0x00, 0x30, 0xFF, 0x20, 0x20, 0x3E, 0xFF, 0xDA, 0xDA, 0xDB, 0xFF,
    0xEF, 0xEF, 0xEF, 0xFF, 0xF1, 0xF1, 0xF0, 0xFF, 0xCA, 0xCA, 0xCC, 0xFF, 0x00, 0x00, 0x1F, 0xFF,
    0x00, 0x00, 0x33, 0xFF, 0x00, 0x00, 0x34, 0xFF, 0x00, 0x00, 0x34, 0xFF, 0x00, 0x00, 0x34, 0xFF,
    0x00, 0x00, 0x34, 0xFF, 0x00, 0x00, 0x34, 0xFF, 0x00, 0x00, 0x1F, 0xFF, 0x73, 0x73, 0x7B, 0xFF,
    0xED, 0xED, 0xED, 0xFF, 0xEE, 0xEE, 0xEE, 0xFF, 0xEC, 0xEC, 0xEC, 0xFF, 0xB7, 0xB7, 0xBA, 0x59,
    0x00, 0x00, 0x00, 0x8A, 0x00, 0x00, 0x13, 0xF6, 0x6A, 0x6A, 0x74, 0xFC, 0xE2, 0xE2, 0xE2, 0xFE,
    0xF1, 0xF1, 0xF0, 0xFF, 0xED, 0xED, 0xED, 0xFF, 0xF1, 0xF1, 0xF1, 0xFF, 0xE4, 0xE4, 0xE4, 0xFF,
    0x9B, 0x9B, 0xA0, 0xFF, 0x16, 0x16, 0x3A, 0xFF, 0x00, 0x00, 0x03, 0xFF, 0x00, 0x00, 0x2B, 0xFF,
    0x00, 0x00, 0x34, 0xFF, 0x00, 0x00, 0x34, 0xFF, 0x00, 0x00, 0x34, 0xFF, 0x00, 0x00, 0x34, 0xFF,
    0x00, 0x00, 0x34, 0xFF, 0x00, 0x00, 0x34, 0xFF, 0x00, 0x00, 0x34, 0xFF, 0x00, 0x00, 0x34, 0xFF,
    0x00, 0x00, 0x34, 0xFF, 0x00, 0x00, 0x34, 0xFF, 0x00, 0x00, 0x34, 0xFF, 0x00, 0x00, 0x34, 0xFF,
    0x00, 0x00, 0x34, 0xFF, 0x00, 0x00, 0x30, 0xFF, 0x00, 0x00, 0x1D, 0xFF, 0x00, 0x00, 0x00, 0xFF,
    0x44, 0x44, 0x55, 0xFF, 0xA6, 0xA6, 0xAA, 0xFF, 0xE3, 0xE3, 0xE4, 0xFF, 0xF1, 0xF1, 0xF1, 0xFF,
    0xED, 0xED, 0xED, 0xFF, 0xEE, 0xEE, 0xEE, 0xFF, 0xEE, 0xEE, 0xEE, 0xFF, 0xED, 0xED, 0xED, 0xFF,
    0xF1, 0xF1, 0xF0, 0xFF, 0xC9, 0xC9, 0xCA, 0xFF, 0x00, 0x00, 0x1C, 0xFF, 0x00, 0x00, 0x33, 0xFF,
    0x00, 0x00, 0x34, 0xFF, 0x00, 0x00, 0x34, 0xFF, 0x00, 0x00, 0x34, 0xFF, 0x00, 0x00, 0x34, 0xFF,
    0x00, 0x00, 0x34, 0xFF, 0x00, 0x00, 0x1E, 0xFF, 0x75, 0x75, 0x7E, 0xFF, 0xED, 0xED, 0xED, 0xFF,
    0xEE, 0xEE, 0xEE, 0xFF, 0xEB, 0xEB, 0xEB, 0xFF, 0xD5, 0xD5, 0xD6, 0x3A, 0x00, 0x00, 0x00, 0x00,
    0x00, 0x00, 0x00, 0x00, 0x00, 0x00, 0x00, 0x00, 0x00, 0x00, 0x00, 0x00, 0xD3, 0xD3, 0xD5, 0x38,
    0xEB, 0xEB, 0xEB, 0xFF, 0xEE, 0xEE, 0xED, 0xFF, 0xEE, 0xEE, 0xEE, 0xFF, 0x79, 0x79, 0x81, 0xFF,
    0x00, 0x00, 0x1C, 0xFF, 0x00, 0x00, 0x34, 0xFF, 0x00, 0x00, 0x34, 0xFF, 0x00, 0x00, 0x34, 0xFF,
    0x00, 0x00, 0x34, 0xFF, 0x00, 0x00, 0x34, 0xFF, 0x00, 0x00, 0x33, 0xFF, 0x00, 0x00, 0x19, 0xFF,
    0xC7, 0xC7, 0xC9, 0xFF, 0xF1, 0xF1, 0xF1, 0xFF, 0xED, 0xED, 0xED, 0xFF, 0xE5, 0xE5, 0xE6, 0xB4,
    0x00, 0x00, 0x00, 0x00, 0x00, 0x00, 0x00, 0x00, 0x00, 0x00, 0x00, 0x00, 0x00, 0x00, 0x00, 0x00,
    0x00, 0x00, 0x00, 0x00, 0x00, 0x00, 0x00, 0x00, 0xE6, 0xE6, 0xE7, 0xC6, 0xED, 0xED, 0xED, 0xFF,
    0xF1, 0xF1, 0xF1, 0xFF, 0xBC, 0xBC, 0xBE, 0xFF, 0x00, 0x00, 0x09, 0xFF, 0x00, 0x00, 0x34, 0xFF,
    0x00, 0x00, 0x34, 0xFF, 0x00, 0x00, 0x34, 0xFF, 0x00, 0x00, 0x34, 0xFF, 0x00, 0x00, 0x34, 0xFF,
    0x00, 0x00, 0x34, 0xFF, 0x00, 0x00, 0x14, 0xFF, 0x89, 0x89, 0x8F, 0xFF, 0xF0, 0xF0, 0xF0, 0xFF,
    0xED, 0xED, 0xED, 0xFF, 0xEA, 0xEA, 0xEB, 0xF7, 0xCE, 0xCE, 0xD1, 0x26, 0x00, 0x00, 0x00, 0x00,
    0x00, 0x00, 0x00, 0x00, 0x00, 0x00, 0x00, 0x00, 0x00, 0x00, 0x00, 0x00, 0x00, 0x00, 0x00, 0x00,
    0x00, 0x00, 0x00, 0x00, 0x00, 0x00, 0x00, 0x00, 0x00, 0x00, 0x00, 0x00, 0x00, 0x00, 0x00, 0x00,
    0xE5, 0xE5, 0xE5, 0xE9, 0xEE, 0xEE, 0xEE, 0xFF, 0xF1, 0xF1, 0xF1, 0xFF, 0xA6, 0xA6, 0xAA, 0xFF,
    0x00, 0x00, 0x00, 0xFF, 0x01, 0x01, 0x34, 0xFF, 0x00, 0x00, 0x34, 0xFF, 0x00, 0x00, 0x34, 0xFF,
    0x00, 0x00, 0x34, 0xFF, 0x00, 0x00, 0x34, 0xFF, 0x00, 0x00, 0x34, 0xFF, 0x00, 0x00, 0x34, 0xFF,
    0x00, 0x00, 0x34, 0xFF, 0x00, 0x00, 0x34, 0xFF, 0x00, 0x00, 0x34, 0xFF, 0x00, 0x00, 0x34, 0xFF,
    0x00, 0x00, 0x34, 0xFF, 0x00, 0x00, 0x2E, 0xFF, 0x34, 0x34, 0x4A, 0xFF, 0xE1, 0xE1, 0xE2, 0xFF,
    0xF3, 0xF3, 0xF3, 0xFF, 0xF1, 0xF1, 0xF1, 0xFF, 0xF1, 0xF1, 0xF1, 0xFF, 0xF1, 0xF1, 0xF1, 0xFF,
    0xF1, 0xF1, 0xF1, 0xFF, 0xF1, 0xF1, 0xF1, 0xFF, 0xF1, 0xF1, 0xF1, 0xFF, 0xF2, 0xF2, 0xF2, 0xFF,
    0xEF, 0xEF, 0xEF, 0xFF, 0x70, 0x70, 0x79, 0xFF, 0x00, 0x00, 0x1F, 0xFF, 0x00, 0x00, 0x34, 0xFF,
    0x00, 0x00, 0x34, 0xFF, 0x00, 0x00, 0x34, 0xFF, 0x00, 0x00, 0x34, 0xFF, 0x00, 0x00, 0x34, 0xFF,
    0x00, 0x00, 0x34, 0xFF, 0x00, 0x00, 0x34, 0xFF, 0x00, 0x00, 0x15, 0xFF, 0x85, 0x85, 0x8C, 0xFF,
    0xF2, 0xF2, 0xF2, 0xFF, 0xF2, 0xF2, 0xF1, 0xFF, 0xF1, 0xF1, 0xF1, 0xFF, 0xF1, 0xF1, 0xF1, 0xFF,
    0xF1, 0xF1, 0xF1, 0xFF, 0xF1, 0xF1, 0xF1, 0xFF, 0xF1, 0xF1, 0xF1, 0xFF, 0xF1, 0xF1, 0xF1, 0xFF,
    0xF4, 0xF4, 0xF4, 0xFF, 0xD8, 0xD8, 0xD9, 0xFF, 0x07, 0x07, 0x36, 0xFF, 0x00, 0x00, 0x31, 0xFF,
    0x00, 0x00, 0x34, 0xFF, 0x00, 0x00, 0x34, 0xFF, 0x00, 0x00, 0x34, 0xFF, 0x00, 0x00, 0x34, 0xFF,
    0x00, 0x00, 0x34, 0xFF, 0x00, 0x00, 0x34, 0xFF, 0x00, 0x00, 0x34, 0xFF, 0x00, 0x00, 0x34, 0xFF,
    0x00, 0x00, 0x34, 0xFF, 0x00, 0x00, 0x34, 0xFF, 0x00, 0x00, 0x34, 0xFF, 0x02, 0x02, 0x34, 0xFF,
    0x00, 0x00, 0x00, 0xFF, 0xB3, 0xB3, 0xB5, 0xFF, 0xF1, 0xF1, 0xF1, 0xFF, 0xF0, 0xF0, 0xF0, 0xFF,
    0xD6, 0xD6, 0xD8, 0xFF, 0x00, 0x00, 0x12, 0xFF, 0x00, 0x00, 0x00, 0xFF, 0x00, 0x00, 0x02, 0xFF,
    0x00, 0x00, 0x02, 0xFF, 0x00, 0x00, 0x02, 0xFF, 0x00, 0x00, 0x02, 0xFF, 0x00, 0x00, 0x02, 0xFF,
    0x00, 0x00, 0x00, 0xFF, 0x47, 0x47, 0x57, 0xFF, 0xE7, 0xE7, 0xE7, 0xFF, 0xEE, 0xEE, 0xEE, 0xFF,
    0xED, 0xED, 0xED, 0xFF, 0xED, 0xED, 0xED, 0xFF, 0xED, 0xED, 0xED, 0xFF, 0xF1, 0xF1, 0xF1, 0xFF,
    0x9C, 0x9C, 0xA1, 0xFF, 0x00, 0x00, 0x00, 0xFF, 0x00, 0x00, 0x02, 0xFF, 0x00, 0x00, 0x02, 0xFF,
    0x00, 0x00, 0x02, 0xFF, 0x00, 0x00, 0x02, 0xFF, 0x00, 0x00, 0x02, 0xFF, 0x00, 0x00, 0x02, 0xFF,
    0x00, 0x00, 0x02, 0xFF, 0x00, 0x00, 0x02, 0xFF, 0x00, 0x00, 0x02, 0xFF, 0x00, 0x00, 0x02, 0xFF,
    0x00, 0x00, 0x02, 0xFF, 0x00, 0x00, 0x02, 0xFF, 0x00, 0x00, 0x02, 0xFF, 0x00, 0x00, 0x02, 0xFF,
    0x00, 0x00, 0x02, 0xFF, 0x00, 0x00, 0x02, 0xFF, 0x00, 0x00, 0x02, 0xFF, 0x00, 0x00, 0x02, 0xFF,
    0x00, 0x00, 0x06, 0xFF, 0x00, 0x00, 0x1A, 0xFF, 0x11, 0x11, 0x39, 0xFF, 0x54, 0x54, 0x61, 0xFF,
    0x8E, 0x8E, 0x93, 0xFF, 0xC4, 0xC4, 0xC6, 0xFF, 0xE9, 0xE9, 0xE9, 0xFF, 0xF1, 0xF1, 0xF1, 0xFF,
    0xED, 0xED, 0xED, 0xFF, 0xEF, 0xEF, 0xEF, 0xFF, 0xEC, 0xEC, 0xEC, 0xFF, 0x8D, 0x8D, 0x93, 0xFC,
    0xB8, 0xB8, 0xBB, 0xFD, 0xF1, 0xF1, 0xF1, 0xFF, 0xF0, 0xF0, 0xF0, 0xFF, 0xD0, 0xD0, 0xD1, 0xFF,
    0x00, 0x00, 0x00, 0xFF, 0x00, 0x00, 0x00, 0xFF, 0x00, 0x00, 0x02, 0xFF, 0x00, 0x00, 0x02, 0xFF,
    0x00, 0x00, 0x02, 0xFF, 0x00, 0x00, 0x02, 0xFF, 0x00, 0x00, 0x02, 0xFF, 0x00, 0x00, 0x02, 0xFF,
    0x00, 0x00, 0x02, 0xFF, 0x00, 0x00, 0x02, 0xFF, 0x00, 0x00, 0x02, 0xFF, 0x00, 0x00, 0x02, 0xFF,
    0x00, 0x00, 0x02, 0xFF, 0x00, 0x00, 0x02, 0xFF, 0x00, 0x00, 0x02, 0xFF, 0x00, 0x00, 0x02, 0xFF,
    0x00, 0x00, 0x02, 0xFF, 0x00, 0x00, 0x02, 0xFF, 0x00, 0x00, 0x02, 0xFF, 0x00, 0x00, 0x02, 0xFF,
    0x00, 0x00, 0x02, 0xFF, 0x00, 0x00, 0x02, 0xFF, 0x00, 0x00, 0x02, 0xFF, 0x00, 0x00, 0x02, 0xFF,
    0x00, 0x00, 0x00, 0xFF, 0x94, 0x94, 0x9A, 0xFF, 0xF1, 0xF1, 0xF1, 0xFF, 0xED, 0xED, 0xED, 0xFF,
    0xED, 0xED, 0xED, 0xFF, 0xF1, 0xF1, 0xF1, 0xFF, 0xC4, 0xC4, 0xC6, 0xFF, 0x00, 0x00, 0x00, 0xFF,
    0x00, 0x00, 0x00, 0xFF, 0x00, 0x00, 0x02, 0xFF, 0x00, 0x00, 0x02, 0xFF, 0x00, 0x00, 0x02, 0xFF,
    0x00, 0x00, 0x02, 0xFF, 0x00, 0x00, 0x02, 0xFF, 0x00, 0x00, 0x02, 0xFF, 0x00, 0x00, 0x02, 0xFF,
    0x00, 0x00, 0x02, 0xFF, 0x00, 0x00, 0x02, 0xFF, 0x00, 0x00, 0x02, 0xFF, 0x00, 0x00, 0x02, 0xFF,
    0x00, 0x00, 0x02, 0xFF, 0x00, 0x00, 0x02, 0xFF, 0x00, 0x00, 0x02, 0xFF, 0x00, 0x00, 0x02, 0xFF,
    0x00, 0x00, 0x02, 0xFF, 0x00, 0x00, 0x02, 0xFF, 0x00, 0x00, 0x02, 0xFF, 0x00, 0x00, 0x02, 0xFF,
    0x00, 0x00, 0x02, 0xFF, 0x00, 0x00, 0x00, 0xFF, 0x00, 0x00, 0x22, 0xFF, 0xD9, 0xD9, 0xDA, 0xFF,
    0xEF, 0xEF, 0xEF, 0xFF, 0xF1, 0xF1, 0xF0, 0xFF, 0xC8, 0xC8, 0xCA, 0xFF, 0x00, 0x00, 0x00, 0xFF,
    0x00, 0x00, 0x00, 0xFF, 0x00, 0x00, 0x02, 0xFF, 0x00, 0x00, 0x02, 0xFF, 0x00, 0x00, 0x02, 0xFF,
    0x00, 0x00, 0x02, 0xFF, 0x00, 0x00, 0x02, 0xFF, 0x00, 0x00, 0x00, 0xFF, 0x69, 0x69, 0x73, 0xFF,
    0xED, 0xED, 0xED, 0xFF, 0xEE, 0xEE, 0xEE, 0xFF, 0xEB, 0xEB, 0xEB, 0xFF, 0xDD, 0xDD, 0xDF, 0x39,
    0x00, 0x00, 0x00, 0x15, 0x04, 0x04, 0x35, 0xC0, 0x00, 0x00, 0x11, 0xFB, 0x65, 0x65, 0x6F, 0xFB,
    0xDB, 0xDB, 0xDC, 0xFE, 0xF2, 0xF2, 0xF1, 0xFF, 0xED, 0xED, 0xED, 0xFF, 0xEF, 0xEF, 0xEF, 0xFF,
    0xF0, 0xF0, 0xF0, 0xFF, 0xD6, 0xD6, 0xD8, 0xFF, 0x97, 0x97, 0x9C, 0xFF, 0x42, 0x42, 0x54, 0xFF,
    0x00, 0x00, 0x11, 0xFF, 0x00, 0x00, 0x09, 0xFF, 0x00, 0x00, 0x20, 0xFF, 0x00, 0x00, 0x2A, 0xFF,
    0x00, 0x00, 0x2F, 0xFF, 0x00, 0x00, 0x31, 0xFF, 0x00, 0x00, 0x31, 0xFF, 0x00, 0x00, 0x31, 0xFF,
    0x00, 0x00, 0x2E, 0xFF, 0x00, 0x00, 0x29, 0xFF, 0x00, 0x00, 0x1F, 0xFF, 0x00, 0x00, 0x0A, 0xFF,
    0x00, 0x00, 0x09, 0xFF, 0x24, 0x24, 0x40, 0xFF, 0x75, 0x75, 0x7D, 0xFF, 0xB6, 0xB6, 0xB9, 0xFF,
    0xE2, 0xE2, 0xE2, 0xFF, 0xF1, 0xF1, 0xF1, 0xFF, 0xEF, 0xEF, 0xEF, 0xFF, 0xED, 0xED, 0xED, 0xFF,
    0xF1, 0xF1, 0xF1, 0xFF, 0xE2, 0xE2, 0xE3, 0xFF, 0xDE, 0xDE, 0xDF, 0xFE, 0xEE, 0xEE, 0xEE, 0xFF,
    0xF1, 0xF1, 0xF1, 0xFF, 0xC7, 0xC7, 0xC9, 0xFF, 0x00, 0x00, 0x00, 0xFF, 0x00, 0x00, 0x00, 0xFF,
    0x00, 0x00, 0x02, 0xFF, 0x00, 0x00, 0x02, 0xFF, 0x00, 0x00, 0x02, 0xFF, 0x00, 0x00, 0x02, 0xFF,
    0x00, 0x00, 0x02, 0xFF, 0x00, 0x00, 0x00, 0xFF, 0x6C, 0x6C, 0x76, 0xFF, 0xED, 0xED, 0xED, 0xFF,
    0xEE, 0xEE, 0xEE, 0xFF, 0xEB, 0xEB, 0xEB, 0xFF, 0xD6, 0xD6, 0xD7, 0x38, 0x00, 0x00, 0x00, 0x00,
    0x00, 0x00, 0x00, 0x00, 0x00, 0x00, 0x00, 0x00, 0x00, 0x00, 0x00, 0x00, 0xD5, 0xD5, 0xD7, 0x36,
    0xEB, 0xEB, 0xEB, 0xFF, 0xEE, 0xEE, 0xEE, 0xFF, 0xEE, 0xEE, 0xEE, 0xFF, 0x71, 0x71, 0x7A, 0xFF,
    0x00, 0x00, 0x00, 0xFF, 0x00, 0x00, 0x02, 0xFF, 0x00, 0x00, 0x02, 0xFF, 0x00, 0x00, 0x02, 0xFF,
    0x00, 0x00, 0x02, 0xFF, 0x00, 0x00, 0x02, 0xFF, 0x00, 0x00, 0x00, 0xFF, 0x00, 0x00, 0x00, 0xFF,
    0xC5, 0xC5, 0xC7, 0xFF, 0xF1, 0xF1, 0xF1, 0xFF, 0xED, 0xED, 0xED, 0xFF, 0xE5, 0xE5, 0xE6, 0xB4,
    0x00, 0x00, 0x00, 0x00, 0x00, 0x00, 0x00, 0x00, 0x00, 0x00, 0x00, 0x00, 0x00, 0x00, 0x00, 0x00,
    0x00, 0x00, 0x00, 0x00, 0x00, 0x00, 0x00, 0x00, 0xE6, 0xE6, 0xE7, 0xC6, 0xED, 0xED, 0xED, 0xFF,
    0xF1, 0xF1, 0xF1, 0xFF, 0xB9, 0xB9, 0xBC, 0xFF, 0x00, 0x00, 0x00, 0xFF, 0x00, 0x00, 0x02, 0xFF,
    0x00, 0x00, 0x02, 0xFF, 0x00, 0x00, 0x02, 0xFF, 0x00, 0x00, 0x02, 0xFF, 0x00, 0x00, 0x02, 0xFF,
    0x00, 0x00, 0x02, 0xFF, 0x00, 0x00, 0x00, 0xFF, 0x83, 0x83, 0x8A, 0xFF, 0xF0, 0xF0, 0xF0, 0xFF,
    0xED, 0xED, 0xED, 0xFF, 0xEA, 0xEA, 0xEB, 0xF7, 0xCE, 0xCE, 0xD0, 0x26, 0x00, 0x00, 0x00, 0x00,
    0x00, 0x00, 0x00, 0x00, 0x00, 0x00, 0x00, 0x00, 0x00, 0x00, 0x00, 0x00, 0x00, 0x00, 0x00, 0x00,
    0x00, 0x00, 0x00, 0x00, 0x00, 0x00, 0x00, 0x00, 0x00, 0x00, 0x00, 0x00, 0x00, 0x00, 0x00, 0x00,
    0xE5, 0xE5, 0xE5, 0xE8, 0xEE, 0xEE, 0xEE, 0xFF, 0xF1, 0xF1, 0xF0, 0xFF, 0xBD, 0xBD, 0xC0, 0xFF,
    0x00, 0x00, 0x12, 0xFF, 0x00, 0x00, 0x2C, 0xFF, 0x02, 0x02, 0x35, 0xFF, 0x00, 0x00, 0x34, 0xFF,
    0x00, 0x00, 0x34, 0xFF, 0x00, 0x00, 0x34, 0xFF, 0x00, 0x00, 0x34, 0xFF, 0x00, 0x00, 0x34, 0xFF,
    0x00, 0x00, 0x34, 0xFF, 0x00, 0x00, 0x34, 0xFF, 0x00, 0x00, 0x34, 0xFF, 0x00, 0x00, 0x34, 0xFF,
    0x00, 0x00, 0x34, 0xFF, 0x00, 0x00, 0x34, 0xFF, 0x00, 0x00, 0x25, 0xFF, 0x98, 0x98, 0x9D, 0xFF,
    0xBA, 0xBA, 0xBC, 0xFF, 0xB7, 0xB7, 0xBA, 0xFF, 0xB7, 0xB7, 0xBA, 0xFF, 0xB7, 0xB7, 0xBA, 0xFF,
    0xB7, 0xB7, 0xBA, 0xFF, 0xB7, 0xB7, 0xBA, 0xFF, 0xB7, 0xB7, 0xBA, 0xFF, 0xB8, 0xB8, 0xBB, 0xFF,
    0xAA, 0xAA, 0xAE, 0xFF, 0x1A, 0x1A, 0x3C, 0xFF, 0x00, 0x00, 0x31, 0xFF, 0x00, 0x00, 0x34, 0xFF,
    0x00, 0x00, 0x34, 0xFF, 0x00, 0x00, 0x34, 0xFF, 0x00, 0x00, 0x34, 0xFF, 0x00, 0x00, 0x34, 0xFF,
    0x00, 0x00, 0x34, 0xFF, 0x00, 0x00, 0x34, 0xFF, 0x00, 0x00, 0x2F, 0xFF, 0x33, 0x33, 0x49, 0xFF,
    0xB0, 0xB0, 0xB3, 0xFF, 0xB8, 0xB8, 0xBB, 0xFF, 0xB7, 0xB7, 0xBA, 0xFF, 0xB7, 0xB7, 0xBA, 0xFF,
    0xB7, 0xB7, 0xBA, 0xFF, 0xB7, 0xB7, 0xBA, 0xFF, 0xB7, 0xB7, 0xBA, 0xFF, 0xB7, 0xB7, 0xBA, 0xFF,
    0xBA, 0xBA, 0xBD, 0xFF, 0x8E, 0x8E, 0x93, 0xFF, 0x00, 0x00, 0x20, 0xFF, 0x01, 0x01, 0x34, 0xFF,
    0x00, 0x00, 0x34, 0xFF, 0x00, 0x00, 0x34, 0xFF, 0x00, 0x00, 0x34, 0xFF, 0x00, 0x00, 0x34, 0xFF,
    0x00, 0x00, 0x34, 0xFF, 0x00, 0x00, 0x34, 0xFF, 0x00, 0x00, 0x34, 0xFF, 0x00, 0x00, 0x34, 0xFF,
    0x00, 0x00, 0x34, 0xFF, 0x00, 0x00, 0x34, 0xFF, 0x03, 0x03, 0x35, 0xFF, 0x00, 0x00, 0x29, 0xFF,
    0x00, 0x00, 0x23, 0xFF, 0xC6, 0xC6, 0xC8, 0xFF, 0xF0, 0xF0, 0xF0, 0xFF, 0xEE, 0xEE, 0xEE, 0xFF,
    0xE2, 0xE2, 0xE2, 0xFF, 0xA9, 0xA9, 0xAD, 0xFF, 0xA8, 0xA8, 0xAC, 0xFF, 0xA9, 0xA9, 0xAC, 0xFF,
    0xA9, 0xA9, 0xAC, 0xFF, 0xA9, 0xA9, 0xAC, 0xFF, 0xA9, 0xA9, 0xAC, 0xFF, 0xA9, 0xA9, 0xAC, 0xFF,
    0xA7, 0xA7, 0xAB, 0xFF, 0xB2, 0xB2, 0xB5, 0xFF, 0xEA, 0xEA, 0xEA, 0xFF, 0xEE, 0xEE, 0xED, 0xFF,
    0xEE, 0xEE, 0xED, 0xFF, 0xEE, 0xEE, 0xEE, 0xFF, 0xED, 0xED, 0xED, 0xFF, 0xEF, 0xEF, 0xEF, 0xFF,
    0xC9, 0xC9, 0xCB, 0xFF, 0xA5, 0xA5, 0xA9, 0xFF, 0xA9, 0xA9, 0xAC, 0xFF, 0xA9, 0xA9, 0xAC, 0xFF,
    0xA9, 0xA9, 0xAC, 0xFF, 0xA9, 0xA9, 0xAC, 0xFF, 0xA9, 0xA9, 0xAC, 0xFF, 0xA9, 0xA9, 0xAC, 0xFF,
    0xA9, 0xA9, 0xAC, 0xFF, 0xA9, 0xA9, 0xAC, 0xFF, 0xA9, 0xA9, 0xAC, 0xFF, 0xA9, 0xA9, 0xAC, 0xFF,
    0xA9, 0xA9, 0xAC, 0xFF, 0xA9, 0xA9, 0xAC, 0xFF, 0xA9, 0xA9, 0xAC, 0xFF, 0xA9, 0xA9, 0xAC, 0xFF,
    0xA9, 0xA9, 0xAC, 0xFF, 0xA9, 0xA9, 0xAC, 0xFF, 0xA9, 0xA9, 0xAD, 0xFF, 0xAF, 0xAF, 0xB2, 0xFF,
    0xB9, 0xB9, 0xBC, 0xFF, 0xC8, 0xC8, 0xC9, 0xFF, 0xD8, 0xD8, 0xD9, 0xFF, 0xE7, 0xE7, 0xE7, 0xFF,
    0xF0, 0xF0, 0xF0, 0xFF, 0xF1, 0xF1, 0xF1, 0xFF, 0xEE, 0xEE, 0xEE, 0xFF, 0xEE, 0xEE, 0xEE, 0xFF,
    0xF2, 0xF2, 0xF1, 0xFF, 0xE3, 0xE3, 0xE4, 0xFF, 0x8A, 0x8A, 0x90, 0xFC, 0x00, 0x00, 0x00, 0xFA,
    0xBA, 0xBA, 0xBC, 0xFE, 0xF1, 0xF1, 0xF1, 0xFF, 0xEF, 0xEF, 0xEF, 0xFF, 0xDF, 0xDF, 0xDF, 0xFF,
    0xA8, 0xA8, 0xAB, 0xFF, 0xA9, 0xA9, 0xAC, 0xFF, 0xA9, 0xA9, 0xAC, 0xFF, 0xA9, 0xA9, 0xAC, 0xFF,
    0xA9, 0xA9, 0xAC, 0xFF, 0xA9, 0xA9, 0xAC, 0xFF, 0xA9, 0xA9, 0xAC, 0xFF, 0xA9, 0xA9, 0xAC, 0xFF,
    0xA9, 0xA9, 0xAC, 0xFF, 0xA9, 0xA9, 0xAC, 0xFF, 0xA9, 0xA9, 0xAC, 0xFF, 0xA9, 0xA9, 0xAC, 0xFF,
    0xA9, 0xA9, 0xAC, 0xFF, 0xA9, 0xA9, 0xAC, 0xFF, 0xA9, 0xA9, 0xAC, 0xFF, 0xA9, 0xA9, 0xAC, 0xFF,
    0xA9, 0xA9, 0xAC, 0xFF, 0xA9, 0xA9, 0xAC, 0xFF, 0xA9, 0xA9, 0xAC, 0xFF, 0xA9, 0xA9, 0xAC, 0xFF,
    0xA9, 0xA9, 0xAC, 0xFF, 0xA9, 0xA9, 0xAC, 0xFF, 0xA9, 0xA9, 0xAC, 0xFF, 0xA9, 0xA9, 0xAC, 0xFF,
    0xA5, 0xA5, 0xA9, 0xFF, 0xC6, 0xC6, 0xC8, 0xFF, 0xEF, 0xEF, 0xEF, 0xFF, 0xED, 0xED, 0xED, 0xFF,
    0xED, 0xED, 0xED, 0xFF, 0xEF, 0xEF, 0xEF, 0xFF, 0xD9, 0xD9, 0xDA, 0xFF, 0xA6, 0xA6, 0xAA, 0xFF,
    0xA9, 0xA9, 0xAC, 0xFF, 0xA9, 0xA9, 0xAC, 0xFF, 0xA9, 0xA9, 0xAC, 0xFF, 0xA9, 0xA9, 0xAC, 0xFF,
    0xA9, 0xA9, 0xAC, 0xFF, 0xA9, 0xA9, 0xAC, 0xFF, 0xA9, 0xA9, 0xAC, 0xFF, 0xA9, 0xA9, 0xAC, 0xFF,
    0xA9, 0xA9, 0xAC, 0xFF, 0xA9, 0xA9, 0xAC, 0xFF, 0xA9, 0xA9, 0xAC, 0xFF, 0xA9, 0xA9, 0xAC, 0xFF,
    0xA9, 0xA9, 0xAC, 0xFF, 0xA9, 0xA9, 0xAC, 0xFF, 0xA9, 0xA9, 0xAC, 0xFF, 0xA9, 0xA9, 0xAC, 0xFF,
    0xA9, 0xA9, 0xAC, 0xFF, 0xA9, 0xA9, 0xAC, 0xFF, 0xA9, 0xA9, 0xAC, 0xFF, 0xA9, 0xA9, 0xAC, 0xFF,
    0xA9, 0xA9, 0xAC, 0xFF, 0xA8, 0xA8, 0xAC, 0xFF, 0xAA, 0xAA, 0xAE, 0xFF, 0xE3, 0xE3, 0xE4, 0xFF,
    0xEE, 0xEE, 0xEE, 0xFF, 0xEF, 0xEF, 0xEF, 0xFF, 0xDB, 0xDB, 0xDC, 0xFF, 0xA6, 0xA6, 0xAA, 0xFF,
    0xA9, 0xA9, 0xAC, 0xFF, 0xA9, 0xA9, 0xAC, 0xFF, 0xA9, 0xA9, 0xAC, 0xFF, 0xA9, 0xA9, 0xAC, 0xFF,
    0xA9, 0xA9, 0xAC, 0xFF, 0xA9, 0xA9, 0xAC, 0xFF, 0xA7, 0xA7, 0xAA, 0xFF, 0xB9, 0xB9, 0xBC, 0xFF,
    0xED, 0xED, 0xED, 0xFF, 0xED, 0xED, 0xED, 0xFF, 0xEC, 0xEC, 0xEC, 0xFF, 0xD5, 0xD5, 0xD7, 0x3C,
    0x00, 0x00, 0x00, 0x00, 0x00, 0x00, 0x34, 0x3F, 0x04, 0x04, 0x35, 0xD8, 0x00, 0x00, 0x19, 0xFB,
    0x45, 0x45, 0x56, 0xFB, 0xC5, 0xC5, 0xC7, 0xFD, 0xF0, 0xF0, 0xF0, 0xFF, 0xEF, 0xEF, 0xEF, 0xFF,
    0xED, 0xED, 0xED, 0xFF, 0xF0, 0xF0, 0xF0, 0xFF, 0xF0, 0xF0, 0xF0, 0xFF, 0xE2, 0xE2, 0xE3, 0xFF,
    0xC2, 0xC2, 0xC4, 0xFF, 0x98, 0x98, 0x9D, 0xFF, 0x6F, 0x6F, 0x78, 0xFF, 0x4B, 0x4B, 0x5A, 0xFF,
    0x2B, 0x2B, 0x44, 0xFF, 0x10, 0x10, 0x38, 0xFF, 0x05, 0x05, 0x35, 0xFF, 0x16, 0x16, 0x3A, 0xFF,
    0x31, 0x31, 0x48, 0xFF, 0x50, 0x50, 0x5E, 0xFF, 0x72, 0x72, 0x7B, 0xFF, 0x98, 0x98, 0x9D, 0xFF,
    0xBD, 0xBD, 0xBF, 0xFF, 0xDB, 0xDB, 0xDC, 0xFF, 0xED, 0xED, 0xED, 0xFF, 0xF1, 0xF1, 0xF1, 0xFF,
    0xEF, 0xEF, 0xEF, 0xFF, 0xED, 0xED, 0xED, 0xFF, 0xF0, 0xF0, 0xF0, 0xFF, 0xEF, 0xEF, 0xEF, 0xFF,
    0xCA, 0xCA, 0xCC, 0xFD, 0x53, 0x53, 0x61, 0xFB, 0xC0, 0xC0, 0xC3, 0xFD, 0xF1, 0xF1, 0xF1, 0xFF,
    0xEF, 0xEF, 0xEF, 0xFF, 0xDB, 0xDB, 0xDB, 0xFF, 0xA6, 0xA6, 0xAA, 0xFF, 0xA9, 0xA9, 0xAC, 0xFF,
    0xA9, 0xA9, 0xAC, 0xFF, 0xA9, 0xA9, 0xAC, 0xFF, 0xA9, 0xA9, 0xAC, 0xFF, 0xA9, 0xA9, 0xAC, 0xFF,
    0xA9, 0xA9, 0xAC, 0xFF, 0xA6, 0xA6, 0xAA, 0xFF, 0xBA, 0xBA, 0xBD, 0xFF, 0xED, 0xED, 0xED, 0xFF,
    0xED, 0xED, 0xED, 0xFF, 0xEB, 0xEB, 0xEC, 0xFF, 0xD4, 0xD4, 0xD6, 0x37, 0x00, 0x00, 0x00, 0x00,
    0x00, 0x00, 0x00, 0x00, 0x00, 0x00, 0x00, 0x00, 0x00, 0x00, 0x00, 0x00, 0xD3, 0xD3, 0xD5, 0x35,
    0xEB, 0xEB, 0xEB, 0xFF, 0xED, 0xED, 0xED, 0xFF, 0xED, 0xED, 0xED, 0xFF, 0xBB, 0xBB, 0xBE, 0xFF,
    0xA6, 0xA6, 0xAA, 0xFF, 0xA9, 0xA9, 0xAC, 0xFF, 0xA9, 0xA9, 0xAC, 0xFF, 0xA9, 0xA9, 0xAC, 0xFF,
    0xA9, 0xA9, 0xAC, 0xFF, 0xA9, 0xA9, 0xAC, 0xFF, 0xA9, 0xA9, 0xAC, 0xFF, 0xA6, 0xA6, 0xAA, 0xFF,
    0xDA, 0xDA, 0xDB, 0xFF, 0xEF, 0xEF, 0xEF, 0xFF, 0xED, 0xED, 0xED, 0xFF, 0xE5, 0xE5, 0xE6, 0xB3,
    0x00, 0x00, 0x00, 0x00, 0x00, 0x00, 0x00, 0x00, 0x00, 0x00, 0x00, 0x00, 0x00, 0x00, 0x00, 0x00,
    0x00, 0x00, 0x00, 0x00, 0x00, 0x00, 0x00, 0x00, 0xE7, 0xE7, 0xE7, 0xC5, 0xED, 0xED, 0xED, 0xFF,
    0xEF, 0xEF, 0xEF, 0xFF, 0xD5, 0xD5, 0xD6, 0xFF, 0xA5, 0xA5, 0xA9, 0xFF, 0xA9, 0xA9, 0xAC, 0xFF,
    0xA9, 0xA9, 0xAC, 0xFF, 0xA9, 0xA9, 0xAC, 0xFF, 0xA9, 0xA9, 0xAC, 0xFF, 0xA9, 0xA9, 0xAC, 0xFF,
    0xA9, 0xA9, 0xAC, 0xFF, 0xA6, 0xA6, 0xA9, 0xFF, 0xC0, 0xC0, 0xC3, 0xFF, 0xEE, 0xEE, 0xEE, 0xFF,
    0xED, 0xED, 0xED, 0xFF, 0xEB, 0xEB, 0xEB, 0xF7, 0xCC, 0xCC, 0xCF, 0x25, 0x00, 0x00, 0x00, 0x00,
    0x00, 0x00, 0x00, 0x00, 0x00, 0x00, 0x00, 0x00, 0x00, 0x00, 0x00, 0x00, 0x00, 0x00, 0x00, 0x00,
    0x00, 0x00, 0x00, 0x00, 0x00, 0x00, 0x00, 0x00, 0x00, 0x00, 0x00, 0x00, 0x00, 0x00, 0x00, 0x00,
    0xDB, 0xDB, 0xDC, 0xDA, 0xEF, 0xEF, 0xEF, 0xFF, 0xED, 0xED, 0xED, 0xFF, 0xEF, 0xEF, 0xEF, 0xFF,
    0xBA, 0xBA, 0xBD, 0xFF, 0x10, 0x10, 0x38, 0xFF, 0x00, 0x00, 0x25, 0xFF, 0x03, 0x03, 0x35, 0xFF,
    0x00, 0x00, 0x34, 0xFF, 0x00, 0x00, 0x34, 0xFF, 0x00, 0x00, 0x34, 0xFF, 0x00, 0x00, 0x34, 0xFF,
    0x00, 0x00, 0x34, 0xFF, 0x00, 0x00, 0x34, 0xFF, 0x00, 0x00, 0x34, 0xFF, 0x00, 0x00, 0x34, 0xFF,
    0x00, 0x00, 0x34, 0xFF, 0x00, 0x00, 0x34, 0xFF, 0x02, 0x02, 0x34, 0xFF, 0x00, 0x00, 0x1A, 0xFF,
    0x00, 0x00, 0x01, 0xFF, 0x00, 0x00, 0x04, 0xFF, 0x00, 0x00, 0x04, 0xFF, 0x00, 0x00, 0x04, 0xFF,
    0x00, 0x00, 0x04, 0xFF, 0x00, 0x00, 0x04, 0xFF, 0x00, 0x00, 0x04, 0xFF, 0x00, 0x00, 0x03, 0xFF,
    0x00, 0x00, 0x0F, 0xFF, 0x00, 0x00, 0x32, 0xFF, 0x01, 0x01, 0x34, 0xFF, 0x00, 0x00, 0x34, 0xFF,
    0x00, 0x00, 0x34, 0xFF, 0x00, 0x00, 0x34, 0xFF, 0x00, 0x00, 0x34, 0xFF, 0x00, 0x00, 0x34, 0xFF,
    0x00, 0x00, 0x34, 0xFF, 0x00, 0x00, 0x34, 0xFF, 0x02, 0x02, 0x34, 0xFF, 0x00, 0x00, 0x31, 0xFF,
    0x00, 0x00, 0x0A, 0xFF, 0x00, 0x00, 0x03, 0xFF, 0x00, 0x00, 0x04, 0xFF, 0x00, 0x00, 0x04, 0xFF,
    0x00, 0x00, 0x04, 0xFF, 0x00, 0x00, 0x04, 0xFF, 0x00, 0x00, 0x04, 0xFF, 0x00, 0x00, 0x04, 0xFF,
    0x00, 0x00, 0x00, 0xFF, 0x00, 0x00, 0x1F, 0xFF, 0x04, 0x04, 0x35, 0xFF, 0x00, 0x00, 0x34, 0xFF,
    0x00, 0x00, 0x34, 0xFF, 0x00, 0x00, 0x34, 0xFF, 0x00, 0x00, 0x34, 0xFF, 0x00, 0x00, 0x34, 0xFF,
    0x00, 0x00, 0x34, 0xFF, 0x00, 0x00, 0x34, 0xFF, 0x00, 0x00, 0x34, 0xFF, 0x00, 0x00, 0x34, 0xFF,
    0x00, 0x00, 0x34, 0xFF, 0x03, 0x03, 0x35, 0xFF, 0x00, 0x00, 0x22, 0xFF, 0x27, 0x27, 0x42, 0xFF,
    0xC1, 0xC1, 0xC4, 0xFF, 0xEF, 0xEF, 0xEF, 0xFF, 0xED, 0xED, 0xED, 0xFF, 0xED, 0xED, 0xED, 0xFF,
    0xEE, 0xEE, 0xEE, 0xFF, 0xF1, 0xF1, 0xF1, 0xFF, 0xF1, 0xF1, 0xF1, 0xFF, 0xF1, 0xF1, 0xF1, 0xFF,
    0xF1, 0xF1, 0xF1, 0xFF, 0xF1, 0xF1, 0xF1, 0xFF, 0xF1, 0xF1, 0xF1, 0xFF, 0xF1, 0xF1, 0xF1, 0xFF,
    0xF1, 0xF1, 0xF1, 0xFF, 0xF1, 0xF1, 0xF1, 0xFF, 0xED, 0xED, 0xED, 0xFF, 0xEE, 0xEE, 0xEE, 0xFF,
    0xEA, 0xEA, 0xEA, 0xFF, 0xE3, 0xE3, 0xE4, 0xFF, 0xEF, 0xEF, 0xEF, 0xFF, 0xED, 0xED, 0xED, 0xFF,
    0xF0, 0xF0, 0xEF, 0xFF, 0xF1, 0xF1, 0xF1, 0xFF, 0xF1, 0xF1, 0xF1, 0xFF, 0xF1, 0xF1, 0xF1, 0xFF,
    0xF1, 0xF1, 0xF1, 0xFF, 0xF1, 0xF1, 0xF1, 0xFF, 0xF1, 0xF1, 0xF1, 0xFF, 0xF1, 0xF1, 0xF1, 0xFF,
    0xF1, 0xF1, 0xF1, 0xFF, 0xF1, 0xF1, 0xF1, 0xFF, 0xF1, 0xF1, 0xF1, 0xFF, 0xF1, 0xF1, 0xF1, 0xFF,
    0xF1, 0xF1, 0xF1, 0xFF, 0xF1, 0xF1, 0xF1, 0xFF, 0xF1, 0xF1, 0xF1, 0xFF, 0xF1, 0xF1, 0xF1, 0xFF,
    0xF1, 0xF1, 0xF1, 0xFF, 0xF1, 0xF1, 0xF1, 0xFF, 0xF1, 0xF1, 0xF1, 0xFF, 0xF1, 0xF1, 0xF1, 0xFF,
    0xF1, 0xF1, 0xF1, 0xFF, 0xF1, 0xF1, 0xF1, 0xFF, 0xF0, 0xF0, 0xEF, 0xFF, 0xEE, 0xEE, 0xEE, 0xFF,
    0xEE, 0xEE, 0xEE, 0xFF, 0xEF, 0xEF, 0xEF, 0xFF, 0xF1, 0xF1, 0xF1, 0xFF, 0xEA, 0xEA, 0xEB, 0xFF,
    0xC0, 0xC0, 0xC2, 0xFD, 0x56, 0x56, 0x63, 0xFB, 0x00, 0x00, 0x0C, 0xFB, 0x00, 0x00, 0x00, 0xEF,
    0xA6, 0xA6, 0xAA, 0xEF, 0xF2, 0xF2, 0xF2, 0xFF, 0xED, 0xED, 0xED, 0xFF, 0xEE, 0xEE, 0xEE, 0xFF,
    0xF1, 0xF1, 0xF1, 0xFF, 0xF1, 0xF1, 0xF1, 0xFF, 0xF1, 0xF1, 0xF1, 0xFF, 0xF1, 0xF1, 0xF1, 0xFF,
    0xF1, 0xF1, 0xF1, 0xFF, 0xF1, 0xF1, 0xF1, 0xFF, 0xF1, 0xF1, 0xF1, 0xFF, 0xF1, 0xF1, 0xF1, 0xFF,
    0xF1, 0xF1, 0xF1, 0xFF, 0xF1, 0xF1, 0xF1, 0xFF, 0xF1, 0xF1, 0xF1, 0xFF, 0xF1, 0xF1, 0xF1, 0xFF,
    0xF1, 0xF1, 0xF1, 0xFF, 0xF1, 0xF1, 0xF1, 0xFF, 0xF1, 0xF1, 0xF1, 0xFF, 0xF1, 0xF1, 0xF1, 0xFF,
    0xF1, 0xF1, 0xF1, 0xFF, 0xF1, 0xF1, 0xF1, 0xFF, 0xF1, 0xF1, 0xF1, 0xFF, 0xF1, 0xF1, 0xF1, 0xFF,
    0xF1, 0xF1, 0xF1, 0xFF, 0xF1, 0xF1, 0xF1, 0xFF, 0xF1, 0xF1, 0xF1, 0xFF, 0xF1, 0xF1, 0xF1, 0xFF,
    0xF1, 0xF1, 0xF1, 0xFF, 0xF0, 0xF0, 0xF0, 0xFF, 0xED, 0xED, 0xED, 0xFF, 0xEE, 0xEE, 0xEE, 0xFF,
    0xEE, 0xEE, 0xEE, 0xFF, 0xED, 0xED, 0xED, 0xFF, 0xEE, 0xEE, 0xEE, 0xFF, 0xF1, 0xF1, 0xF1, 0xFF,
    0xF1, 0xF1, 0xF1, 0xFF, 0xF1, 0xF1, 0xF1, 0xFF, 0xF1, 0xF1, 0xF1, 0xFF, 0xF1, 0xF1, 0xF1, 0xFF,
    0xF1, 0xF1, 0xF1, 0xFF, 0xF1, 0xF1, 0xF1, 0xFF, 0xF1, 0xF1, 0xF1, 0xFF, 0xF1, 0xF1, 0xF1, 0xFF,
    0xF1, 0xF1, 0xF1, 0xFF, 0xF1, 0xF1, 0xF1, 0xFF, 0xF1, 0xF1, 0xF1, 0xFF, 0xF1, 0xF1, 0xF1, 0xFF,
    0xF1, 0xF1, 0xF1, 0xFF, 0xF1, 0xF1, 0xF1, 0xFF, 0xF1, 0xF1, 0xF1, 0xFF, 0xF1, 0xF1, 0xF1, 0xFF,
    0xF1, 0xF1, 0xF1, 0xFF, 0xF1, 0xF1, 0xF1, 0xFF, 0xF1, 0xF1, 0xF1, 0xFF, 0xF1, 0xF1, 0xF1, 0xFF,
    0xF1, 0xF1, 0xF1, 0xFF, 0xF1, 0xF1, 0xF1, 0xFF, 0xF1, 0xF1, 0xF1, 0xFF, 0xEE, 0xEE, 0xEE, 0xFF,
    0xED, 0xED, 0xED, 0xFF, 0xED, 0xED, 0xED, 0xFF, 0xEE, 0xEE, 0xEE, 0xFF, 0xF1, 0xF1, 0xF1, 0xFF,
    0xF1, 0xF1, 0xF1, 0xFF, 0xF1, 0xF1, 0xF1, 0xFF, 0xF1, 0xF1, 0xF1, 0xFF, 0xF1, 0xF1, 0xF1, 0xFF,
    0xF1, 0xF1, 0xF1, 0xFF, 0xF1, 0xF1, 0xF1, 0xFF, 0xF1, 0xF1, 0xF1, 0xFF, 0xF0, 0xF0, 0xF0, 0xFF,
    0xED, 0xED, 0xED, 0xFF, 0xEE, 0xEE, 0xEE, 0xFF, 0xE8, 0xE8, 0xE8, 0xF9, 0xA5, 0xA5, 0xA9, 0x31,
    0x00, 0x00, 0x00, 0x00, 0x00, 0x00, 0x00, 0x00, 0x00, 0x00, 0x34, 0x54, 0x04, 0x04, 0x35, 0xDE,
    0x00, 0x00, 0x27, 0xFC, 0x00, 0x00, 0x26, 0xFB, 0x95, 0x95, 0x9A, 0xFC, 0xDE, 0xDE, 0xDF, 0xFE,
    0xF1, 0xF1, 0xF1, 0xFF, 0xF0, 0xF0, 0xEF, 0xFF, 0xED, 0xED, 0xED, 0xFF, 0xEF, 0xEF, 0xEF, 0xFF,
    0xF1, 0xF1, 0xF1, 0xFF, 0xF1, 0xF1, 0xF1, 0xFF, 0xEC, 0xEC, 0xEC, 0xFF, 0xE5, 0xE5, 0xE5, 0xFF,
    0xDD, 0xDD, 0xDE, 0xFF, 0xD8, 0xD8, 0xD9, 0xFF, 0xD6, 0xD6, 0xD7, 0xFF, 0xD9, 0xD9, 0xDA, 0xFF,
    0xDE, 0xDE, 0xDF, 0xFF, 0xE6, 0xE6, 0xE6, 0xFF, 0xED, 0xED, 0xED, 0xFF, 0xF1, 0xF1, 0xF1, 0xFF,
    0xF1, 0xF1, 0xF1, 0xFF, 0xEF, 0xEF, 0xEF, 0xFF, 0xEE, 0xEE, 0xED, 0xFF, 0xEE, 0xEE, 0xEE, 0xFF,
    0xF1, 0xF1, 0xF1, 0xFF, 0xEF, 0xEF, 0xEF, 0xFF, 0xD4, 0xD4, 0xD5, 0xFE, 0x8A, 0x8A, 0x90, 0xFC,
    0x00, 0x00, 0x28, 0xFA, 0x00, 0x00, 0x00, 0xFB, 0xAC, 0xAC, 0xB0, 0xFD, 0xF2, 0xF2, 0xF2, 0xFF,
    0xED, 0xED, 0xED, 0xFF, 0xEE, 0xEE, 0xEE, 0xFF, 0xF1, 0xF1, 0xF1, 0xFF, 0xF1, 0xF1, 0xF1, 0xFF,
    0xF1, 0xF1, 0xF1, 0xFF, 0xF1, 0xF1, 0xF1, 0xFF, 0xF1, 0xF1, 0xF1, 0xFF, 0xF1, 0xF1, 0xF1, 0xFF,
    0xF1, 0xF1, 0xF1, 0xFF, 0xF1, 0xF1, 0xF1, 0xFF, 0xF0, 0xF0, 0xF0, 0xFF, 0xED, 0xED, 0xED, 0xFF,
    0xEE, 0xEE, 0xEE, 0xFF, 0xE7, 0xE7, 0xE7, 0xF7, 0xA0, 0xA0, 0xA5, 0x2D, 0x00, 0x00, 0x00, 0x00,
    0x00, 0x00, 0x00, 0x00, 0x00, 0x00, 0x00, 0x00, 0x00, 0x00, 0x00, 0x00, 0x9D, 0x9D, 0xA2, 0x2B,
    0xE7, 0xE7, 0xE7, 0xF6, 0xEE, 0xEE, 0xEE, 0xFF, 0xED, 0xED, 0xED, 0xFF, 0xF0, 0xF0, 0xF0, 0xFF,
    0xF1, 0xF1, 0xF1, 0xFF, 0xF1, 0xF1, 0xF1, 0xFF, 0xF1, 0xF1, 0xF1, 0xFF, 0xF1, 0xF1, 0xF1, 0xFF,
    0xF1, 0xF1, 0xF1, 0xFF, 0xF1, 0xF1, 0xF1, 0xFF, 0xF1, 0xF1, 0xF1, 0xFF, 0xF1, 0xF1, 0xF1, 0xFF,
    0xEE, 0xEE, 0xEE, 0xFF, 0xED, 0xED, 0xED, 0xFF, 0xEF, 0xEF, 0xEF, 0xFF, 0xD4, 0xD4, 0xD6, 0xA2,
    0x00, 0x00, 0x00, 0x00, 0x00, 0x00, 0x00, 0x00, 0x00, 0x00, 0x00, 0x00, 0x00, 0x00, 0x00, 0x00,
    0x00, 0x00, 0x00, 0x00, 0x00, 0x00, 0x00, 0x00, 0xD9, 0xD9, 0xDA, 0xB5, 0xEF, 0xEF, 0xEF, 0xFF,
    0xED, 0xED, 0xED, 0xFF, 0xEF, 0xEF, 0xEF, 0xFF, 0xF1, 0xF1, 0xF1, 0xFF, 0xF1, 0xF1, 0xF1, 0xFF,
    0xF1, 0xF1, 0xF1, 0xFF, 0xF1, 0xF1, 0xF1, 0xFF, 0xF1, 0xF1, 0xF1, 0xFF, 0xF1, 0xF1, 0xF1, 0xFF,
    0xF1, 0xF1, 0xF1, 0xFF, 0xF1, 0xF1, 0xF1, 0xFF, 0xF0, 0xF0, 0xF0, 0xFF, 0xED, 0xED, 0xED, 0xFF,
    0xEE, 0xEE, 0xEE, 0xFF, 0xE4, 0xE4, 0xE5, 0xEC, 0x81, 0x81, 0x89, 0x1D, 0x00, 0x00, 0x00, 0x00,
    0x00, 0x00, 0x00, 0x00, 0x00, 0x00, 0x00, 0x00, 0x00, 0x00, 0x00, 0x00, 0x00, 0x00, 0x00, 0x00,
    0x00, 0x00, 0x00, 0x00, 0x00, 0x00, 0x00, 0x00, 0x00, 0x00, 0x00, 0x00, 0x00, 0x00, 0x00, 0x00,
    0x90, 0x90, 0x95, 0xBF, 0xEA, 0xEA, 0xEA, 0xFF, 0xEF, 0xEF, 0xEF, 0xFF, 0xED, 0xED, 0xED, 0xFF,
    0xF1, 0xF1, 0xF1, 0xFF, 0xCA, 0xCA, 0xCC, 0xFF, 0x3E, 0x3E, 0x51, 0xFF, 0x00, 0x00, 0x1B, 0xFF,
    0x03, 0x03, 0x35, 0xFF, 0x00, 0x00, 0x34, 0xFF, 0x00, 0x00, 0x34, 0xFF, 0x00, 0x00, 0x34, 0xFF,
    0x00, 0x00, 0x34, 0xFF, 0x00, 0x00, 0x34, 0xFF, 0x00, 0x00, 0x34, 0xFF, 0x00, 0x00, 0x34, 0xFF,
    0x00, 0x00, 0x34, 0xFF, 0x00, 0x00, 0x34, 0xFF, 0x00, 0x00, 0x34, 0xFF, 0x00, 0x00, 0x34, 0xFF,
    0x00, 0x00, 0x34, 0xFF, 0x00, 0x00, 0x34, 0xFF, 0x00, 0x00, 0x34, 0xFF, 0x00, 0x00, 0x34, 0xFF,
    0x00, 0x00, 0x34, 0xFF, 0x00, 0x00, 0x34, 0xFF, 0x00, 0x00, 0x34, 0xFF, 0x00, 0x00, 0x34, 0xFF,
    0x00, 0x00, 0x34, 0xFF, 0x00, 0x00, 0x34, 0xFF, 0x00, 0x00, 0x34, 0xFF, 0x00, 0x00, 0x34, 0xFF,
    0x00, 0x00, 0x34, 0xFF, 0x00, 0x00, 0x34, 0xFF, 0x00, 0x00, 0x34, 0xFF, 0x00, 0x00, 0x34, 0xFF,
    0x00, 0x00, 0x34, 0xFF, 0x00, 0x00, 0x34, 0xFF, 0x00, 0x00, 0x34, 0xFF, 0x00, 0x00, 0x34, 0xFF,
    0x00, 0x00, 0x34, 0xFF, 0x00, 0x00, 0x34, 0xFF, 0x00, 0x00, 0x34, 0xFF, 0x00, 0x00, 0x34, 0xFF,
    0x00, 0x00, 0x34, 0xFF, 0x00, 0x00, 0x34, 0xFF, 0x00, 0x00, 0x34, 0xFF, 0x00, 0x00, 0x34, 0xFF,
    0x00, 0x00, 0x34, 0xFF, 0x00, 0x00, 0x34, 0xFF, 0x00, 0x00, 0x34, 0xFF, 0x00, 0x00, 0x34, 0xFF,
    0x00, 0x00, 0x34, 0xFF, 0x00, 0x00, 0x34, 0xFF, 0x00, 0x00, 0x34, 0xFF, 0x00, 0x00, 0x34, 0xFF,
    0x00, 0x00, 0x34, 0xFF, 0x00, 0x00, 0x34, 0xFF, 0x00, 0x00, 0x34, 0xFF, 0x00, 0x00, 0x34, 0xFF,
    0x03, 0x03, 0x35, 0xFF, 0x00, 0x00, 0x17, 0xFF, 0x4A, 0x4A, 0x59, 0xFF, 0xCF, 0xCF, 0xD1, 0xFF,
    0xF2, 0xF2, 0xF1, 0xFF, 0xED, 0xED, 0xED, 0xFF, 0xEF, 0xEF, 0xEE, 0xFF, 0xF1, 0xF1, 0xF1, 0xFF,
    0xEF, 0xEF, 0xEF, 0xFF, 0xEF, 0xEF, 0xEF, 0xFF, 0xEF, 0xEF, 0xEF, 0xFF, 0xEF, 0xEF, 0xEF, 0xFF,
    0xEF, 0xEF, 0xEF, 0xFF, 0xEF, 0xEF, 0xEF, 0xFF, 0xEF, 0xEF, 0xEF, 0xFF, 0xEF, 0xEF, 0xEF, 0xFF,
    0xEF, 0xEF, 0xEF, 0xFF, 0xEF, 0xEF, 0xEF, 0xFF, 0xF0, 0xF0, 0xF0, 0xFF, 0xF3, 0xF3, 0xF3, 0xFF,
    0xBA, 0xBA, 0xBC, 0xFD, 0x85, 0x85, 0x8C, 0xFB, 0xED, 0xED, 0xED, 0xFF, 0xF1, 0xF1, 0xF1, 0xFF,
    0xEF, 0xEF, 0xEF, 0xFF, 0xEF, 0xEF, 0xEF, 0xFF, 0xEF, 0xEF, 0xEF, 0xFF, 0xEF, 0xEF, 0xEF, 0xFF,
    0xEF, 0xEF, 0xEF, 0xFF, 0xEF, 0xEF, 0xEF, 0xFF, 0xEF, 0xEF, 0xEF, 0xFF, 0xEF, 0xEF, 0xEF, 0xFF,
    0xEF, 0xEF, 0xEF, 0xFF, 0xEF, 0xEF, 0xEF, 0xFF, 0xEF, 0xEF, 0xEF, 0xFF, 0xEF, 0xEF, 0xEF, 0xFF,
    0xEF, 0xEF, 0xEF, 0xFF, 0xEF, 0xEF, 0xEF, 0xFF, 0xEF, 0xEF, 0xEF, 0xFF, 0xEF, 0xEF, 0xEF, 0xFF,
    0xEF, 0xEF, 0xEF, 0xFF, 0xEF, 0xEF, 0xEF, 0xFF, 0xEF, 0xEF, 0xEF, 0xFF, 0xEF, 0xEF, 0xEF, 0xFF,
    0xF0, 0xF0, 0xF0, 0xFF, 0xF0, 0xF0, 0xF0, 0xFF, 0xF1, 0xF1, 0xF1, 0xFF, 0xF1, 0xF1, 0xF1, 0xFF,
    0xEC, 0xEC, 0xED, 0xFF, 0xDD, 0xDD, 0xDE, 0xFE, 0xB6, 0xB6, 0xB9, 0xFD, 0x6B, 0x6B, 0x74, 0xFB,
    0x00, 0x00, 0x15, 0xFA, 0x00, 0x00, 0x26, 0xFC, 0x03, 0x03, 0x35, 0xEC, 0x00, 0x00, 0x24, 0x93,
    0x51, 0x51, 0x5F, 0xAB, 0xDA, 0xDA, 0xDB, 0xFE, 0xF2, 0xF2, 0xF2, 0xFF, 0xEF, 0xEF, 0xEF, 0xFF,
    0xEF, 0xEF, 0xEF, 0xFF, 0xEF, 0xEF, 0xEF, 0xFF, 0xEF, 0xEF, 0xEF, 0xFF, 0xEF, 0xEF, 0xEF, 0xFF,
    0xEF, 0xEF, 0xEF, 0xFF, 0xEF, 0xEF, 0xEF, 0xFF, 0xEF, 0xEF, 0xEF, 0xFF, 0xEF, 0xEF, 0xEF, 0xFF,
    0xEF, 0xEF, 0xEF, 0xFF, 0xEF, 0xEF, 0xEF, 0xFF, 0xEF, 0xEF, 0xEF, 0xFF, 0xEF, 0xEF, 0xEF, 0xFF,
    0xEF, 0xEF, 0xEF, 0xFF, 0xEF, 0xEF, 0xEF, 0xFF, 0xEF, 0xEF, 0xEF, 0xFF, 0xEF, 0xEF, 0xEF, 0xFF,
    0xEF, 0xEF, 0xEF, 0xFF, 0xEF, 0xEF, 0xEF, 0xFF, 0xEF, 0xEF, 0xEF, 0xFF, 0xEF, 0xEF, 0xEF, 0xFF,
    0xEF, 0xEF, 0xEF, 0xFF, 0xEF, 0xEF, 0xEF, 0xFF, 0xEF, 0xEF, 0xEF, 0xFF, 0xEF, 0xEF, 0xEF, 0xFF,
    0xEF, 0xEF, 0xEF, 0xFF, 0xEF, 0xEF, 0xEF, 0xFF, 0xF1, 0xF1, 0xF1, 0xFF, 0xEB, 0xEB, 0xEB, 0xFF,
    0xE6, 0xE6, 0xE6, 0xFF, 0xF1, 0xF1, 0xF1, 0xFF, 0xEF, 0xEF, 0xEF, 0xFF, 0xEF, 0xEF, 0xEF, 0xFF,
    0xEF, 0xEF, 0xEF, 0xFF, 0xEF, 0xEF, 0xEF, 0xFF, 0xEF, 0xEF, 0xEF, 0xFF, 0xEF, 0xEF, 0xEF, 0xFF,
    0xEF, 0xEF, 0xEF, 0xFF, 0xEF, 0xEF, 0xEF, 0xFF, 0xEF, 0xEF, 0xEF, 0xFF, 0xEF, 0xEF, 0xEF, 0xFF,
    0xEF, 0xEF, 0xEF, 0xFF, 0xEF, 0xEF, 0xEF, 0xFF, 0xEF, 0xEF, 0xEF, 0xFF, 0xEF, 0xEF, 0xEF, 0xFF,
    0xEF, 0xEF, 0xEF, 0xFF, 0xEF, 0xEF, 0xEF, 0xFF, 0xEF, 0xEF, 0xEF, 0xFF, 0xEF, 0xEF, 0xEF, 0xFF,
    0xEF, 0xEF, 0xEF, 0xFF, 0xEF, 0xEF, 0xEF, 0xFF, 0xEF, 0xEF, 0xEF, 0xFF, 0xEF, 0xEF, 0xEF, 0xFF,
    0xEF, 0xEF, 0xEF, 0xFF, 0xEF, 0xEF, 0xEF, 0xFF, 0xEF, 0xEF, 0xEF, 0xFF, 0xEF, 0xEF, 0xEF, 0xFF,
    0xF1, 0xF1, 0xF1, 0xFF, 0xF1, 0xF1, 0xF0, 0xFF, 0xEF, 0xEF, 0xEF, 0xFF, 0xEF, 0xEF, 0xEF, 0xFF,
    0xEF, 0xEF, 0xEF, 0xFF, 0xEF, 0xEF, 0xEF, 0xFF, 0xEF, 0xEF, 0xEF, 0xFF, 0xEF, 0xEF, 0xEF, 0xFF,
    0xEF, 0xEF, 0xEF, 0xFF, 0xEF, 0xEF, 0xEF, 0xFF, 0xEF, 0xEF, 0xEF, 0xFF, 0xEF, 0xEF, 0xEF, 0xFF,
    0xF0, 0xF0, 0xF0, 0xFF, 0xF0, 0xF0, 0xF0, 0xFF, 0xB5, 0xB5, 0xB8, 0xE3, 0x00, 0x00, 0x00, 0x27,
    0x00, 0x00, 0x00, 0x00, 0x00, 0x00, 0x00, 0x00, 0x00, 0x00, 0x00, 0x00, 0x00, 0x00, 0x34, 0x54,
    0x02, 0x02, 0x34, 0xD7, 0x00, 0x00, 0x32, 0xFB, 0x00, 0x00, 0x08, 0xFB, 0x39, 0x39, 0x4D, 0xFA,
    0xA1, 0xA1, 0xA6, 0xFC, 0xDA, 0xDA, 0xDB, 0xFE, 0xEE, 0xEE, 0xEE, 0xFF, 0xF1, 0xF1, 0xF1, 0xFF,
    0xF0, 0xF0, 0xEF, 0xFF, 0xEE, 0xEE, 0xEE, 0xFF, 0xEE, 0xEE, 0xEE, 0xFF, 0xEE, 0xEE, 0xEE, 0xFF,
    0xEF, 0xEF, 0xEF, 0xFF, 0xF0, 0xF0, 0xEF, 0xFF, 0xF0, 0xF0, 0xF0, 0xFF, 0xF0, 0xF0, 0xEF, 0xFF,
    0xEF, 0xEF, 0xEF, 0xFF, 0xEE, 0xEE, 0xEE, 0xFF, 0xEE, 0xEE, 0xEE, 0xFF, 0xEE, 0xEE, 0xEE, 0xFF,
    0xEF, 0xEF, 0xEF, 0xFF, 0xF1, 0xF1, 0xF1, 0xFF, 0xF0, 0xF0, 0xF0, 0xFF, 0xE5, 0xE5, 0xE6, 0xFF,
    0xC5, 0xC5, 0xC7, 0xFD, 0x83, 0x83, 0x8A, 0xFB, 0x00, 0x00, 0x34, 0xFA, 0x00, 0x00, 0x10, 0xFB,
    0x00, 0x00, 0x32, 0xFB, 0x00, 0x00, 0x29, 0xED, 0x53, 0x53, 0x61, 0xEC, 0xDF, 0xDF, 0xE0, 0xFE,
    0xF2, 0xF2, 0xF2, 0xFF, 0xEF, 0xEF, 0xEF, 0xFF, 0xEF, 0xEF, 0xEF, 0xFF, 0xEF, 0xEF, 0xEF, 0xFF,
    0xEF, 0xEF, 0xEF, 0xFF, 0xEF, 0xEF, 0xEF, 0xFF, 0xEF, 0xEF, 0xEF, 0xFF, 0xEF, 0xEF, 0xEF, 0xFF,
    0xEF, 0xEF, 0xEF, 0xFF, 0xEF, 0xEF, 0xEF, 0xFF, 0xEF, 0xEF, 0xEF, 0xFF, 0xF0, 0xF0, 0xF0, 0xFF,
    0xF0, 0xF0, 0xF0, 0xFF, 0xB2, 0xB2, 0xB5, 0xE1, 0x00, 0x00, 0x00, 0x24, 0x00, 0x00, 0x00, 0x00,
    0x00, 0x00, 0x00, 0x00, 0x00, 0x00, 0x00, 0x00, 0x00, 0x00, 0x00, 0x00, 0x00, 0x00, 0x00, 0x22,
    0xB1, 0xB1, 0xB4, 0xDF, 0xF0, 0xF0, 0xF0, 0xFF, 0xF0, 0xF0, 0xF0, 0xFF, 0xEF, 0xEF, 0xEF, 0xFF,
    0xEF, 0xEF, 0xEF, 0xFF, 0xEF, 0xEF, 0xEF, 0xFF, 0xEF, 0xEF, 0xEF, 0xFF, 0xEF, 0xEF, 0xEF, 0xFF,
    0xEF, 0xEF, 0xEF, 0xFF, 0xEF, 0xEF, 0xEF, 0xFF, 0xEF, 0xEF, 0xEF, 0xFF, 0xEF, 0xEF, 0xEF, 0xFF,
    0xEF, 0xEF, 0xEF, 0xFF, 0xF2, 0xF2, 0xF2, 0xFF, 0xDE, 0xDE, 0xDF, 0xFF, 0x6F, 0x6F, 0x78, 0x89,
    0x00, 0x00, 0x00, 0x00, 0x00, 0x00, 0x00, 0x00, 0x00, 0x00, 0x00, 0x00, 0x00, 0x00, 0x00, 0x00,
    0x00, 0x00, 0x00, 0x00, 0x00, 0x00, 0x00, 0x00, 0x7E, 0x7E, 0x85, 0x9B, 0xE3, 0xE3, 0xE3, 0xFF,
    0xF2, 0xF2, 0xF2, 0xFF, 0xEF, 0xEF, 0xEF, 0xFF, 0xEF, 0xEF, 0xEF, 0xFF, 0xEF, 0xEF, 0xEF, 0xFF,
    0xEF, 0xEF, 0xEF, 0xFF, 0xEF, 0xEF, 0xEF, 0xFF, 0xEF, 0xEF, 0xEF, 0xFF, 0xEF, 0xEF, 0xEF, 0xFF,
    0xEF, 0xEF, 0xEF, 0xFF, 0xEF, 0xEF, 0xEF, 0xFF, 0xEF, 0xEF, 0xEF, 0xFF, 0xF1, 0xF1, 0xF0, 0xFF,
    0xEE, 0xEE, 0xEE, 0xFF, 0xA8, 0xA8, 0xAC, 0xD3, 0x00, 0x00, 0x00, 0x17, 0x00, 0x00, 0x00, 0x00,
    0x00, 0x00, 0x00, 0x00, 0x00, 0x00, 0x00, 0x00, 0x00, 0x00, 0x00, 0x00, 0x00, 0x00, 0x00, 0x00,
    0x00, 0x00, 0x00, 0x00, 0x00, 0x00, 0x00, 0x00, 0x00, 0x00, 0x00, 0x00, 0x00, 0x00, 0x00, 0x00,
    0x00, 0x00, 0x00, 0xB5, 0x88, 0x88, 0x8E, 0xFD, 0xE6, 0xE6, 0xE7, 0xFF, 0xF0, 0xF0, 0xF0, 0xFF,
    0xED, 0xED, 0xED, 0xFF, 0xF1, 0xF1, 0xF1, 0xFF, 0xD7, 0xD7, 0xD8, 0xFF, 0x5D, 0x5D, 0x69, 0xFF,
    0x00, 0x00, 0x0C, 0xFF, 0x01, 0x01, 0x34, 0xFF, 0x00, 0x00, 0x34, 0xFF, 0x00, 0x00, 0x34, 0xFF,
    0x00, 0x00, 0x34, 0xFF, 0x00, 0x00, 0x34, 0xFF, 0x00, 0x00, 0x34, 0xFF, 0x00, 0x00, 0x34, 0xFF,
    0x00, 0x00, 0x34, 0xFF, 0x00, 0x00, 0x34, 0xFF, 0x00, 0x00, 0x34, 0xFF, 0x00, 0x00, 0x34, 0xFF,
    0x00, 0x00, 0x34, 0xFF, 0x00, 0x00, 0x34, 0xFF, 0x00, 0x00, 0x34, 0xFF, 0x00, 0x00, 0x34, 0xFF,
    0x00, 0x00, 0x34, 0xFF, 0x00, 0x00, 0x34, 0xFF, 0x00, 0x00, 0x34, 0xFF, 0x00, 0x00, 0x34, 0xFF,
    0x00, 0x00, 0x34, 0xFF, 0x00, 0x00, 0x34, 0xFF, 0x00, 0x00, 0x34, 0xFF, 0x00, 0x00, 0x34, 0xFF,
    0x00, 0x00, 0x34, 0xFF, 0x00, 0x00, 0x34, 0xFF, 0x00, 0x00, 0x34, 0xFF, 0x00, 0x00, 0x34, 0xFF,
    0x00, 0x00, 0x34, 0xFF, 0x00, 0x00, 0x34, 0xFF, 0x00, 0x00, 0x34, 0xFF, 0x00, 0x00, 0x34, 0xFF,
    0x00, 0x00, 0x34, 0xFF, 0x00, 0x00, 0x34, 0xFF, 0x00, 0x00, 0x34, 0xFF, 0x00, 0x00, 0x34, 0xFF,
    0x00, 0x00, 0x34, 0xFF, 0x00, 0x00, 0x34, 0xFF, 0x00, 0x00, 0x34, 0xFF, 0x00, 0x00, 0x34, 0xFF,
    0x00, 0x00, 0x34, 0xFF, 0x00, 0x00, 0x34, 0xFF, 0x00, 0x00, 0x34, 0xFF, 0x00, 0x00, 0x34, 0xFF,
    0x00, 0x00, 0x34, 0xFF, 0x00, 0x00, 0x34, 0xFF, 0x00, 0x00, 0x34, 0xFF, 0x00, 0x00, 0x34, 0xFF,
    0x00, 0x00, 0x34, 0xFF, 0x00, 0x00, 0x34, 0xFF, 0x00, 0x00, 0x34, 0xFF, 0x01, 0x01, 0x34, 0xFF,
    0x00, 0x00, 0x07, 0xFF, 0x66, 0x66, 0x70, 0xFF, 0xDB, 0xDB, 0xDC, 0xFF, 0xF1, 0xF1, 0xF1, 0xFF,
    0xED, 0xED, 0xED, 0xFF, 0xF0, 0xF0, 0xF0, 0xFF, 0xE0, 0xE0, 0xE1, 0xFE, 0xC0, 0xC0, 0xC2, 0xFD,
    0xD9, 0xD9, 0xDA, 0xFE, 0xDC, 0xDC, 0xDD, 0xFE, 0xDC, 0xDC, 0xDD, 0xFE, 0xDD, 0xDD, 0xDE, 0xFE,
    0xDD, 0xDD, 0xDE, 0xFE, 0xDE, 0xDE, 0xDE, 0xFE, 0xDD, 0xDD, 0xDE, 0xFE, 0xDD, 0xDD, 0xDD, 0xFE,
    0xDC, 0xDC, 0xDD, 0xFE, 0xDC, 0xDC, 0xDD, 0xFE, 0xD7, 0xD7, 0xD8, 0xFE, 0xAA, 0xAA, 0xAE, 0xFC,
    0x1F, 0x1F, 0x3E, 0xFB, 0x00, 0x00, 0x0F, 0xFB, 0x87, 0x87, 0x8D, 0xFC, 0xCF, 0xCF, 0xD0, 0xFE,
    0xDC, 0xDC, 0xDD, 0xFE, 0xDC, 0xDC, 0xDD, 0xFE, 0xDC, 0xDC, 0xDD, 0xFE, 0xDC, 0xDC, 0xDD, 0xFE,
    0xDC, 0xDC, 0xDD, 0xFE, 0xDD, 0xDD, 0xDE, 0xFE, 0xDD, 0xDD, 0xDE, 0xFE, 0xDD, 0xDD, 0xDE, 0xFE,
    0xDD, 0xDD, 0xDE, 0xFE, 0xDE, 0xDE, 0xDE, 0xFE, 0xDE, 0xDE, 0xDE, 0xFE, 0xDD, 0xDD, 0xDE, 0xFE,
    0xDD, 0xDD, 0xDE, 0xFE, 0xDD, 0xDD, 0xDE, 0xFE, 0xDC, 0xDC, 0xDD, 0xFE, 0xDC, 0xDC, 0xDD, 0xFE,
    0xDC, 0xDC, 0xDD, 0xFE, 0xDC, 0xDC, 0xDD, 0xFE, 0xDC, 0xDC, 0xDD, 0xFE, 0xDA, 0xDA, 0xDB, 0xFE,
    0xD4, 0xD4, 0xD5, 0xFE, 0xCA, 0xCA, 0xCB, 0xFD, 0xB9, 0xB9, 0xBB, 0xFD, 0x9C, 0x9C, 0xA1, 0xFC,
    0x72, 0x72, 0x7A, 0xFB, 0x2D, 0x2D, 0x45, 0xFA, 0x00, 0x00, 0x05, 0xFA, 0x00, 0x00, 0x21, 0xFB,
    0x00, 0x00, 0x33, 0xFC, 0x01, 0x01, 0x34, 0xE4, 0x00, 0x00, 0x34, 0x78, 0x00, 0x00, 0x00, 0x00,
    0x00, 0x00, 0x00, 0x76, 0x57, 0x57, 0x63, 0xF8, 0xBF, 0xBF, 0xC1, 0xFE, 0xDB, 0xDB, 0xDC, 0xFE,
    0xDC, 0xDC, 0xDD, 0xFE, 0xDC, 0xDC, 0xDD, 0xFE, 0xDC, 0xDC, 0xDD, 0xFE, 0xDC, 0xDC, 0xDD, 0xFE,
    0xDC, 0xDC, 0xDD, 0xFE, 0xDC, 0xDC, 0xDD, 0xFE, 0xDD, 0xDD, 0xDD, 0xFE, 0xDD, 0xDD, 0xDE, 0xFE,
    0xDD, 0xDD, 0xDE, 0xFE, 0xDD, 0xDD, 0xDE, 0xFE, 0xDD, 0xDD, 0xDE, 0xFE, 0xDE, 0xDE, 0xDE, 0xFE,
    0xDE, 0xDE, 0xDE, 0xFE, 0xDE, 0xDE, 0xDE, 0xFE, 0xDD, 0xDD, 0xDE, 0xFE, 0xDD, 0xDD, 0xDE, 0xFE,
    0xDD, 0xDD, 0xDE, 0xFE, 0xDD, 0xDD, 0xDE, 0xFE, 0xDD, 0xDD, 0xDE, 0xFE, 0xDC, 0xDC, 0xDD, 0xFE,
    0xDC, 0xDC, 0xDD, 0xFE, 0xDC, 0xDC, 0xDD, 0xFE, 0xDC, 0xDC, 0xDD, 0xFE, 0xDC, 0xDC, 0xDD, 0xFE,
    0xDC, 0xDC, 0xDD, 0xFE, 0xDC, 0xDC, 0xDD, 0xFE, 0xD0, 0xD0, 0xD1, 0xFE, 0x87, 0x87, 0x8D, 0xFB,
    0x63, 0x63, 0x6E, 0xFB, 0xC4, 0xC4, 0xC6, 0xFD, 0xDB, 0xDB, 0xDC, 0xFE, 0xDC, 0xDC, 0xDD, 0xFE,
    0xDC, 0xDC, 0xDD, 0xFE, 0xDC, 0xDC, 0xDD, 0xFE, 0xDC, 0xDC, 0xDD, 0xFE, 0xDC, 0xDC, 0xDD, 0xFE,
    0xDC, 0xDC, 0xDD, 0xFE, 0xDD, 0xDD, 0xDE, 0xFE, 0xDD, 0xDD, 0xDE, 0xFE, 0xDD, 0xDD, 0xDE, 0xFE,
    0xDD, 0xDD, 0xDE, 0xFE, 0xDD, 0xDD, 0xDE, 0xFE, 0xDE, 0xDE, 0xDE, 0xFE, 0xDE, 0xDE, 0xDE, 0xFE,
    0xDD, 0xDD, 0xDE, 0xFE, 0xDD, 0xDD, 0xDE, 0xFE, 0xDD, 0xDD, 0xDE, 0xFE, 0xDD, 0xDD, 0xDE, 0xFE,
    0xDD, 0xDD, 0xDE, 0xFE, 0xDC, 0xDC, 0xDD, 0xFE, 0xDC, 0xDC, 0xDD, 0xFE, 0xDC, 0xDC, 0xDD, 0xFE,
    0xDC, 0xDC, 0xDD, 0xFE, 0xDC, 0xDC, 0xDD, 0xFE, 0xDC, 0xDC, 0xDD, 0xFE, 0xD9, 0xD9, 0xDA, 0xFE,
    0xB8, 0xB8, 0xBB, 0xFD, 0xBF, 0xBF, 0xC1, 0xFD, 0xDB, 0xDB, 0xDC, 0xFE, 0xDC, 0xDC, 0xDD, 0xFE,
    0xDC, 0xDC, 0xDD, 0xFE, 0xDD, 0xDD, 0xDE, 0xFE, 0xDD, 0xDD, 0xDE, 0xFE, 0xDE, 0xDE, 0xDE, 0xFE,
    0xDD, 0xDD, 0xDE, 0xFE, 0xDD, 0xDD, 0xDD, 0xFE, 0xDC, 0xDC, 0xDD, 0xFE, 0xDC, 0xDC, 0xDD, 0xFE,
    0xD5, 0xD5, 0xD6, 0xFE, 0x9D, 0x9D, 0xA2, 0xFF, 0x00, 0x00, 0x2E, 0xDA, 0x00, 0x00, 0x17, 0x26,
    0x00, 0x00, 0x00, 0x00, 0x00, 0x00, 0x00, 0x00, 0x00, 0x00, 0x00, 0x00, 0x00, 0x00, 0x00, 0x00,
    0x00, 0x00, 0x34, 0x3E, 0x00, 0x00, 0x34, 0xBF, 0x02, 0x02, 0x34, 0xF6, 0x00, 0x00, 0x2C, 0xFC,
    0x00, 0x00, 0x03, 0xFB, 0x23, 0x23, 0x40, 0xFA, 0x80, 0x80, 0x88, 0xFB, 0xB9, 0xB9, 0xBB, 0xFD,
    0xD8, 0xD8, 0xDA, 0xFE, 0xE8, 0xE8, 0xE8, 0xFF, 0xEF, 0xEF, 0xEF, 0xFF, 0xF1, 0xF1, 0xF1, 0xFF,
    0xF1, 0xF1, 0xF1, 0xFF, 0xF1, 0xF1, 0xF1, 0xFF, 0xF1, 0xF1, 0xF1, 0xFF, 0xF1, 0xF1, 0xF1, 0xFF,
    0xF1, 0xF1, 0xF1, 0xFF, 0xF1, 0xF1, 0xF0, 0xFF, 0xEE, 0xEE, 0xEE, 0xFF, 0xE7, 0xE7, 0xE8, 0xFF,
    0xD9, 0xD9, 0xDA, 0xFE, 0xBE, 0xBE, 0xC1, 0xFD, 0x92, 0x92, 0x98, 0xFC, 0x50, 0x50, 0x5E, 0xFB,
    0x00, 0x00, 0x17, 0xFA, 0x00, 0x00, 0x16, 0xFB, 0x00, 0x00, 0x31, 0xFC, 0x01, 0x01, 0x34, 0xF6,
    0x00, 0x00, 0x34, 0xC5, 0x07, 0x07, 0x36, 0x6A, 0x00, 0x00, 0x0E, 0xAA, 0x60, 0x60, 0x6B, 0xF9,
    0xC3, 0xC3, 0xC5, 0xFE, 0xDB, 0xDB, 0xDC, 0xFE, 0xDC, 0xDC, 0xDD, 0xFE, 0xDC, 0xDC, 0xDD, 0xFE,
    0xDD, 0xDD, 0xDE, 0xFE, 0xDD, 0xDD, 0xDE, 0xFE, 0xDE, 0xDE, 0xDE, 0xFE, 0xDD, 0xDD, 0xDE, 0xFE,
    0xDD, 0xDD, 0xDD, 0xFE, 0xDC, 0xDC, 0xDD, 0xFE, 0xDC, 0xDC, 0xDD, 0xFE, 0xD4, 0xD4, 0xD6, 0xFE,
    0x9B, 0x9B, 0xA0, 0xFF, 0x00, 0x00, 0x2B, 0xD7, 0x00, 0x00, 0x19, 0x23, 0x00, 0x00, 0x00, 0x00,
    0x00, 0x00, 0x00, 0x00, 0x00, 0x00, 0x00, 0x00, 0x00, 0x00, 0x00, 0x00, 0x00, 0x00, 0x1A, 0x22,
    0x00, 0x00, 0x2A, 0xD5, 0x9B, 0x9B, 0xA0, 0xFF, 0xD4, 0xD4, 0xD5, 0xFE, 0xDC, 0xDC, 0xDD, 0xFE,
    0xDC, 0xDC, 0xDD, 0xFE, 0xDD, 0xDD, 0xDD, 0xFE, 0xDD, 0xDD, 0xDE, 0xFE, 0xDE, 0xDE, 0xDE, 0xFE,
    0xDD, 0xDD, 0xDE, 0xFE, 0xDD, 0xDD, 0xDE, 0xFE, 0xDC, 0xDC, 0xDD, 0xFE, 0xDC, 0xDC, 0xDD, 0xFE,
    0xDB, 0xDB, 0xDC, 0xFE, 0xC2, 0xC2, 0xC4, 0xFE, 0x60, 0x60, 0x6B, 0xFA, 0x00, 0x00, 0x00, 0x84,
    0x00, 0x00, 0x00, 0x00, 0x00, 0x00, 0x00, 0x00, 0x00, 0x00, 0x00, 0x00, 0x00, 0x00, 0x00, 0x00,
    0x00, 0x00, 0x00, 0x00, 0x00, 0x00, 0x00, 0x00, 0x00, 0x00, 0x00, 0x94, 0x6D, 0x6D, 0x76, 0xFC,
    0xC7, 0xC7, 0xC9, 0xFE, 0xDB, 0xDB, 0xDC, 0xFE, 0xDC, 0xDC, 0xDD, 0xFE, 0xDC, 0xDC, 0xDD, 0xFE,
    0xDD, 0xDD, 0xDE, 0xFE, 0xDD, 0xDD, 0xDE, 0xFE, 0xDE, 0xDE, 0xDE, 0xFE, 0xDD, 0xDD, 0xDE, 0xFE,
    0xDD, 0xDD, 0xDD, 0xFE, 0xDC, 0xDC, 0xDD, 0xFE, 0xDC, 0xDC, 0xDD, 0xFE, 0xD2, 0xD2, 0xD3, 0xFE,
    0x91, 0x91, 0x97, 0xFF, 0x00, 0x00, 0x1F, 0xCA, 0x00, 0x00, 0x22, 0x17, 0x00, 0x00, 0x00, 0x00,
    0x00, 0x00, 0x00, 0x00, 0x00, 0x00, 0x00, 0x00, 0x00, 0x00, 0x00, 0x00, 0x00, 0x00, 0x00, 0x00,
    0x00, 0x00, 0x00, 0x00, 0x00, 0x00, 0x00, 0x00, 0x00, 0x00, 0x00, 0x00, 0x00, 0x00, 0x00, 0x00,
    0x00, 0x00, 0x34, 0x9D, 0x00, 0x00, 0x01, 0xFC, 0x6F, 0x6F, 0x78, 0xFC, 0xDE, 0xDE, 0xDF, 0xFE,
    0xF1, 0xF1, 0xF1, 0xFF, 0xED, 0xED, 0xED, 0xFF, 0xF1, 0xF1, 0xF1, 0xFF, 0xE1, 0xE1, 0xE2, 0xFF,
    0x78, 0x78, 0x80, 0xFF, 0x00, 0x00, 0x00, 0xFF, 0x00, 0x00, 0x33, 0xFF, 0x01, 0x01, 0x34, 0xFF,
    0x00, 0x00, 0x34, 0xFF, 0x00, 0x00, 0x34, 0xFF, 0x00, 0x00, 0x34, 0xFF, 0x00, 0x00, 0x34, 0xFF,
    0x00, 0x00, 0x34, 0xFF, 0x00, 0x00, 0x34, 0xFF, 0x00, 0x00, 0x34, 0xFF, 0x00, 0x00, 0x34, 0xFF,
    0x00, 0x00, 0x34, 0xFF, 0x00, 0x00, 0x34, 0xFF, 0x00, 0x00, 0x34, 0xFF, 0x00, 0x00, 0x34, 0xFF,
    0x00, 0x00, 0x34, 0xFF, 0x00, 0x00, 0x34, 0xFF, 0x00, 0x00, 0x34, 0xFF, 0x00, 0x00, 0x34, 0xFF,
    0x00, 0x00, 0x34, 0xFF, 0x00, 0x00, 0x34, 0xFF, 0x00, 0x00, 0x34, 0xFF, 0x00, 0x00, 0x34, 0xFF,
    0x00, 0x00, 0x34, 0xFF, 0x00, 0x00, 0x34, 0xFF, 0x00, 0x00, 0x34, 0xFF, 0x00, 0x00, 0x34, 0xFF,
    0x00, 0x00, 0x34, 0xFF, 0x00, 0x00, 0x34, 0xFF, 0x00, 0x00, 0x34, 0xFF, 0x00, 0x00, 0x34, 0xFF,
    0x00, 0x00, 0x34, 0xFF, 0x00, 0x00, 0x34, 0xFF, 0x00, 0x00, 0x34, 0xFF, 0x00, 0x00, 0x34, 0xFF,
    0x00, 0x00, 0x34, 0xFF, 0x00, 0x00, 0x34, 0xFF, 0x00, 0x00, 0x34, 0xFF, 0x00, 0x00, 0x34, 0xFF,
    0x00, 0x00, 0x34, 0xFF, 0x00, 0x00, 0x34, 0xFF, 0x00, 0x00, 0x34, 0xFF, 0x00, 0x00, 0x34, 0xFF,
    0x00, 0x00, 0x34, 0xFF, 0x00, 0x00, 0x34, 0xFF, 0x00, 0x00, 0x34, 0xFF, 0x00, 0x00, 0x34, 0xFF,
    0x00, 0x00, 0x34, 0xFF, 0x01, 0x01, 0x34, 0xFF, 0x00, 0x00, 0x33, 0xFF, 0x00, 0x00, 0x00, 0xFF,
    0x7F, 0x7F, 0x86, 0xFF, 0xE4, 0xE4, 0xE4, 0xFF, 0xF0, 0xF0, 0xF0, 0xFF, 0xED, 0xED, 0xED, 0xFF,
    0xF1, 0xF1, 0xF1, 0xFF, 0xDA, 0xDA, 0xDB, 0xFE, 0x63, 0x63, 0x6E, 0xFB, 0x00, 0x00, 0x00, 0xFA,
    0x18, 0x18, 0x3B, 0xFA, 0x28, 0x28, 0x43, 0xFA, 0x28, 0x28, 0x43, 0xFA, 0x2A, 0x2A, 0x44, 0xFA,
    0x2D, 0x2D, 0x45, 0xFA, 0x2E, 0x2E, 0x46, 0xFA, 0x2C, 0x2C, 0x45, 0xFA, 0x2A, 0x2A, 0x44, 0xFA,
    0x28, 0x28, 0x43, 0xFA, 0x27, 0x27, 0x42, 0xFA, 0x03, 0x03, 0x35, 0xFA, 0x00, 0x00, 0x0F, 0xFA,
    0x00, 0x00, 0x2F, 0xF4, 0x02, 0x02, 0x34, 0xF0, 0x00, 0x00, 0x19, 0xF9, 0x00, 0x00, 0x27, 0xFA,
    0x25, 0x25, 0x41, 0xFA, 0x27, 0x27, 0x42, 0xFA, 0x27, 0x27, 0x42, 0xFA, 0x28, 0x28, 0x43, 0xFA,
    0x29, 0x29, 0x43, 0xFA, 0x2A, 0x2A, 0x44, 0xFA, 0x2B, 0x2B, 0x44, 0xFA, 0x2C, 0x2C, 0x45, 0xFA,
    0x2D, 0x2D, 0x45, 0xFA, 0x2F, 0x2F, 0x46, 0xFA, 0x2E, 0x2E, 0x46, 0xFA, 0x2D, 0x2D, 0x45, 0xFA,
    0x2B, 0x2B, 0x44, 0xFA, 0x2A, 0x2A, 0x44, 0xFA, 0x29, 0x29, 0x43, 0xFA, 0x28, 0x28, 0x43, 0xFA,
    0x27, 0x27, 0x42, 0xFA, 0x27, 0x27, 0x42, 0xFA, 0x26, 0x26, 0x42, 0xFA, 0x1B, 0x1B, 0x3C, 0xFA,
    0x00, 0x00, 0x2F, 0xFA, 0x00, 0x00, 0x1C, 0xFA, 0x00, 0x00, 0x04, 0xFA, 0x00, 0x00, 0x07, 0xFA,
    0x00, 0x00, 0x1F, 0xFB, 0x00, 0x00, 0x2F, 0xFC, 0x00, 0x00, 0x34, 0xFC, 0x00, 0x00, 0x34, 0xF1,
    0x00, 0x00, 0x34, 0xBC, 0x00, 0x00, 0x34, 0x4D, 0x00, 0x00, 0x00, 0x00, 0x00, 0x00, 0x00, 0x00,
    0x09, 0x09, 0x36, 0x60, 0x00, 0x00, 0x27, 0xF4, 0x00, 0x00, 0x17, 0xFC, 0x1B, 0x1B, 0x3C, 0xFA,
    0x27, 0x27, 0x42, 0xFA, 0x27, 0x27, 0x42, 0xFA, 0x27, 0x27, 0x42, 0xFA, 0x28, 0x28, 0x43, 0xFA,
    0x28, 0x28, 0x43, 0xFA, 0x29, 0x29, 0x43, 0xFA, 0x2A, 0x2A, 0x44, 0xFA, 0x2A, 0x2A, 0x44, 0xFA,
    0x2B, 0x2B, 0x44, 0xFA, 0x2C, 0x2C, 0x45, 0xFA, 0x2D, 0x2D, 0x45, 0xFA, 0x2E, 0x2E, 0x46, 0xFA,
    0x2F, 0x2F, 0x46, 0xFA, 0x2E, 0x2E, 0x46, 0xFA, 0x2D, 0x2D, 0x45, 0xFA, 0x2C, 0x2C, 0x45, 0xFA,
    0x2C, 0x2C, 0x45, 0xFA, 0x2B, 0x2B, 0x44, 0xFA, 0x2A, 0x2A, 0x44, 0xFA, 0x29, 0x29, 0x43, 0xFA,
    0x29, 0x29, 0x43, 0xFA, 0x28, 0x28, 0x43, 0xFA, 0x27, 0x27, 0x42, 0xFA, 0x27, 0x27, 0x42, 0xFA,
    0x27, 0x27, 0x42, 0xFA, 0x25, 0x25, 0x41, 0xFA, 0x00, 0x00, 0x29, 0xFA, 0x00, 0x00, 0x1A, 0xFB,
    0x00, 0x00, 0x24, 0xFB, 0x00, 0x00, 0x1B, 0xFA, 0x1F, 0x1F, 0x3E, 0xFA, 0x27, 0x27, 0x42, 0xFA,
    0x27, 0x27, 0x42, 0xFA, 0x27, 0x27, 0x42, 0xFA, 0x28, 0x28, 0x43, 0xFA, 0x29, 0x29, 0x43, 0xFA,
    0x29, 0x29, 0x43, 0xFA, 0x2A, 0x2A, 0x44, 0xFA, 0x2B, 0x2B, 0x44, 0xFA, 0x2C, 0x2C, 0x45, 0xFA,
    0x2D, 0x2D, 0x45, 0xFA, 0x2E, 0x2E, 0x45, 0xFA, 0x2E, 0x2E, 0x46, 0xFA, 0x2E, 0x2E, 0x46, 0xFA,
    0x2D, 0x2D, 0x45, 0xFA, 0x2C, 0x2C, 0x45, 0xFA, 0x2C, 0x2C, 0x45, 0xFA, 0x2B, 0x2B, 0x44, 0xFA,
    0x2A, 0x2A, 0x44, 0xFA, 0x29, 0x29, 0x43, 0xFA, 0x28, 0x28, 0x43, 0xFA, 0x28, 0x28, 0x43, 0xFA,
    0x27, 0x27, 0x42, 0xFA, 0x27, 0x27, 0x42, 0xFA, 0x27, 0x27, 0x42, 0xFA, 0x16, 0x16, 0x3A, 0xFA,
    0x00, 0x00, 0x0F, 0xFA, 0x00, 0x00, 0x19, 0xFA, 0x1D, 0x1D, 0x3D, 0xFA, 0x28, 0x28, 0x43, 0xFA,
    0x29, 0x29, 0x43, 0xFA, 0x2B, 0x2B, 0x44, 0xFA, 0x2D, 0x2D, 0x45, 0xFA, 0x2E, 0x2E, 0x46, 0xFA,
    0x2C, 0x2C, 0x45, 0xFA, 0x2A, 0x2A, 0x44, 0xFA, 0x28, 0x28, 0x43, 0xFA, 0x27, 0x27, 0x42, 0xFA,
    0x00, 0x00, 0x31, 0xFA, 0x00, 0x00, 0x12, 0xFD, 0x00, 0x00, 0x31, 0xCD, 0x0E, 0x0E, 0x37, 0x19,
    0x00, 0x00, 0x00, 0x00, 0x00, 0x00, 0x00, 0x00, 0x00, 0x00, 0x00, 0x00, 0x00, 0x00, 0x00, 0x00,
    0x00, 0x00, 0x00, 0x00, 0x00, 0x00, 0x34, 0x1B, 0x00, 0x00, 0x34, 0x8A, 0x00, 0x00, 0x34, 0xE0,
    0x01, 0x01, 0x34, 0xFA, 0x00, 0x00, 0x2F, 0xFC, 0x00, 0x00, 0x18, 0xFB, 0x00, 0x00, 0x05, 0xFA,
    0x16, 0x16, 0x3A, 0xFA, 0x5A, 0x5A, 0x66, 0xFB, 0x81, 0x81, 0x88, 0xFB, 0x9A, 0x9A, 0x9F, 0xFC,
    0xA9, 0xA9, 0xAD, 0xFC, 0xB2, 0xB2, 0xB5, 0xFD, 0xB4, 0xB4, 0xB7, 0xFD, 0xB0, 0xB0, 0xB4, 0xFD,
    0xA7, 0xA7, 0xAA, 0xFC, 0x97, 0x97, 0x9C, 0xFC, 0x7D, 0x7D, 0x85, 0xFB, 0x58, 0x58, 0x64, 0xFB,
    0x18, 0x18, 0x3B, 0xFA, 0x00, 0x00, 0x0B, 0xFA, 0x00, 0x00, 0x0E, 0xFB, 0x00, 0x00, 0x29, 0xFC,
    0x00, 0x00, 0x33, 0xFC, 0x01, 0x01, 0x34, 0xF6, 0x00, 0x00, 0x34, 0xD5, 0x00, 0x00, 0x34, 0x81,
    0x00, 0x00, 0x34, 0x1E, 0x00, 0x00, 0x00, 0x00, 0x08, 0x08, 0x36, 0x6D, 0x00, 0x00, 0x25, 0xF6,
    0x00, 0x00, 0x1A, 0xFB, 0x1E, 0x1E, 0x3E, 0xFA, 0x28, 0x28, 0x43, 0xFA, 0x29, 0x29, 0x43, 0xFA,
    0x2B, 0x2B, 0x44, 0xFA, 0x2D, 0x2D, 0x45, 0xFA, 0x2E, 0x2E, 0x46, 0xFA, 0x2C, 0x2C, 0x45, 0xFA,
    0x2A, 0x2A, 0x44, 0xFA, 0x28, 0x28, 0x43, 0xFA, 0x27, 0x27, 0x42, 0xFA, 0x00, 0x00, 0x30, 0xFA,
    0x00, 0x00, 0x13, 0xFD, 0x00, 0x00, 0x31, 0xCA, 0x0F, 0x0F, 0x38, 0x16, 0x00, 0x00, 0x00, 0x00,
    0x00, 0x00, 0x00, 0x00, 0x00, 0x00, 0x00, 0x00, 0x00, 0x00, 0x00, 0x00, 0x0F, 0x0F, 0x38, 0x15,
    0x00, 0x00, 0x31, 0xC8, 0x00, 0x00, 0x13, 0xFD, 0x00, 0x00, 0x30, 0xFA, 0x27, 0x27, 0x42, 0xFA,
    0x28, 0x28, 0x43, 0xFA, 0x2A, 0x2A, 0x43, 0xFA, 0x2C, 0x2C, 0x45, 0xFA, 0x2E, 0x2E, 0x46, 0xFA,
    0x2D, 0x2D, 0x45, 0xFA, 0x2B, 0x2B, 0x44, 0xFA, 0x29, 0x29, 0x43, 0xFA, 0x28, 0x28, 0x43, 0xFA,
    0x1E, 0x1E, 0x3E, 0xFA, 0x00, 0x00, 0x1A, 0xFB, 0x00, 0x00, 0x24, 0xF7, 0x08, 0x08, 0x36, 0x70,
    0x00, 0x00, 0x00, 0x00, 0x00, 0x00, 0x00, 0x00, 0x00, 0x00, 0x00, 0x00, 0x00, 0x00, 0x00, 0x00,
    0x00, 0x00, 0x00, 0x00, 0x00, 0x00, 0x00, 0x00, 0x06, 0x06, 0x35, 0x81, 0x00, 0x00, 0x21, 0xF9,
    0x00, 0x00, 0x1E, 0xFB, 0x21, 0x21, 0x3F, 0xFA, 0x28, 0x28, 0x43, 0xFA, 0x29, 0x29, 0x43, 0xFA,
    0x2B, 0x2B, 0x44, 0xFA, 0x2D, 0x2D, 0x45, 0xFA, 0x2E, 0x2E, 0x46, 0xFA, 0x2C, 0x2C, 0x45, 0xFA,
    0x29, 0x29, 0x43, 0xFA, 0x28, 0x28, 0x43, 0xFA, 0x26, 0x26, 0x42, 0xFA, 0x00, 0x00, 0x2C, 0xFA,
    0x00, 0x00, 0x16, 0xFD, 0x00, 0x00, 0x33, 0xBB, 0x12, 0x12, 0x38, 0x0C, 0x00, 0x00, 0x00, 0x00,
    0x00, 0x00, 0x00, 0x00, 0x00, 0x00, 0x00, 0x00, 0x00, 0x00, 0x00, 0x00, 0x00, 0x00, 0x00, 0x00,
    0x00, 0x00, 0x00, 0x00, 0x00, 0x00, 0x00, 0x00, 0x00, 0x00, 0x00, 0x00, 0x00, 0x00, 0x00, 0x00,
    0x01, 0x01, 0x34, 0x52, 0x03, 0x03, 0x35, 0xE9, 0x00, 0x00, 0x12, 0xFC, 0x53, 0x53, 0x60, 0xFB,
    0xD3, 0xD3, 0xD4, 0xFE, 0xF1, 0xF1, 0xF1, 0xFF, 0xED, 0xED, 0xED, 0xFF, 0xF0, 0xF0, 0xF0, 0xFF,
    0xE9, 0xE9, 0xE9, 0xFF, 0x91, 0x91, 0x96, 0xFF, 0x00, 0x00, 0x04, 0xFF, 0x00, 0x00, 0x31, 0xFF,
    0x01, 0x01, 0x34, 0xFF, 0x00, 0x00, 0x34, 0xFF, 0x00, 0x00, 0x34, 0xFF, 0x00, 0x00, 0x34, 0xFF,
    0x00, 0x00, 0x34, 0xFF, 0x00, 0x00, 0x34, 0xFF, 0x00, 0x00, 0x34, 0xFF, 0x00, 0x00, 0x34, 0xFF,
    0x00, 0x00, 0x34, 0xFF, 0x00, 0x00, 0x34, 0xFF, 0x00, 0x00, 0x34, 0xFF, 0x00, 0x00, 0x34, 0xFF,
    0x00, 0x00, 0x34, 0xFF, 0x00, 0x00, 0x34, 0xFF, 0x00, 0x00, 0x34, 0xFF, 0x00, 0x00, 0x34, 0xFF,
    0x00, 0x00, 0x34, 0xFF, 0x00, 0x00, 0x34, 0xFF, 0x00, 0x00, 0x34, 0xFF, 0x00, 0x00, 0x34, 0xFF,
    0x00, 0x00, 0x34, 0xFF, 0x00, 0x00, 0x34, 0xFF, 0x00, 0x00, 0x34, 0xFF, 0x00, 0x00, 0x34, 0xFF,
    0x00, 0x00, 0x34, 0xFF, 0x00, 0x00, 0x34, 0xFF, 0x00, 0x00, 0x34, 0xFF, 0x00, 0x00, 0x34, 0xFF,
    0x00, 0x00, 0x34, 0xFF, 0x00, 0x00, 0x34, 0xFF, 0x00, 0x00, 0x34, 0xFF, 0x00, 0x00, 0x34, 0xFF,
    0x00, 0x00, 0x34, 0xFF, 0x00, 0x00, 0x34, 0xFF, 0x00, 0x00, 0x34, 0xFF, 0x00, 0x00, 0x34, 0xFF,
    0x00, 0x00, 0x34, 0xFF, 0x00, 0x00, 0x34, 0xFF, 0x00, 0x00, 0x34, 0xFF, 0x00, 0x00, 0x34, 0xFF,
    0x00, 0x00, 0x34, 0xFF, 0x00, 0x00, 0x34, 0xFF, 0x00, 0x00, 0x34, 0xFF, 0x00, 0x00, 0x34, 0xFF,
    0x01, 0x01, 0x34, 0xFF, 0x00, 0x00, 0x30, 0xFF, 0x00, 0x00, 0x09, 0xFF, 0x95, 0x95, 0x9B, 0xFF,
    0xEA, 0xEA, 0xEA, 0xFF, 0xEF, 0xEF, 0xEF, 0xFF, 0xED, 0xED, 0xED, 0xFF, 0xF1, 0xF1, 0xF1, 0xFF,
    0xCE, 0xCE, 0xD0, 0xFE, 0x46, 0x46, 0x57, 0xFB, 0x00, 0x00, 0x18, 0xFB, 0x01, 0x01, 0x34, 0xFC,
    0x00, 0x00, 0x30, 0xFC, 0x00, 0x00, 0x2F, 0xFC, 0x00, 0x00, 0x2F, 0xFC, 0x00, 0x00, 0x2F, 0xFC,
    0x00, 0x00, 0x2F, 0xFC, 0x00, 0x00, 0x2F, 0xFC, 0x00, 0x00, 0x2F, 0xFC, 0x00, 0x00, 0x2F, 0xFC,
    0x00, 0x00, 0x2F, 0xFC, 0x00, 0x00, 0x2F, 0xFC, 0x00, 0x00, 0x31, 0xFD, 0x00, 0x00, 0x34, 0xF8,
    0x00, 0x00, 0x34, 0xB1, 0x00, 0x00, 0x34, 0x8F, 0x00, 0x00, 0x34, 0xEA, 0x00, 0x00, 0x32, 0xFD,
    0x00, 0x00, 0x30, 0xFC, 0x00, 0x00, 0x2F, 0xFC, 0x00, 0x00, 0x2F, 0xFC, 0x00, 0x00, 0x2F, 0xFC,
    0x00, 0x00, 0x2F, 0xFC, 0x00, 0x00, 0x2F, 0xFC, 0x00, 0x00, 0x2F, 0xFC, 0x00, 0x00, 0x2F, 0xFC,
    0x00, 0x00, 0x2F, 0xFC, 0x00, 0x00, 0x2F, 0xFC, 0x00, 0x00, 0x2F, 0xFC, 0x00, 0x00, 0x2F, 0xFC,
    0x00, 0x00, 0x2F, 0xFC, 0x00, 0x00, 0x2F, 0xFC, 0x00, 0x00, 0x2F, 0xFC, 0x00, 0x00, 0x2F, 0xFC,
    0x00, 0x00, 0x2F, 0xFC, 0x00, 0x00, 0x2F, 0xFC, 0x00, 0x00, 0x2F, 0xFC, 0x00, 0x00, 0x30, 0xFC,
    0x00, 0x00, 0x32, 0xFC, 0x00, 0x00, 0x33, 0xFD, 0x00, 0x00, 0x34, 0xFD, 0x00, 0x00, 0x34, 0xFB,
    0x00, 0x00, 0x34, 0xF5, 0x00, 0x00, 0x34, 0xE2, 0x00, 0x00, 0x34, 0xB4, 0x00, 0x00, 0x34, 0x62,
    0x00, 0x00, 0x34, 0x13, 0x00, 0x00, 0x00, 0x00, 0x00, 0x00, 0x00, 0x00, 0x00, 0x00, 0x00, 0x00,
    0x00, 0x00, 0x34, 0x22, 0x00, 0x00, 0x34, 0xCB, 0x00, 0x00, 0x33, 0xFD, 0x00, 0x00, 0x30, 0xFC,
    0x00, 0x00, 0x2F, 0xFC, 0x00, 0x00, 0x2F, 0xFC, 0x00, 0x00, 0x2F, 0xFC, 0x00, 0x00, 0x2F, 0xFC,
    0x00, 0x00, 0x2F, 0xFC, 0x00, 0x00, 0x2F, 0xFC, 0x00, 0x00, 0x2F, 0xFC, 0x00, 0x00, 0x2F, 0xFC,
    0x00, 0x00, 0x2F, 0xFC, 0x00, 0x00, 0x2F, 0xFC, 0x00, 0x00, 0x2F, 0xFC, 0x00, 0x00, 0x2F, 0xFC,
    0x00, 0x00, 0x2F, 0xFC, 0x00, 0x00, 0x2F, 0xFC, 0x00, 0x00, 0x2F, 0xFC, 0x00, 0x00, 0x2F, 0xFC,
    0x00, 0x00, 0x2F, 0xFC, 0x00, 0x00, 0x2F, 0xFC, 0x00, 0x00, 0x2F, 0xFC, 0x00, 0x00, 0x2F, 0xFC,
    0x00, 0x00, 0x2F, 0xFC, 0x00, 0x00, 0x2F, 0xFC, 0x00, 0x00, 0x2F, 0xFC, 0x00, 0x00, 0x2F, 0xFC,
    0x00, 0x00, 0x2F, 0xFC, 0x00, 0x00, 0x30, 0xFC, 0x00, 0x00, 0x32, 0xFC, 0x00, 0x00, 0x34, 0xF5,
    0x00, 0x00, 0x34, 0xF2, 0x00, 0x00, 0x33, 0xFB, 0x00, 0x00, 0x30, 0xFC, 0x00, 0x00, 0x2F, 0xFC,
    0x00, 0x00, 0x2F, 0xFC, 0x00, 0x00, 0x2F, 0xFC, 0x00, 0x00, 0x2F, 0xFC, 0x00, 0x00, 0x2F, 0xFC,
    0x00, 0x00, 0x2F, 0xFC, 0x00, 0x00, 0x2F, 0xFC, 0x00, 0x00, 0x2F, 0xFC, 0x00, 0x00, 0x2F, 0xFC,
    0x00, 0x00, 0x2F, 0xFC, 0x00, 0x00, 0x2F, 0xFC, 0x00, 0x00, 0x2F, 0xFC, 0x00, 0x00, 0x2F, 0xFC,
    0x00, 0x00, 0x2F, 0xFC, 0x00, 0x00, 0x2F, 0xFC, 0x00, 0x00, 0x2F, 0xFC, 0x00, 0x00, 0x2F, 0xFC,
    0x00, 0x00, 0x2F, 0xFC, 0x00, 0x00, 0x2F, 0xFC, 0x00, 0x00, 0x2F, 0xFC, 0x00, 0x00, 0x2F, 0xFC,
    0x00, 0x00, 0x2F, 0xFC, 0x00, 0x00, 0x2F, 0xFC, 0x00, 0x00, 0x2F, 0xFC, 0x00, 0x00, 0x31, 0xFC,
    0x00, 0x00, 0x34, 0xFC, 0x00, 0x00, 0x33, 0xFC, 0x00, 0x00, 0x30, 0xFC, 0x00, 0x00, 0x2F, 0xFC,
    0x00, 0x00, 0x2F, 0xFC, 0x00, 0x00, 0x2F, 0xFC, 0x00, 0x00, 0x2F, 0xFC, 0x00, 0x00, 0x2F, 0xFC,
    0x00, 0x00, 0x2F, 0xFC, 0x00, 0x00, 0x2F, 0xFC, 0x00, 0x00, 0x2F, 0xFC, 0x00, 0x00, 0x2F, 0xFC,
    0x00, 0x00, 0x32, 0xFD, 0x00, 0x00, 0x34, 0xF7, 0x00, 0x00, 0x34, 0x87, 0x00, 0x00, 0x00, 0x00,
    0x00, 0x00, 0x00, 0x00, 0x00, 0x00, 0x00, 0x00, 0x00, 0x00, 0x00, 0x00, 0x00, 0x00, 0x00, 0x00,
    0x00, 0x00, 0x00, 0x00, 0x00, 0x00, 0x00, 0x00, 0x00, 0x00, 0x00, 0x00, 0x00, 0x00, 0x34, 0x3B,
    0x00, 0x00, 0x34, 0x9B, 0x00, 0x00, 0x34, 0xDD, 0x00, 0x00, 0x34, 0xF7, 0x00, 0x00, 0x34, 0xFC,
    0x00, 0x00, 0x31, 0xFC, 0x00, 0x00, 0x27, 0xFB, 0x00, 0x00, 0x18, 0xFB, 0x00, 0x00, 0x08, 0xFA,
    0x00, 0x00, 0x00, 0xFA, 0x00, 0x00, 0x00, 0xFA, 0x00, 0x00, 0x01, 0xFA, 0x00, 0x00, 0x00, 0xFA,
    0x00, 0x00, 0x01, 0xFA, 0x00, 0x00, 0x0B, 0xFA, 0x00, 0x00, 0x1A, 0xFB, 0x00, 0x00, 0x27, 0xFB,
    0x00, 0x00, 0x30, 0xFC, 0x00, 0x00, 0x34, 0xFC, 0x00, 0x00, 0x34, 0xFA, 0x00, 0x00, 0x34, 0xEC,
    0x00, 0x00, 0x34, 0xC5, 0x00, 0x00, 0x34, 0x7B, 0x00, 0x00, 0x34, 0x28, 0x00, 0x00, 0x00, 0x00,
    0x00, 0x00, 0x00, 0x00, 0x00, 0x00, 0x00, 0x00, 0x00, 0x00, 0x34, 0x2B, 0x00, 0x00, 0x34, 0xD3,
    0x00, 0x00, 0x33, 0xFD, 0x00, 0x00, 0x30, 0xFC, 0x00, 0x00, 0x2F, 0xFC, 0x00, 0x00, 0x2F, 0xFC,
    0x00, 0x00, 0x2F, 0xFC, 0x00, 0x00, 0x2F, 0xFC, 0x00, 0x00, 0x2F, 0xFC, 0x00, 0x00, 0x2F, 0xFC,
    0x00, 0x00, 0x2F, 0xFC, 0x00, 0x00, 0x2F, 0xFC, 0x00, 0x00, 0x2F, 0xFC, 0x00, 0x00, 0x32, 0xFD,
    0x00, 0x00, 0x34, 0xF6, 0x00, 0x00, 0x34, 0x83, 0x00, 0x00, 0x00, 0x00, 0x00, 0x00, 0x00, 0x00,
    0x00, 0x00, 0x00, 0x00, 0x00, 0x00, 0x00, 0x00, 0x00, 0x00, 0x00, 0x00, 0x00, 0x00, 0x00, 0x00,
    0x00, 0x00, 0x34, 0x81, 0x00, 0x00, 0x34, 0xF6, 0x00, 0x00, 0x32, 0xFD, 0x00, 0x00, 0x2F, 0xFC,
    0x00, 0x00, 0x2F, 0xFC, 0x00, 0x00, 0x2F, 0xFC, 0x00, 0x00, 0x2F, 0xFC, 0x00, 0x00, 0x2F, 0xFC,
    0x00, 0x00, 0x2F, 0xFC, 0x00, 0x00, 0x2F, 0xFC, 0x00, 0x00, 0x2F, 0xFC, 0x00, 0x00, 0x2F, 0xFC,
    0x00, 0x00, 0x30, 0xFC, 0x00, 0x00, 0x33, 0xFD, 0x00, 0x00, 0x34, 0xD4, 0x00, 0x00, 0x34, 0x2D,
    0x00, 0x00, 0x00, 0x00, 0x00, 0x00, 0x00, 0x00, 0x00, 0x00, 0x00, 0x00, 0x00, 0x00, 0x00, 0x00,
    0x00, 0x00, 0x00, 0x00, 0x00, 0x00, 0x00, 0x00, 0x00, 0x00, 0x34, 0x3A, 0x00, 0x00, 0x34, 0xDD,
    0x00, 0x00, 0x33, 0xFD, 0x00, 0x00, 0x30, 0xFC, 0x00, 0x00, 0x2F, 0xFC, 0x00, 0x00, 0x2F, 0xFC,
    0x00, 0x00, 0x2F, 0xFC, 0x00, 0x00, 0x2F, 0xFC, 0x00, 0x00, 0x2F, 0xFC, 0x00, 0x00, 0x2F, 0xFC,
    0x00, 0x00, 0x2F, 0xFC, 0x00, 0x00, 0x2F, 0xFC, 0x00, 0x00, 0x2F, 0xFC, 0x00, 0x00, 0x32, 0xFD,
    0x00, 0x00, 0x34, 0xF2, 0x00, 0x00, 0x34, 0x71, 0x00, 0x00, 0x00, 0x00, 0x00, 0x00, 0x00, 0x00,
    0x00, 0x00, 0x00, 0x00, 0x00, 0x00, 0x00, 0x00, 0x00, 0x00, 0x00, 0x00, 0x00, 0x00, 0x00, 0x00,
    0x00, 0x00, 0x00, 0x00, 0x00, 0x00, 0x00, 0x00, 0x00, 0x00, 0x00, 0x00, 0x00, 0x00, 0x00, 0x00,
    0x00, 0x00, 0x34, 0x02, 0x00, 0x00, 0x34, 0x74, 0x04, 0x04, 0x35, 0xE7, 0x00, 0x00, 0x1F, 0xFB,
    0x31, 0x31, 0x48, 0xFB, 0xC5, 0xC5, 0xC7, 0xFD, 0xF1, 0xF1, 0xF1, 0xFF, 0xED, 0xED, 0xED, 0xFF,
    0xEF, 0xEF, 0xEF, 0xFF, 0xEE, 0xEE, 0xEE, 0xFF, 0xA6, 0xA6, 0xAA, 0xFF, 0x00, 0x00, 0x1E, 0xFF,
    0x00, 0x00, 0x2C, 0xFF, 0x02, 0x02, 0x35, 0xFF, 0x00, 0x00, 0x34, 0xFF, 0x00, 0x00, 0x34, 0xFF,
    0x00, 0x00, 0x34, 0xFF, 0x00, 0x00, 0x34, 0xFF, 0x00, 0x00, 0x34, 0xFF, 0x00, 0x00, 0x34, 0xFF,
    0x00, 0x00, 0x34, 0xFF, 0x00, 0x00, 0x34, 0xFF, 0x00, 0x00, 0x34, 0xFF, 0x00, 0x00, 0x34, 0xFF,
    0x00, 0x00, 0x34, 0xFF, 0x00, 0x00, 0x34, 0xFF, 0x00, 0x00, 0x34, 0xFF, 0x00, 0x00, 0x34, 0xFF,
    0x00, 0x00, 0x34, 0xFF, 0x00, 0x00, 0x34, 0xFF, 0x00, 0x00, 0x34, 0xFF, 0x00, 0x00, 0x34, 0xFF,
    0x00, 0x00, 0x34, 0xFF, 0x00, 0x00, 0x34, 0xFF, 0x00, 0x00, 0x34, 0xFF, 0x00, 0x00, 0x34, 0xFF,
    0x00, 0x00, 0x34, 0xFF, 0x00, 0x00, 0x34, 0xFF, 0x00, 0x00, 0x34, 0xFF, 0x00, 0x00, 0x34, 0xFF,
    0x00, 0x00, 0x34, 0xFF, 0x00, 0x00, 0x34, 0xFF, 0x00, 0x00, 0x34, 0xFF, 0x00, 0x00, 0x34, 0xFF,
    0x00, 0x00, 0x34, 0xFF, 0x00, 0x00, 0x34, 0xFF, 0x00, 0x00, 0x34, 0xFF, 0x00, 0x00, 0x34, 0xFF,
    0x00, 0x00, 0x34, 0xFF, 0x00, 0x00, 0x34, 0xFF, 0x00, 0x00, 0x34, 0xFF, 0x00, 0x00, 0x34, 0xFF,
    0x00, 0x00, 0x34, 0xFF, 0x00, 0x00, 0x34, 0xFF, 0x00, 0x00, 0x34, 0xFF, 0x02, 0x02, 0x35, 0xFF,
    0x00, 0x00, 0x2C, 0xFF, 0x00, 0x00, 0x22, 0xFF, 0xAA, 0xAA, 0xAD, 0xFF, 0xEE, 0xEE, 0xEE, 0xFF,
    0xEF, 0xEF, 0xEE, 0xFF, 0xEE, 0xEE, 0xEE, 0xFF, 0xF1, 0xF1, 0xF1, 0xFF, 0xC0, 0xC0, 0xC2, 0xFD,
    0x21, 0x21, 0x3F, 0xFB, 0x00, 0x00, 0x23, 0xFA, 0x04, 0x04, 0x35, 0xE6, 0x00, 0x00, 0x34, 0xCD,
    0x00, 0x00, 0x34, 0xDC, 0x00, 0x00, 0x34, 0xE4, 0x00, 0x00, 0x34, 0xE4, 0x00, 0x00, 0x34, 0xE4,
    0x00, 0x00, 0x34, 0xE5, 0x00, 0x00, 0x34, 0xE5, 0x00, 0x00, 0x34, 0xE5, 0x00, 0x00, 0x34, 0xE4,
    0x00, 0x00, 0x34, 0xE4, 0x00, 0x00, 0x34, 0xE4, 0x00, 0x00, 0x34, 0xDA, 0x00, 0x00, 0x34, 0x9C,
    0x00, 0x00, 0x34, 0x1F, 0x00, 0x00, 0x34, 0x02, 0x00, 0x00, 0x34, 0x71, 0x00, 0x00, 0x34, 0xCD,
    0x00, 0x00, 0x34, 0xE2, 0x00, 0x00, 0x34, 0xE4, 0x00, 0x00, 0x34, 0xE4, 0x00, 0x00, 0x34, 0xE4,
    0x00, 0x00, 0x34, 0xE4, 0x00, 0x00, 0x34, 0xE4, 0x00, 0x00, 0x34, 0xE4, 0x00, 0x00, 0x34, 0xE5,
    0x00, 0x00, 0x34, 0xE5, 0x00, 0x00, 0x34, 0xE5, 0x00, 0x00, 0x34, 0xE5, 0x00, 0x00, 0x34, 0xE5,
    0x00, 0x00, 0x34, 0xE4, 0x00, 0x00, 0x34, 0xE4, 0x00, 0x00, 0x34, 0xE4, 0x00, 0x00, 0x34, 0xE4,
    0x00, 0x00, 0x34, 0xE4, 0x00, 0x00, 0x34, 0xE4, 0x00, 0x00, 0x34, 0xE3, 0x00, 0x00, 0x34, 0xE0,
    0x00, 0x00, 0x34, 0xD9, 0x00, 0x00, 0x34, 0xCD, 0x00, 0x00, 0x34, 0xB9, 0x00, 0x00, 0x34, 0x98,
    0x00, 0x00, 0x34, 0x6B, 0x00, 0x00, 0x34, 0x37, 0x00, 0x00, 0x34, 0x0A, 0x00, 0x00, 0x00, 0x00,
    0x00, 0x00, 0x00, 0x00, 0x00, 0x00, 0x00, 0x00, 0x00, 0x00, 0x00, 0x00, 0x00, 0x00, 0x00, 0x00,
    0x00, 0x00, 0x00, 0x00, 0x00, 0x00, 0x34, 0x41, 0x00, 0x00, 0x34, 0xB8, 0x00, 0x00, 0x34, 0xDF,
    0x00, 0x00, 0x34, 0xE4, 0x00, 0x00, 0x34, 0xE4, 0x00, 0x00, 0x34, 0xE4, 0x00, 0x00, 0x34, 0xE4,
    0x00, 0x00, 0x34, 0xE4, 0x00, 0x00, 0x34, 0xE4, 0x00, 0x00, 0x34, 0xE4, 0x00, 0x00, 0x34, 0xE4,
    0x00, 0x00, 0x34, 0xE4, 0x00, 0x00, 0x34, 0xE5, 0x00, 0x00, 0x34, 0xE5, 0x00, 0x00, 0x34, 0xE5,
    0x00, 0x00, 0x34, 0xE5, 0x00, 0x00, 0x34, 0xE5, 0x00, 0x00, 0x34, 0xE5, 0x00, 0x00, 0x34, 0xE5,
    0x00, 0x00, 0x34, 0xE4, 0x00, 0x00, 0x34, 0xE4, 0x00, 0x00, 0x34, 0xE4, 0x00, 0x00, 0x34, 0xE4,
    0x00, 0x00, 0x34, 0xE4, 0x00, 0x00, 0x34, 0xE4, 0x00, 0x00, 0x34, 0xE4, 0x00, 0x00, 0x34, 0xE4,
    0x00, 0x00, 0x34, 0xE4, 0x00, 0x00, 0x34, 0xE2, 0x00, 0x00, 0x34, 0xCE, 0x00, 0x00, 0x34, 0x82,
    0x00, 0x00, 0x34, 0x6D, 0x00, 0x00, 0x34, 0xBD, 0x00, 0x00, 0x34, 0xE0, 0x00, 0x00, 0x34, 0xE4,
    0x00, 0x00, 0x34, 0xE4, 0x00, 0x00, 0x34, 0xE4, 0x00, 0x00, 0x34, 0xE4, 0x00, 0x00, 0x34, 0xE4,
    0x00, 0x00, 0x34, 0xE4, 0x00, 0x00, 0x34, 0xE4, 0x00, 0x00, 0x34, 0xE4, 0x00, 0x00, 0x34, 0xE4,
    0x00, 0x00, 0x34, 0xE5, 0x00, 0x00, 0x34, 0xE5, 0x00, 0x00, 0x34, 0xE5, 0x00, 0x00, 0x34, 0xE5,
    0x00, 0x00, 0x34, 0xE5, 0x00, 0x00, 0x34, 0xE5, 0x00, 0x00, 0x34, 0xE4, 0x00, 0x00, 0x34, 0xE4,
    0x00, 0x00, 0x34, 0xE4, 0x00, 0x00, 0x34, 0xE4, 0x00, 0x00, 0x34, 0xE4, 0x00, 0x00, 0x34, 0xE4,
    0x00, 0x00, 0x34, 0xE4, 0x00, 0x00, 0x34, 0xE4, 0x00, 0x00, 0x34, 0xE4, 0x00, 0x00, 0x34, 0xDC,
    0x00, 0x00, 0x34, 0xC0, 0x00, 0x00, 0x34, 0xC4, 0x00, 0x00, 0x34, 0xDE, 0x00, 0x00, 0x34, 0xE4,
    0x00, 0x00, 0x34, 0xE4, 0x00, 0x00, 0x34, 0xE4, 0x00, 0x00, 0x34, 0xE5, 0x00, 0x00, 0x34, 0xE5,
    0x00, 0x00, 0x34, 0xE4, 0x00, 0x00, 0x34, 0xE4, 0x00, 0x00, 0x34, 0xE4, 0x00, 0x00, 0x34, 0xE3,
    0x00, 0x00, 0x34, 0xD6, 0x00, 0x00, 0x34, 0x8D, 0x00, 0x00, 0x34, 0x13, 0x00, 0x00, 0x00, 0x00,
    0x00, 0x00, 0x00, 0x00, 0x00, 0x00, 0x00, 0x00, 0x00, 0x00, 0x00, 0x00, 0x00, 0x00, 0x00, 0x00,
    0x00, 0x00, 0x00, 0x00, 0x00, 0x00, 0x00, 0x00, 0x00, 0x00, 0x00, 0x00, 0x00, 0x00, 0x00, 0x00,
    0x00, 0x00, 0x34, 0x02, 0x00, 0x00, 0x34, 0x31, 0x00, 0x00, 0x34, 0x79, 0x00, 0x00, 0x34, 0xB7,
    0x00, 0x00, 0x34, 0xDE, 0x00, 0x00, 0x34, 0xF0, 0x00, 0x00, 0x34, 0xF8, 0x00, 0x00, 0x34, 0xFB,
    0x00, 0x00, 0x34, 0xFC, 0x00, 0x00, 0x34, 0xFD, 0x00, 0x00, 0x34, 0xFD, 0x00, 0x00, 0x34, 0xFC,
    0x00, 0x00, 0x34, 0xFC, 0x00, 0x00, 0x34, 0xFB, 0x00, 0x00, 0x34, 0xF7, 0x00, 0x00, 0x34, 0xF0,
    0x00, 0x00, 0x34, 0xDF, 0x00, 0x00, 0x34, 0xBF, 0x00, 0x00, 0x34, 0x8D, 0x00, 0x00, 0x34, 0x4E,
    0x00, 0x00, 0x34, 0x15, 0x00, 0x00, 0x00, 0x00, 0x00, 0x00, 0x00, 0x00, 0x00, 0x00, 0x00, 0x00,
    0x00, 0x00, 0x00, 0x00, 0x00, 0x00, 0x00, 0x00, 0x00, 0x00, 0x00, 0x00, 0x00, 0x00, 0x34, 0x49,
    0x00, 0x00, 0x34, 0xBD, 0x00, 0x00, 0x34, 0xE0, 0x00, 0x00, 0x34, 0xE4, 0x00, 0x00, 0x34, 0xE4,
    0x00, 0x00, 0x34, 0xE4, 0x00, 0x00, 0x34, 0xE5, 0x00, 0x00, 0x34, 0xE5, 0x00, 0x00, 0x34, 0xE4,
    0x00, 0x00, 0x34, 0xE4, 0x00, 0x00, 0x34, 0xE4, 0x00, 0x00, 0x34, 0xE3, 0x00, 0x00, 0x34, 0xD5,
    0x00, 0x00, 0x34, 0x8B, 0x00, 0x00, 0x34, 0x11, 0x00, 0x00, 0x00, 0x00, 0x00, 0x00, 0x00, 0x00,
    0x00, 0x00, 0x00, 0x00, 0x00, 0x00, 0x00, 0x00, 0x00, 0x00, 0x00, 0x00, 0x00, 0x00, 0x00, 0x00,
    0x00, 0x00, 0x34, 0x11, 0x00, 0x00, 0x34, 0x8A, 0x00, 0x00, 0x34, 0xD5, 0x00, 0x00, 0x34, 0xE3,
    0x00, 0x00, 0x34, 0xE4, 0x00, 0x00, 0x34, 0xE4, 0x00, 0x00, 0x34, 0xE4, 0x00, 0x00, 0x34, 0xE5,
    0x00, 0x00, 0x34, 0xE5, 0x00, 0x00, 0x34, 0xE4, 0x00, 0x00, 0x34, 0xE4, 0x00, 0x00, 0x34, 0xE4,
    0x00, 0x00, 0x34, 0xE0, 0x00, 0x00, 0x34, 0xBD, 0x00, 0x00, 0x34, 0x4A, 0x00, 0x00, 0x00, 0x00,
    0x00, 0x00, 0x00, 0x00, 0x00, 0x00, 0x00, 0x00, 0x00, 0x00, 0x00, 0x00, 0x00, 0x00, 0x00, 0x00,
    0x00, 0x00, 0x00, 0x00, 0x00, 0x00, 0x00, 0x00, 0x00, 0x00, 0x00, 0x00, 0x00, 0x00, 0x34, 0x56,
    0x00, 0x00, 0x34, 0xC3, 0x00, 0x00, 0x34, 0xE1, 0x00, 0x00, 0x34, 0xE4, 0x00, 0x00, 0x34, 0xE4,
    0x00, 0x00, 0x34, 0xE4, 0x00, 0x00, 0x34, 0xE5, 0x00, 0x00, 0x34, 0xE5, 0x00, 0x00, 0x34, 0xE4,
    0x00, 0x00, 0x34, 0xE4, 0x00, 0x00, 0x34, 0xE4, 0x00, 0x00, 0x34, 0xE3, 0x00, 0x00, 0x34, 0xD2,
    0x00, 0x00, 0x34, 0x7F, 0x00, 0x00, 0x34, 0x0B, 0x00, 0x00, 0x00, 0x00, 0x00, 0x00, 0x00, 0x00,
    0x00, 0x00, 0x00, 0x00, 0x00, 0x00, 0x00, 0x00, 0x00, 0x00, 0x00, 0x00, 0x00, 0x00, 0x00, 0x00,
    0x00, 0x00, 0x00, 0x00, 0x00, 0x00, 0x00, 0x00, 0x00, 0x00, 0x00, 0x00, 0x00, 0x00, 0x00, 0x00,
    0x00, 0x00, 0x00, 0x00, 0x00, 0x00, 0x00, 0x00, 0x00, 0x00, 0x34, 0x60, 0x03, 0x03, 0x35, 0xDC,
    0x00, 0x00, 0x28, 0xFB, 0x00, 0x00, 0x2E, 0xFB, 0xB4, 0xB4, 0xB7, 0xFD, 0xEF, 0xEF, 0xEF, 0xFF,
    0xEE, 0xEE, 0xEE, 0xFF, 0xEE, 0xEE, 0xEE, 0xFF, 0xF0, 0xF0, 0xF0, 0xFF, 0xBA, 0xBA, 0xBC, 0xFF,
    0x0C, 0x0C, 0x37, 0xFF, 0x00, 0x00, 0x25, 0xFF, 0x03, 0x03, 0x35, 0xFF, 0x00, 0x00, 0x34, 0xFF,
    0x00, 0x00, 0x34, 0xFF, 0x00, 0x00, 0x34, 0xFF, 0x00, 0x00, 0x34, 0xFF, 0x00, 0x00, 0x34, 0xFF,
    0x00, 0x00, 0x34, 0xFF, 0x00, 0x00, 0x34, 0xFF, 0x00, 0x00, 0x34, 0xFF, 0x00, 0x00, 0x34, 0xFF,
    0x00, 0x00, 0x34, 0xFF, 0x00, 0x00, 0x34, 0xFF, 0x00, 0x00, 0x34, 0xFF, 0x00, 0x00, 0x34, 0xFF,
    0x00, 0x00, 0x34, 0xFF, 0x00, 0x00, 0x34, 0xFF, 0x00, 0x00, 0x34, 0xFF, 0x00, 0x00, 0x34, 0xFF,
    0x00, 0x00, 0x34, 0xFF, 0x00, 0x00, 0x34, 0xFF, 0x00, 0x00, 0x34, 0xFF, 0x00, 0x00, 0x34, 0xFF,
    0x00, 0x00, 0x34, 0xFF, 0x00, 0x00, 0x34, 0xFF, 0x00, 0x00, 0x34, 0xFF, 0x00, 0x00, 0x34, 0xFF,
    0x00, 0x00, 0x34, 0xFF, 0x00, 0x00, 0x34, 0xFF, 0x00, 0x00, 0x34, 0xFF, 0x00, 0x00, 0x34, 0xFF,
    0x00, 0x00, 0x34, 0xFF, 0x00, 0x00, 0x34, 0xFF, 0x00, 0x00, 0x34, 0xFF, 0x00, 0x00, 0x34, 0xFF,
    0x00, 0x00, 0x34, 0xFF, 0x00, 0x00, 0x34, 0xFF, 0x00, 0x00, 0x34, 0xFF, 0x00, 0x00, 0x34, 0xFF,
    0x00, 0x00, 0x34, 0xFF, 0x00, 0x00, 0x34, 0xFF, 0x03, 0x03, 0x35, 0xFF, 0x00, 0x00, 0x25, 0xFF,
    0x13, 0x13, 0x39, 0xFF, 0xBB, 0xBB, 0xBE, 0xFF, 0xF1, 0xF1, 0xF0, 0xFF, 0xEE, 0xEE, 0xEE, 0xFF,
    0xEE, 0xEE, 0xEE, 0xFF, 0xEF, 0xEF, 0xEF, 0xFF, 0xAF, 0xAF, 0xB2, 0xFD, 0x00, 0x00, 0x27, 0xFB,
    0x00, 0x00, 0x2A, 0xFB, 0x03, 0x03, 0x35, 0xD6, 0x00, 0x00, 0x34, 0x5A, 0x00, 0x00, 0x34, 0x18,
    0x00, 0x00, 0x34, 0x2B, 0x00, 0x00, 0x34, 0x36, 0x00, 0x00, 0x34, 0x36, 0x00, 0x00, 0x34, 0x36,
    0x00, 0x00, 0x34, 0x37, 0x00, 0x00, 0x34, 0x37, 0x00, 0x00, 0x34, 0x37, 0x00, 0x00, 0x34, 0x36,
    0x00, 0x00, 0x34, 0x36, 0x00, 0x00, 0x34, 0x35, 0x00, 0x00, 0x34, 0x26, 0x00, 0x00, 0x34, 0x05,
    0x00, 0x00, 0x00, 0x00, 0x00, 0x00, 0x00, 0x00, 0x00, 0x00, 0x00, 0x00, 0x00, 0x00, 0x34, 0x1B,
    0x00, 0x00, 0x34, 0x33, 0x00, 0x00, 0x34, 0x36, 0x00, 0x00, 0x34, 0x36, 0x00, 0x00, 0x34, 0x36,
    0x00, 0x00, 0x34, 0x36, 0x00, 0x00, 0x34, 0x36, 0x00, 0x00, 0x34, 0x37, 0x00, 0x00, 0x34, 0x37,
    0x00, 0x00, 0x34, 0x37, 0x00, 0x00, 0x34, 0x37, 0x00, 0x00, 0x34, 0x37, 0x00, 0x00, 0x34, 0x37,
    0x00, 0x00, 0x34, 0x37, 0x00, 0x00, 0x34, 0x36, 0x00, 0x00, 0x34, 0x36, 0x00, 0x00, 0x34, 0x36,
    0x00, 0x00, 0x34, 0x36, 0x00, 0x00, 0x34, 0x36, 0x00, 0x00, 0x34, 0x35, 0x00, 0x00, 0x34, 0x30,
    0x00, 0x00, 0x34, 0x26, 0x00, 0x00, 0x34, 0x19, 0x00, 0x00, 0x34, 0x0B, 0x00, 0x00, 0x00, 0x00,
    0x00, 0x00, 0x00, 0x00, 0x00, 0x00, 0x00, 0x00, 0x00, 0x00, 0x00, 0x00, 0x00, 0x00, 0x00, 0x00,
    0x00, 0x00, 0x00, 0x00, 0x00, 0x00, 0x00, 0x00, 0x00, 0x00, 0x00, 0x00, 0x00, 0x00, 0x00, 0x00,
    0x00, 0x00, 0x00, 0x00, 0x00, 0x00, 0x00, 0x00, 0x00, 0x00, 0x34, 0x0E, 0x00, 0x00, 0x34, 0x2D,
    0x00, 0x00, 0x34, 0x36, 0x00, 0x00, 0x34, 0x36, 0x00, 0x00, 0x34, 0x36, 0x00, 0x00, 0x34, 0x36,
    0x00, 0x00, 0x34, 0x36, 0x00, 0x00, 0x34, 0x36, 0x00, 0x00, 0x34, 0x36, 0x00, 0x00, 0x34, 0x36,
    0x00, 0x00, 0x34, 0x37, 0x00, 0x00, 0x34, 0x37, 0x00, 0x00, 0x34, 0x37, 0x00, 0x00, 0x34, 0x37,
    0x00, 0x00, 0x34, 0x37, 0x00, 0x00, 0x34, 0x37, 0x00, 0x00, 0x34, 0x37, 0x00, 0x00, 0x34, 0x37,
    0x00, 0x00, 0x34, 0x37, 0x00, 0x00, 0x34, 0x36, 0x00, 0x00, 0x34, 0x36, 0x00, 0x00, 0x34, 0x36,
    0x00, 0x00, 0x34, 0x36, 0x00, 0x00, 0x34, 0x36, 0x00, 0x00, 0x34, 0x36, 0x00, 0x00, 0x34, 0x36,
    0x00, 0x00, 0x34, 0x36, 0x00, 0x00, 0x34, 0x33, 0x00, 0x00, 0x34, 0x1C, 0x00, 0x00, 0x00, 0x00,
    0x00, 0x00, 0x00, 0x00, 0x00, 0x00, 0x34, 0x12, 0x00, 0x00, 0x34, 0x2F, 0x00, 0x00, 0x34, 0x36,
    0x00, 0x00, 0x34, 0x36, 0x00, 0x00, 0x34, 0x36, 0x00, 0x00, 0x34, 0x36, 0x00, 0x00, 0x34, 0x36,
    0x00, 0x00, 0x34, 0x36, 0x00, 0x00, 0x34, 0x36, 0x00, 0x00, 0x34, 0x36, 0x00, 0x00, 0x34, 0x37,
    0x00, 0x00, 0x34, 0x37, 0x00, 0x00, 0x34, 0x37, 0x00, 0x00, 0x34, 0x37, 0x00, 0x00, 0x34, 0x37,
    0x00, 0x00, 0x34, 0x37, 0x00, 0x00, 0x34, 0x37, 0x00, 0x00, 0x34, 0x37, 0x00, 0x00, 0x34, 0x36,
    0x00, 0x00, 0x34, 0x36, 0x00, 0x00, 0x34, 0x36, 0x00, 0x00, 0x34, 0x36, 0x00, 0x00, 0x34, 0x36,
    0x00, 0x00, 0x34, 0x36, 0x00, 0x00, 0x34, 0x36, 0x00, 0x00, 0x34, 0x36, 0x00, 0x00, 0x34, 0x2B,
    0x00, 0x00, 0x34, 0x10, 0x00, 0x00, 0x34, 0x14, 0x00, 0x00, 0x34, 0x2E, 0x00, 0x00, 0x34, 0x36,
    0x00, 0x00, 0x34, 0x36, 0x00, 0x00, 0x34, 0x36, 0x00, 0x00, 0x34, 0x37, 0x00, 0x00, 0x34, 0x37,
    0x00, 0x00, 0x34, 0x37, 0x00, 0x00, 0x34, 0x36, 0x00, 0x00, 0x34, 0x36, 0x00, 0x00, 0x34, 0x35,
    0x00, 0x00, 0x34, 0x22, 0x00, 0x00, 0x34, 0x01, 0x00, 0x00, 0x00, 0x00, 0x00, 0x00, 0x00, 0x00,
    0x00, 0x00, 0x00, 0x00, 0x00, 0x00, 0x00, 0x00, 0x00, 0x00, 0x00, 0x00, 0x00, 0x00, 0x00, 0x00,
    0x00, 0x00, 0x00, 0x00, 0x00, 0x00, 0x00, 0x00, 0x00, 0x00, 0x00, 0x00, 0x00, 0x00, 0x00, 0x00,
    0x00, 0x00, 0x00, 0x00, 0x00, 0x00, 0x00, 0x00, 0x00, 0x00, 0x00, 0x00, 0x00, 0x00, 0x34, 0x0B,
    0x00, 0x00, 0x34, 0x2E, 0x00, 0x00, 0x34, 0x57, 0x00, 0x00, 0x34, 0x7B, 0x00, 0x00, 0x34, 0x96,
    0x00, 0x00, 0x34, 0xA8, 0x00, 0x00, 0x34, 0xB1, 0x00, 0x00, 0x34, 0xB4, 0x00, 0x00, 0x34, 0xB0,
    0x00, 0x00, 0x34, 0xA5, 0x00, 0x00, 0x34, 0x93, 0x00, 0x00, 0x34, 0x77, 0x00, 0x00, 0x34, 0x55,
    0x00, 0x00, 0x34, 0x2F, 0x00, 0x00, 0x34, 0x10, 0x00, 0x00, 0x00, 0x00, 0x00, 0x00, 0x00, 0x00,
    0x00, 0x00, 0x00, 0x00, 0x00, 0x00, 0x00, 0x00, 0x00, 0x00, 0x00, 0x00, 0x00, 0x00, 0x00, 0x00,
    0x00, 0x00, 0x00, 0x00, 0x00, 0x00, 0x00, 0x00, 0x00, 0x00, 0x00, 0x00, 0x00, 0x00, 0x00, 0x00,
    0x00, 0x00, 0x34, 0x10, 0x00, 0x00, 0x34, 0x2F, 0x00, 0x00, 0x34, 0x36, 0x00, 0x00, 0x34, 0x36,
    0x00, 0x00, 0x34, 0x36, 0x00, 0x00, 0x34, 0x37, 0x00, 0x00, 0x34, 0x37, 0x00, 0x00, 0x34, 0x37,
    0x00, 0x00, 0x34, 0x36, 0x00, 0x00, 0x34, 0x36, 0x00, 0x00, 0x34, 0x35, 0x00, 0x00, 0x34, 0x22,
    0x00, 0x00, 0x34, 0x01, 0x00, 0x00, 0x00, 0x00, 0x00, 0x00, 0x00, 0x00, 0x00, 0x00, 0x00, 0x00,
    0x00, 0x00, 0x00, 0x00, 0x00, 0x00, 0x00, 0x00, 0x00, 0x00, 0x00, 0x00, 0x00, 0x00, 0x00, 0x00,
    0x00, 0x00, 0x00, 0x00, 0x00, 0x00, 0x00, 0x00, 0x00, 0x00, 0x34, 0x21, 0x00, 0x00, 0x34, 0x34,
    0x00, 0x00, 0x34, 0x36, 0x00, 0x00, 0x34, 0x36, 0x00, 0x00, 0x34, 0x37, 0x00, 0x00, 0x34, 0x37,
    0x00, 0x00, 0x34, 0x37, 0x00, 0x00, 0x34, 0x36, 0x00, 0x00, 0x34, 0x36, 0x00, 0x00, 0x34, 0x36,
    0x00, 0x00, 0x34, 0x2F, 0x00, 0x00, 0x34, 0x11, 0x00, 0x00, 0x00, 0x00, 0x00, 0x00, 0x00, 0x00,
    0x00, 0x00, 0x00, 0x00, 0x00, 0x00, 0x00, 0x00, 0x00, 0x00, 0x00, 0x00, 0x00, 0x00, 0x00, 0x00,
    0x00, 0x00, 0x00, 0x00, 0x00, 0x00, 0x00, 0x00, 0x00, 0x00, 0x00, 0x00, 0x00, 0x00, 0x00, 0x00,
    0x00, 0x00, 0x34, 0x14, 0x00, 0x00, 0x34, 0x30, 0x00, 0x00, 0x34, 0x36, 0x00, 0x00, 0x34, 0x36,
    0x00, 0x00, 0x34, 0x36, 0x00, 0x00, 0x34, 0x37, 0x00, 0x00, 0x34, 0x37, 0x00, 0x00, 0x34, 0x37,
    0x00, 0x00, 0x34, 0x36, 0x00, 0x00, 0x34, 0x36, 0x00, 0x00, 0x34, 0x34, 0x00, 0x00, 0x34, 0x1F,
    0x00, 0x00, 0x00, 0x00, 0x00, 0x00, 0x00, 0x00, 0x00, 0x00, 0x00, 0x00, 0x00, 0x00, 0x00, 0x00,
    0x00, 0x00, 0x00, 0x00, 0x00, 0x00, 0x00, 0x00, 0x00, 0x00, 0x00, 0x00, 0x00, 0x00, 0x00, 0x00,
    0x00, 0x00, 0x00, 0x00, 0x00, 0x00, 0x00, 0x00, 0x00, 0x00, 0x00, 0x00, 0x00, 0x00, 0x00, 0x00,
    0x00, 0x00, 0x00, 0x00, 0x00, 0x00, 0x00, 0x00, 0x00, 0x00, 0x00, 0x00, 0x00, 0x00, 0x34, 0x49,
    0x02, 0x02, 0x35, 0xCE, 0x00, 0x00, 0x2E, 0xFA, 0x00, 0x00, 0x15, 0xFB, 0xA0, 0xA0, 0xA4, 0xFC,
    0xEC, 0xEC, 0xEC, 0xFF, 0xEF, 0xEF, 0xEF, 0xFF, 0xED, 0xED, 0xED, 0xFF, 0xF1, 0xF1, 0xF1, 0xFF,
    0xCA, 0xCA, 0xCB, 0xFF, 0x3D, 0x3D, 0x50, 0xFF, 0x00, 0x00, 0x1B, 0xFF, 0x03, 0x03, 0x35, 0xFF,
    0x00, 0x00, 0x34, 0xFF, 0x00, 0x00, 0x34, 0xFF, 0x00, 0x00, 0x34, 0xFF, 0x00, 0x00, 0x34, 0xFF,
    0x00, 0x00, 0x34, 0xFF, 0x00, 0x00, 0x34, 0xFF, 0x00, 0x00, 0x34, 0xFF, 0x00, 0x00, 0x34, 0xFF,
    0x00, 0x00, 0x34, 0xFF, 0x00, 0x00, 0x34, 0xFF, 0x00, 0x00, 0x34, 0xFF, 0x00, 0x00, 0x34, 0xFF,
    0x00, 0x00, 0x34, 0xFF, 0x00, 0x00, 0x34, 0xFF, 0x00, 0x00, 0x34, 0xFF, 0x00, 0x00, 0x34, 0xFF,
    0x00, 0x00, 0x34, 0xFF, 0x00, 0x00, 0x34, 0xFF, 0x00, 0x00, 0x34, 0xFF, 0x00, 0x00, 0x34, 0xFF,
    0x00, 0x00, 0x34, 0xFF, 0x00, 0x00, 0x34, 0xFF, 0x00, 0x00, 0x34, 0xFF, 0x00, 0x00, 0x34, 0xFF,
    0x00, 0x00, 0x34, 0xFF, 0x00, 0x00, 0x34, 0xFF, 0x00, 0x00, 0x34, 0xFF, 0x00, 0x00, 0x34, 0xFF,
    0x00, 0x00, 0x34, 0xFF, 0x00, 0x00, 0x34, 0xFF, 0x00, 0x00, 0x34, 0xFF, 0x00, 0x00, 0x34, 0xFF,
    0x00, 0x00, 0x34, 0xFF, 0x00, 0x00, 0x34, 0xFF, 0x00, 0x00, 0x34, 0xFF, 0x00, 0x00, 0x34, 0xFF,
    0x00, 0x00, 0x34, 0xFF, 0x03, 0x03, 0x35, 0xFF, 0x00, 0x00, 0x1B, 0xFF, 0x3E, 0x3E, 0x51, 0xFF,
    0xCB, 0xCB, 0xCC, 0xFF, 0xF1, 0xF1, 0xF1, 0xFF, 0xED, 0xED, 0xED, 0xFF, 0xEF, 0xEF, 0xEF, 0xFF,
    0xEB, 0xEB, 0xEB, 0xFF, 0x9B, 0x9B, 0xA0, 0xFC, 0x00, 0x00, 0x0E, 0xFB, 0x00, 0x00, 0x2F, 0xF9,
    0x02, 0x02, 0x34, 0xC8, 0x00, 0x00, 0x34, 0x40, 0x00, 0x00, 0x00, 0x00, 0x00, 0x00, 0x00, 0x00,
    0x00, 0x00, 0x00, 0x00, 0x00, 0x00, 0x00, 0x00, 0x00, 0x00, 0x00, 0x00, 0x00, 0x00, 0x00, 0x00,
    0x00, 0x00, 0x00, 0x00, 0x00, 0x00, 0x00, 0x00, 0x00, 0x00, 0x00, 0x00, 0x00, 0x00, 0x00, 0x00,
    0x00, 0x00, 0x00, 0x00, 0x00, 0x00, 0x00, 0x00, 0x00, 0x00, 0x00, 0x00, 0x00, 0x00, 0x00, 0x00,
    0x00, 0x00, 0x00, 0x00, 0x00, 0x00, 0x00, 0x00, 0x00, 0x00, 0x00, 0x00, 0x00, 0x00, 0x00, 0x00,
    0x00, 0x00, 0x00, 0x00, 0x00, 0x00, 0x00, 0x00, 0x00, 0x00, 0x00, 0x00, 0x00, 0x00, 0x00, 0x00,
    0x00, 0x00, 0x00, 0x00, 0x00, 0x00, 0x00, 0x00, 0x00, 0x00, 0x00, 0x00, 0x00, 0x00, 0x00, 0x00,
    0x00, 0x00, 0x00, 0x00, 0x00, 0x00, 0x00, 0x00, 0x00, 0x00, 0x00, 0x00, 0x00, 0x00, 0x00, 0x00,
    0x00, 0x00, 0x00, 0x00, 0x00, 0x00, 0x00, 0x00, 0x00, 0x00, 0x00, 0x00, 0x00, 0x00, 0x00, 0x00,
    0x00, 0x00, 0x00, 0x00, 0x00, 0x00, 0x00, 0x00, 0x00, 0x00, 0x00, 0x00, 0x00, 0x00, 0x00, 0x00,
    0x00, 0x00, 0x00, 0x00, 0x00, 0x00, 0x00, 0x00, 0x00, 0x00, 0x00, 0x00, 0x00, 0x00, 0x00, 0x00,
    0x00, 0x00, 0x00, 0x00, 0x00, 0x00, 0x00, 0x00, 0x00, 0x00, 0x00, 0x00, 0x00, 0x00, 0x00, 0x00,
    0x00, 0x00, 0x00, 0x00, 0x00, 0x00, 0x00, 0x00, 0x00, 0x00, 0x00, 0x00, 0x00, 0x00, 0x00, 0x00,
    0x00, 0x00, 0x00, 0x00, 0x00, 0x00, 0x00, 0x00, 0x00, 0x00, 0x00, 0x00, 0x00, 0x00, 0x00, 0x00,
    0x00, 0x00, 0x00, 0x00, 0x00, 0x00, 0x00, 0x00, 0x00, 0x00, 0x00, 0x00, 0x00, 0x00, 0x00, 0x00,
    0x00, 0x00, 0x00, 0x00, 0x00, 0x00, 0x00, 0x00, 0x00, 0x00, 0x00, 0x00, 0x00, 0x00, 0x00, 0x00,
    0x00, 0x00, 0x00, 0x00, 0x00, 0x00, 0x00, 0x00, 0x00, 0x00, 0x00, 0x00, 0x00, 0x00, 0x00, 0x00,
    0x00, 0x00, 0x00, 0x00, 0x00, 0x00, 0x00, 0x00, 0x00, 0x00, 0x00, 0x00, 0x00, 0x00, 0x00, 0x00,
    0x00, 0x00, 0x00, 0x00, 0x00, 0x00, 0x00, 0x00, 0x00, 0x00, 0x00, 0x00, 0x00, 0x00, 0x00, 0x00,
    0x00, 0x00, 0x00, 0x00, 0x00, 0x00, 0x00, 0x00, 0x00, 0x00, 0x00, 0x00, 0x00, 0x00, 0x00, 0x00,
    0x00, 0x00, 0x00, 0x00, 0x00, 0x00, 0x00, 0x00, 0x00, 0x00, 0x00, 0x00, 0x00, 0x00, 0x00, 0x00,
    0x00, 0x00, 0x00, 0x00, 0x00, 0x00, 0x00, 0x00, 0x00, 0x00, 0x00, 0x00, 0x00, 0x00, 0x00, 0x00,
    0x00, 0x00, 0x00, 0x00, 0x00, 0x00, 0x00, 0x00, 0x00, 0x00, 0x00, 0x00, 0x00, 0x00, 0x00, 0x00,
    0x00, 0x00, 0x00, 0x00, 0x00, 0x00, 0x00, 0x00, 0x00, 0x00, 0x00, 0x00, 0x00, 0x00, 0x00, 0x00,
    0x00, 0x00, 0x00, 0x00, 0x00, 0x00, 0x00, 0x00, 0x00, 0x00, 0x00, 0x00, 0x00, 0x00, 0x00, 0x00,
    0x00, 0x00, 0x00, 0x00, 0x00, 0x00, 0x00, 0x00, 0x00, 0x00, 0x00, 0x00, 0x00, 0x00, 0x00, 0x00,
    0x00, 0x00, 0x00, 0x00, 0x00, 0x00, 0x00, 0x00, 0x00, 0x00, 0x00, 0x00, 0x00, 0x00, 0x00, 0x00,
    0x00, 0x00, 0x00, 0x00, 0x00, 0x00, 0x00, 0x00, 0x00, 0x00, 0x00, 0x00, 0x00, 0x00, 0x00, 0x00,
    0x00, 0x00, 0x00, 0x00, 0x00, 0x00, 0x00, 0x00, 0x00, 0x00, 0x00, 0x00, 0x00, 0x00, 0x00, 0x00,
    0x00, 0x00, 0x00, 0x00, 0x00, 0x00, 0x00, 0x00, 0x00, 0x00, 0x00, 0x00, 0x00, 0x00, 0x00, 0x00,
    0x00, 0x00, 0x00, 0x00, 0x00, 0x00, 0x00, 0x00, 0x00, 0x00, 0x00, 0x00, 0x00, 0x00, 0x00, 0x00,
    0x00, 0x00, 0x00, 0x00, 0x00, 0x00, 0x00, 0x00, 0x00, 0x00, 0x00, 0x00, 0x00, 0x00, 0x00, 0x00,
    0x00, 0x00, 0x00, 0x00, 0x00, 0x00, 0x00, 0x00, 0x00, 0x00, 0x00, 0x00, 0x00, 0x00, 0x00, 0x00,
    0x00, 0x00, 0x00, 0x00, 0x00, 0x00, 0x00, 0x00, 0x00, 0x00, 0x00, 0x00, 0x00, 0x00, 0x00, 0x00,
    0x00, 0x00, 0x00, 0x00, 0x00, 0x00, 0x00, 0x00, 0x00, 0x00, 0x00, 0x00, 0x00, 0x00, 0x00, 0x00,
    0x00, 0x00, 0x00, 0x00, 0x00, 0x00, 0x00, 0x00, 0x00, 0x00, 0x00, 0x00, 0x00, 0x00, 0x00, 0x00,
    0x00, 0x00, 0x34, 0x03, 0x00, 0x00, 0x34, 0x07, 0x00, 0x00, 0x34, 0x08, 0x00, 0x00, 0x34, 0x06,
    0x00, 0x00, 0x34, 0x02, 0x00, 0x00, 0x00, 0x00, 0x00, 0x00, 0x00, 0x00, 0x00, 0x00, 0x00, 0x00,
    0x00, 0x00, 0x00, 0x00, 0x00, 0x00, 0x00, 0x00, 0x00, 0x00, 0x00, 0x00, 0x00, 0x00, 0x00, 0x00,
    0x00, 0x00, 0x00, 0x00, 0x00, 0x00, 0x00, 0x00, 0x00, 0x00, 0x00, 0x00, 0x00, 0x00, 0x00, 0x00,
    0x00, 0x00, 0x00, 0x00, 0x00, 0x00, 0x00, 0x00, 0x00, 0x00, 0x00, 0x00, 0x00, 0x00, 0x00, 0x00,
    0x00, 0x00, 0x00, 0x00, 0x00, 0x00, 0x00, 0x00, 0x00, 0x00, 0x00, 0x00, 0x00, 0x00, 0x00, 0x00,
    0x00, 0x00, 0x00, 0x00, 0x00, 0x00, 0x00, 0x00, 0x00, 0x00, 0x00, 0x00, 0x00, 0x00, 0x00, 0x00,
    0x00, 0x00, 0x00, 0x00, 0x00, 0x00, 0x00, 0x00, 0x00, 0x00, 0x00, 0x00, 0x00, 0x00, 0x00, 0x00,
    0x00, 0x00, 0x00, 0x00, 0x00, 0x00, 0x00, 0x00, 0x00, 0x00, 0x00, 0x00, 0x00, 0x00, 0x00, 0x00,
    0x00, 0x00, 0x00, 0x00, 0x00, 0x00, 0x00, 0x00, 0x00, 0x00, 0x00, 0x00, 0x00, 0x00, 0x00, 0x00,
    0x00, 0x00, 0x00, 0x00, 0x00, 0x00, 0x00, 0x00, 0x00, 0x00, 0x00, 0x00, 0x00, 0x00, 0x00, 0x00,
    0x00, 0x00, 0x00, 0x00, 0x00, 0x00, 0x00, 0x00, 0x00, 0x00, 0x00, 0x00, 0x00, 0x00, 0x00, 0x00,
    0x00, 0x00, 0x00, 0x00, 0x00, 0x00, 0x00, 0x00, 0x00, 0x00, 0x00, 0x00, 0x00, 0x00, 0x00, 0x00,
    0x00, 0x00, 0x00, 0x00, 0x00, 0x00, 0x00, 0x00, 0x00, 0x00, 0x00, 0x00, 0x00, 0x00, 0x00, 0x00,
    0x00, 0x00, 0x00, 0x00, 0x00, 0x00, 0x00, 0x00, 0x00, 0x00, 0x00, 0x00, 0x00, 0x00, 0x00, 0x00,
    0x00, 0x00, 0x00, 0x00, 0x00, 0x00, 0x00, 0x00, 0x00, 0x00, 0x00, 0x00, 0x00, 0x00, 0x00, 0x00,
    0x00, 0x00, 0x00, 0x00, 0x00, 0x00, 0x00, 0x00, 0x00, 0x00, 0x00, 0x00, 0x00, 0x00, 0x00, 0x00,
    0x00, 0x00, 0x00, 0x00, 0x00, 0x00, 0x00, 0x00, 0x00, 0x00, 0x00, 0x00, 0x00, 0x00, 0x00, 0x00,
    0x00, 0x00, 0x00, 0x00, 0x00, 0x00, 0x00, 0x00, 0x00, 0x00, 0x00, 0x00, 0x00, 0x00, 0x00, 0x00,
    0x00, 0x00, 0x00, 0x00, 0x00, 0x00, 0x00, 0x00, 0x00, 0x00, 0x00, 0x00, 0x00, 0x00, 0x00, 0x00,
    0x00, 0x00, 0x00, 0x00, 0x00, 0x00, 0x00, 0x00, 0x00, 0x00, 0x00, 0x00, 0x00, 0x00, 0x00, 0x00,
    0x00, 0x00, 0x00, 0x00, 0x00, 0x00, 0x00, 0x00, 0x00, 0x00, 0x00, 0x00, 0x00, 0x00, 0x00, 0x00,
    0x00, 0x00, 0x00, 0x00, 0x00, 0x00, 0x00, 0x00, 0x00, 0x00, 0x00, 0x00, 0x00, 0x00, 0x00, 0x00,
    0x00, 0x00, 0x34, 0x33, 0x01, 0x01, 0x34, 0xBD, 0x00, 0x00, 0x32, 0xF8, 0x00, 0x00, 0x00, 0xFB,
    0x89, 0x89, 0x90, 0xFC, 0xE7, 0xE7, 0xE7, 0xFF, 0xF0, 0xF0, 0xF0, 0xFF, 0xED, 0xED, 0xED, 0xFF,
    0xF1, 0xF1, 0xF1, 0xFF, 0xD7, 0xD7, 0xD8, 0xFF, 0x5C, 0x5C, 0x68, 0xFF, 0x00, 0x00, 0x0D, 0xFF,
    0x02, 0x02, 0x34, 0xFF, 0x00, 0x00, 0x34, 0xFF, 0x00, 0x00, 0x34, 0xFF, 0x00, 0x00, 0x34, 0xFF,
    0x00, 0x00, 0x34, 0xFF, 0x00, 0x00, 0x34, 0xFF, 0x00, 0x00, 0x34, 0xFF, 0x00, 0x00, 0x34, 0xFF,
    0x00, 0x00, 0x34, 0xFF, 0x00, 0x00, 0x34, 0xFF, 0x00, 0x00, 0x34, 0xFF, 0x00, 0x00, 0x34, 0xFF,
    0x00, 0x00, 0x34, 0xFF, 0x00, 0x00, 0x34, 0xFF, 0x00, 0x00, 0x34, 0xFF, 0x00, 0x00, 0x34, 0xFF,
    0x00, 0x00, 0x34, 0xFF, 0x00, 0x00, 0x34, 0xFF, 0x00, 0x00, 0x34, 0xFF, 0x00, 0x00, 0x34, 0xFF,
    0x00, 0x00, 0x34, 0xFF, 0x00, 0x00, 0x34, 0xFF, 0x00, 0x00, 0x34, 0xFF, 0x00, 0x00, 0x34, 0xFF,
    0x00, 0x00, 0x34, 0xFF, 0x00, 0x00, 0x34, 0xFF, 0x00, 0x00, 0x34, 0xFF, 0x00, 0x00, 0x34, 0xFF,
    0x00, 0x00, 0x34, 0xFF, 0x00, 0x00, 0x34, 0xFF, 0x00, 0x00, 0x34, 0xFF, 0x00, 0x00, 0x34, 0xFF,
    0x00, 0x00, 0x34, 0xFF, 0x00, 0x00, 0x34, 0xFF, 0x00, 0x00, 0x34, 0xFF, 0x00, 0x00, 0x34, 0xFF,
    0x02, 0x02, 0x34, 0xFF, 0x00, 0x00, 0x0D, 0xFF, 0x5C, 0x5C, 0x68, 0xFF, 0xD7, 0xD7, 0xD8, 0xFF,
    0xF1, 0xF1, 0xF1, 0xFF, 0xED, 0xED, 0xED, 0xFF, 0xF0, 0xF0, 0xF0, 0xFF, 0xE5, 0xE5, 0xE6, 0xFF,
    0x85, 0x85, 0x8C, 0xFC, 0x00, 0x00, 0x00, 0xFB, 0x00, 0x00, 0x32, 0xF7, 0x01, 0x01, 0x34, 0xB6,
    0x00, 0x00, 0x34, 0x2C, 0x00, 0x00, 0x00, 0x00, 0x00, 0x00, 0x00, 0x00, 0x00, 0x00, 0x00, 0x00,
    0x00, 0x00, 0x00, 0x00, 0x00, 0x00, 0x00, 0x00, 0x00, 0x00, 0x00, 0x00, 0x00, 0x00, 0x00, 0x00,
    0x00, 0x00, 0x00, 0x00, 0x00, 0x00, 0x00, 0x00, 0x00, 0x00, 0x00, 0x00, 0x00, 0x00, 0x00, 0x00,
    0x00, 0x00, 0x00, 0x00, 0x00, 0x00, 0x00, 0x00, 0x00, 0x00, 0x00, 0x00, 0x00, 0x00, 0x00, 0x00,
    0x00, 0x00, 0x00, 0x00, 0x00, 0x00, 0x00, 0x00, 0x00, 0x00, 0x00, 0x00, 0x00, 0x00, 0x00, 0x00,
    0x00, 0x00, 0x00, 0x00, 0x00, 0x00, 0x00, 0x00, 0x00, 0x00, 0x00, 0x00, 0x00, 0x00, 0x00, 0x00,
    0x00, 0x00, 0x00, 0x00, 0x00, 0x00, 0x00, 0x00, 0x00, 0x00, 0x00, 0x00, 0x00, 0x00, 0x00, 0x00,
    0x00, 0x00, 0x00, 0x00, 0x00, 0x00, 0x00, 0x00, 0x00, 0x00, 0x00, 0x00, 0x00, 0x00, 0x00, 0x00,
    0x00, 0x00, 0x00, 0x00, 0x00, 0x00, 0x00, 0x00, 0x00, 0x00, 0x00, 0x00, 0x00, 0x00, 0x00, 0x00,
    0x00, 0x00, 0x00, 0x00, 0x00, 0x00, 0x00, 0x00, 0x00, 0x00, 0x00, 0x00, 0x00, 0x00, 0x00, 0x00,
    0x00, 0x00, 0x00, 0x00, 0x00, 0x00, 0x00, 0x00, 0x00, 0x00, 0x00, 0x00, 0x00, 0x00, 0x00, 0x00,
    0x00, 0x00, 0x00, 0x00, 0x00, 0x00, 0x00, 0x00, 0x00, 0x00, 0x00, 0x00, 0x00, 0x00, 0x00, 0x00,
    0x00, 0x00, 0x00, 0x00, 0x00, 0x00, 0x00, 0x00, 0x00, 0x00, 0x00, 0x00, 0x00, 0x00, 0x00, 0x00,
    0x00, 0x00, 0x00, 0x00, 0x00, 0x00, 0x00, 0x00, 0x00, 0x00, 0x00, 0x00, 0x00, 0x00, 0x00, 0x00,
    0x00, 0x00, 0x00, 0x00, 0x00, 0x00, 0x00, 0x00, 0x00, 0x00, 0x00, 0x00, 0x00, 0x00, 0x00, 0x00,
    0x00, 0x00, 0x00, 0x00, 0x00, 0x00, 0x00, 0x00, 0x00, 0x00, 0x00, 0x00, 0x00, 0x00, 0x00, 0x00,
    0x00, 0x00, 0x00, 0x00, 0x00, 0x00, 0x00, 0x00, 0x00, 0x00, 0x00, 0x00, 0x00, 0x00, 0x00, 0x00,
    0x00, 0x00, 0x00, 0x00, 0x00, 0x00, 0x00, 0x00, 0x00, 0x00, 0x00, 0x00, 0x00, 0x00, 0x00, 0x00,
    0x00, 0x00, 0x00, 0x00, 0x00, 0x00, 0x00, 0x00, 0x00, 0x00, 0x00, 0x00, 0x00, 0x00, 0x00, 0x00,
    0x00, 0x00, 0x00, 0x00, 0x00, 0x00, 0x00, 0x00, 0x00, 0x00, 0x00, 0x00, 0x00, 0x00, 0x00, 0x00,
    0x00, 0x00, 0x00, 0x00, 0x00, 0x00, 0x00, 0x00, 0x00, 0x00, 0x00, 0x00, 0x00, 0x00, 0x00, 0x00,
    0x00, 0x00, 0x00, 0x00, 0x00, 0x00, 0x00, 0x00, 0x00, 0x00, 0x00, 0x00, 0x00, 0x00, 0x00, 0x00,
    0x00, 0x00, 0x00, 0x00, 0x00, 0x00, 0x00, 0x00, 0x00, 0x00, 0x00, 0x00, 0x00, 0x00, 0x00, 0x00,
    0x00, 0x00, 0x00, 0x00, 0x00, 0x00, 0x00, 0x00, 0x00, 0x00, 0x00, 0x00, 0x00, 0x00, 0x00, 0x00,
    0x00, 0x00, 0x00, 0x00, 0x00, 0x00, 0x00, 0x00, 0x00, 0x00, 0x00, 0x00, 0x00, 0x00, 0x00, 0x00,
    0x00, 0x00, 0x00, 0x00, 0x00, 0x00, 0x00, 0x00, 0x00, 0x00, 0x00, 0x00, 0x00, 0x00, 0x00, 0x00,
    0x00, 0x00, 0x00, 0x00, 0x00, 0x00, 0x00, 0x00, 0x00, 0x00, 0x00, 0x00, 0x00, 0x00, 0x00, 0x00,
    0x00, 0x00, 0x00, 0x00, 0x00, 0x00, 0x00, 0x00, 0x00, 0x00, 0x00, 0x00, 0x00, 0x00, 0x00, 0x00,
    0x00, 0x00, 0x00, 0x00, 0x00, 0x00, 0x00, 0x00, 0x00, 0x00, 0x00, 0x00, 0x00, 0x00, 0x00, 0x00,
    0x00, 0x00, 0x00, 0x00, 0x00, 0x00, 0x00, 0x00, 0x00, 0x00, 0x00, 0x00, 0x00, 0x00, 0x00, 0x00,
    0x00, 0x00, 0x00, 0x00, 0x00, 0x00, 0x00, 0x00, 0x00, 0x00, 0x00, 0x00, 0x00, 0x00, 0x00, 0x00,
    0x00, 0x00, 0x00, 0x00, 0x00, 0x00, 0x00, 0x00, 0x00, 0x00, 0x00, 0x00, 0x00, 0x00, 0x00, 0x00,
    0x00, 0x00, 0x00, 0x00, 0x00, 0x00, 0x00, 0x00, 0x00, 0x00, 0x00, 0x00, 0x00, 0x00, 0x00, 0x00,
    0x00, 0x00, 0x00, 0x00, 0x00, 0x00, 0x00, 0x00, 0x00, 0x00, 0x00, 0x00, 0x00, 0x00, 0x00, 0x00,
    0x00, 0x00, 0x00, 0x00, 0x00, 0x00, 0x00, 0x00, 0x00, 0x00, 0x00, 0x00, 0x00, 0x00, 0x00, 0x00,
    0x00, 0x00, 0x00, 0x00, 0x00, 0x00, 0x00, 0x00, 0x00, 0x00, 0x00, 0x00, 0x00, 0x00, 0x00, 0x00,
    0x00, 0x00, 0x00, 0x00, 0x00, 0x00, 0x00, 0x00, 0x00, 0x00, 0x00, 0x00, 0x00, 0x00, 0x00, 0x00,
    0x00, 0x00, 0x00, 0x00, 0x00, 0x00, 0x00, 0x00, 0x00, 0x00, 0x00, 0x00, 0x00, 0x00, 0x00, 0x00,
    0x00, 0x00, 0x00, 0x00, 0x00, 0x00, 0x00, 0x00, 0x00, 0x00, 0x00, 0x00, 0x00, 0x00, 0x00, 0x00,
    0x00, 0x00, 0x00, 0x00, 0x00, 0x00, 0x00, 0x00, 0x00, 0x00, 0x00, 0x00, 0x00, 0x00, 0x00, 0x00,
    0x00, 0x00, 0x00, 0x00, 0x00, 0x00, 0x00, 0x00, 0x00, 0x00, 0x00, 0x00, 0x00, 0x00, 0x00, 0x00,
    0x00, 0x00, 0x00, 0x00, 0x00, 0x00, 0x00, 0x00, 0x00, 0x00, 0x00, 0x00, 0x00, 0x00, 0x00, 0x00,
    0x00, 0x00, 0x00, 0x00, 0x00, 0x00, 0x00, 0x00, 0x00, 0x00, 0x00, 0x00, 0x00, 0x00, 0x00, 0x00,
    0x00, 0x00, 0x00, 0x00, 0x00, 0x00, 0x00, 0x00, 0x00, 0x00, 0x00, 0x00, 0x00, 0x00, 0x00, 0x00,
    0x00, 0x00, 0x00, 0x00, 0x00, 0x00, 0x00, 0x00, 0x00, 0x00, 0x00, 0x00, 0x00, 0x00, 0x00, 0x00,
    0x00, 0x00, 0x00, 0x00, 0x00, 0x00, 0x00, 0x00, 0x00, 0x00, 0x00, 0x00, 0x00, 0x00, 0x00, 0x00,
    0x00, 0x00, 0x00, 0x00, 0x00, 0x00, 0x00, 0x00, 0x00, 0x00, 0x00, 0x00, 0x00, 0x00, 0x00, 0x00,
    0x00, 0x00, 0x00, 0x00, 0x00, 0x00, 0x00, 0x00, 0x00, 0x00, 0x00, 0x00, 0x00, 0x00, 0x00, 0x00,
    0x00, 0x00, 0x00, 0x00, 0x00, 0x00, 0x00, 0x00, 0x00, 0x00, 0x00, 0x00, 0x00, 0x00, 0x00, 0x00,
    0x00, 0x00, 0x00, 0x00, 0x00, 0x00, 0x00, 0x00, 0x00, 0x00, 0x00, 0x00, 0x00, 0x00, 0x00, 0x00,
    0x00, 0x00, 0x00, 0x00, 0x00, 0x00, 0x00, 0x00, 0x00, 0x00, 0x00, 0x00, 0x00, 0x00, 0x00, 0x00,
    0x00, 0x00, 0x00, 0x00, 0x00, 0x00, 0x00, 0x00, 0x00, 0x00, 0x00, 0x00, 0x00, 0x00, 0x00, 0x00,
    0x00, 0x00, 0x00, 0x00, 0x00, 0x00, 0x00, 0x00, 0x00, 0x00, 0x00, 0x00, 0x00, 0x00, 0x00, 0x00,
    0x00, 0x00, 0x00, 0x00, 0x00, 0x00, 0x00, 0x00, 0x00, 0x00, 0x00, 0x00, 0x00, 0x00, 0x00, 0x00,
    0x00, 0x00, 0x00, 0x00, 0x00, 0x00, 0x00, 0x00, 0x00, 0x00, 0x00, 0x00, 0x00, 0x00, 0x00, 0x00,
    0x00, 0x00, 0x00, 0x00, 0x00, 0x00, 0x00, 0x00, 0x00, 0x00, 0x00, 0x00, 0x00, 0x00, 0x00, 0x00,
    0x00, 0x00, 0x00, 0x00, 0x00, 0x00, 0x00, 0x00, 0x00, 0x00, 0x00, 0x00, 0x00, 0x00, 0x00, 0x00,
    0x00, 0x00, 0x00, 0x00, 0x00, 0x00, 0x00, 0x00, 0x00, 0x00, 0x00, 0x00, 0x00, 0x00, 0x00, 0x00,
    0x00, 0x00, 0x00, 0x00, 0x00, 0x00, 0x00, 0x00, 0x00, 0x00, 0x00, 0x00, 0x00, 0x00, 0x00, 0x00,
    0x00, 0x00, 0x00, 0x00, 0x00, 0x00, 0x34, 0x20, 0x01, 0x01, 0x34, 0xA8, 0x00, 0x00, 0x34, 0xF4,
    0x00, 0x00, 0x00, 0xFB, 0x70, 0x70, 0x79, 0xFB, 0xDE, 0xDE, 0xDF, 0xFE, 0xF1, 0xF1, 0xF1, 0xFF,
    0xED, 0xED, 0xED, 0xFF, 0xF1, 0xF1, 0xF1, 0xFF, 0xE1, 0xE1, 0xE2, 0xFF, 0x77, 0x77, 0x7F, 0xFF,
    0x00, 0x00, 0x00, 0xFF, 0x00, 0x00, 0x33, 0xFF, 0x01, 0x01, 0x34, 0xFF, 0x00, 0x00, 0x34, 0xFF,
    0x00, 0x00, 0x34, 0xFF, 0x00, 0x00, 0x34, 0xFF, 0x00, 0x00, 0x34, 0xFF, 0x00, 0x00, 0x34, 0xFF,
    0x00, 0x00, 0x34, 0xFF, 0x00, 0x00, 0x34, 0xFF, 0x00, 0x00, 0x34, 0xFF, 0x00, 0x00, 0x34, 0xFF,
    0x00, 0x00, 0x34, 0xFF, 0x00, 0x00, 0x34, 0xFF, 0x00, 0x00, 0x34, 0xFF, 0x00, 0x00, 0x34, 0xFF,
    0x00, 0x00, 0x34, 0xFF, 0x00, 0x00, 0x34, 0xFF, 0x00, 0x00, 0x34, 0xFF, 0x00, 0x00, 0x34, 0xFF,
    0x00, 0x00, 0x34, 0xFF, 0x00, 0x00, 0x34, 0xFF, 0x00, 0x00, 0x34, 0xFF, 0x00, 0x00, 0x34, 0xFF,
    0x00, 0x00, 0x34, 0xFF, 0x00, 0x00, 0x34, 0xFF, 0x00, 0x00, 0x34, 0xFF, 0x00, 0x00, 0x34, 0xFF,
    0x00, 0x00, 0x34, 0xFF, 0x00, 0x00, 0x34, 0xFF, 0x00, 0x00, 0x34, 0xFF, 0x00, 0x00, 0x34, 0xFF,
    0x00, 0x00, 0x34, 0xFF, 0x00, 0x00, 0x34, 0xFF, 0x01, 0x01, 0x34, 0xFF, 0x00, 0x00, 0x33, 0xFF,
    0x00, 0x00, 0x00, 0xFF, 0x76, 0x76, 0x7E, 0xFF, 0xE1, 0xE1, 0xE1, 0xFF, 0xF1, 0xF1, 0xF1, 0xFF,
    0xED, 0xED, 0xED, 0xFF, 0xF1, 0xF1, 0xF1, 0xFF, 0xDD, 0xDD, 0xDE, 0xFE, 0x6C, 0x6C, 0x76, 0xFB,
    0x00, 0x00, 0x02, 0xFB, 0x00, 0x00, 0x34, 0xF3, 0x01, 0x01, 0x34, 0xA2, 0x00, 0x00, 0x34, 0x1B,
    0x00, 0x00, 0x00, 0x00, 0x00, 0x00, 0x00, 0x00, 0x00, 0x00, 0x00, 0x00, 0x00, 0x00, 0x00, 0x00,
    0x00, 0x00, 0x00, 0x00, 0x00, 0x00, 0x00, 0x00, 0x00, 0x00, 0x00, 0x00, 0x00, 0x00, 0x00, 0x00,
    0x00, 0x00, 0x00, 0x00, 0x00, 0x00, 0x00, 0x00, 0x00, 0x00, 0x00, 0x00, 0x00, 0x00, 0x00, 0x00,
    0x00, 0x00, 0x00, 0x00, 0x00, 0x00, 0x00, 0x00, 0x00, 0x00, 0x00, 0x00, 0x00, 0x00, 0x00, 0x00,
    0x00, 0x00, 0x00, 0x00, 0x00, 0x00, 0x00, 0x00, 0x00, 0x00, 0x00, 0x00, 0x00, 0x00, 0x00, 0x00,
    0x00, 0x00, 0x00, 0x00, 0x00, 0x00, 0x00, 0x00, 0x00, 0x00, 0x00, 0x00, 0x00, 0x00, 0x00, 0x00,
    0x00, 0x00, 0x00, 0x00, 0x00, 0x00, 0x00, 0x00, 0x00, 0x00, 0x00, 0x00, 0x00, 0x00, 0x00, 0x00,
    0x00, 0x00, 0x00, 0x00, 0x00, 0x00, 0x00, 0x00, 0x00, 0x00, 0x00, 0x00, 0x00, 0x00, 0x00, 0x00,
    0x00, 0x00, 0x00, 0x00, 0x00, 0x00, 0x00, 0x00, 0x00, 0x00, 0x00, 0x00, 0x00, 0x00, 0x00, 0x00,
    0x00, 0x00, 0x00, 0x00, 0x00, 0x00, 0x00, 0x00, 0x00, 0x00, 0x00, 0x00, 0x00, 0x00, 0x00, 0x00,
    0x00, 0x00, 0x00, 0x00, 0x00, 0x00, 0x00, 0x00, 0x00, 0x00, 0x00, 0x00, 0x00, 0x00, 0x00, 0x00,
    0x00, 0x00, 0x00, 0x00, 0x00, 0x00, 0x00, 0x00, 0x00, 0x00, 0x00, 0x00, 0x00, 0x00, 0x00, 0x00,
    0x00, 0x00, 0x00, 0x00, 0x00, 0x00, 0x00, 0x00, 0x00, 0x00, 0x00, 0x00, 0x00, 0x00, 0x00, 0x00,
    0x00, 0x00, 0x00, 0x00, 0x00, 0x00, 0x00, 0x00, 0x00, 0x00, 0x00, 0x00, 0x00, 0x00, 0x00, 0x00,
    0x00, 0x00, 0x00, 0x00, 0x00, 0x00, 0x00, 0x00, 0x00, 0x00, 0x00, 0x00, 0x00, 0x00, 0x00, 0x00,
    0x00, 0x00, 0x00, 0x00, 0x00, 0x00, 0x00, 0x00, 0x00, 0x00, 0x00, 0x00, 0x00, 0x00, 0x00, 0x00,
    0x00, 0x00, 0x00, 0x00, 0x00, 0x00, 0x00, 0x00, 0x00, 0x00, 0x00, 0x00, 0x00, 0x00, 0x00, 0x00,
    0x00, 0x00, 0x00, 0x00, 0x00, 0x00, 0x00, 0x00, 0x00, 0x00, 0x00, 0x00, 0x00, 0x00, 0x00, 0x00,
    0x00, 0x00, 0x00, 0x00, 0x00, 0x00, 0x00, 0x00, 0x00, 0x00, 0x00, 0x00, 0x00, 0x00, 0x00, 0x00,
    0x00, 0x00, 0x00, 0x00, 0x00, 0x00, 0x00, 0x00, 0x00, 0x00, 0x00, 0x00, 0x00, 0x00, 0x00, 0x00,
    0x00, 0x00, 0x00, 0x00, 0x00, 0x00, 0x00, 0x00, 0x00, 0x00, 0x00, 0x00, 0x00, 0x00, 0x00, 0x00,
    0x00, 0x00, 0x00, 0x00, 0x00, 0x00, 0x00, 0x00, 0x00, 0x00, 0x00, 0x00, 0x00, 0x00, 0x00, 0x00,
    0x00, 0x00, 0x00, 0x00, 0x00, 0x00, 0x00, 0x00, 0x00, 0x00, 0x00, 0x00, 0x00, 0x00, 0x00, 0x00,
    0x00, 0x00, 0x00, 0x00, 0x00, 0x00, 0x00, 0x00, 0x00, 0x00, 0x00, 0x00, 0x00, 0x00, 0x00, 0x00,
    0x00, 0x00, 0x00, 0x00, 0x00, 0x00, 0x00, 0x00, 0x00, 0x00, 0x00, 0x00, 0x00, 0x00, 0x00, 0x00,
    0x00, 0x00, 0x00, 0x00, 0x00, 0x00, 0x00, 0x00, 0x00, 0x00, 0x00, 0x00, 0x00, 0x00, 0x00, 0x00,
    0x00, 0x00, 0x00, 0x00, 0x00, 0x00, 0x00, 0x00, 0x00, 0x00, 0x00, 0x00, 0x00, 0x00, 0x00, 0x00,
    0x00, 0x00, 0x00, 0x00, 0x00, 0x00, 0x00, 0x00, 0x00, 0x00, 0x00, 0x00, 0x00, 0x00, 0x00, 0x00,
    0x00, 0x00, 0x00, 0x00, 0x00, 0x00, 0x00, 0x00, 0x00, 0x00, 0x00, 0x00, 0x00, 0x00, 0x00, 0x00,
    0x00, 0x00, 0x00, 0x00, 0x00, 0x00, 0x00, 0x00, 0x00, 0x00, 0x00, 0x00, 0x00, 0x00, 0x00, 0x00,
    0x00, 0x00, 0x00, 0x00, 0x00, 0x00, 0x00, 0x00, 0x00, 0x00, 0x00, 0x00, 0x00, 0x00, 0x00, 0x00,
    0x00, 0x00, 0x00, 0x00, 0x00, 0x00, 0x00, 0x00, 0x00, 0x00, 0x00, 0x00, 0x00, 0x00, 0x00, 0x00,
    0x00, 0x00, 0x00, 0x00, 0x00, 0x00, 0x00, 0x00, 0x00, 0x00, 0x00, 0x00, 0x00, 0x00, 0x00, 0x00,
    0x00, 0x00, 0x00, 0x00, 0x00, 0x00, 0x00, 0x00, 0x00, 0x00, 0x00, 0x00, 0x00, 0x00, 0x00, 0x00,
    0x00, 0x00, 0x00, 0x00, 0x00, 0x00, 0x00, 0x00, 0x00, 0x00, 0x00, 0x00, 0x00, 0x00, 0x00, 0x00,
    0x00, 0x00, 0x00, 0x00, 0x00, 0x00, 0x00, 0x00, 0x00, 0x00, 0x00, 0x00, 0x00, 0x00, 0x00, 0x00,
    0x00, 0x00, 0x00, 0x00, 0x00, 0x00, 0x00, 0x00, 0x00, 0x00, 0x00, 0x00, 0x00, 0x00, 0x00, 0x00,
    0x00, 0x00, 0x00, 0x00, 0x00, 0x00, 0x00, 0x00, 0x00, 0x00, 0x00, 0x00, 0x00, 0x00, 0x00, 0x00,
    0x00, 0x00, 0x00, 0x00, 0x00, 0x00, 0x00, 0x00, 0x00, 0x00, 0x00, 0x00, 0x00, 0x00, 0x00, 0x00,
    0x00, 0x00, 0x00, 0x00, 0x00, 0x00, 0x00, 0x00, 0x00, 0x00, 0x00, 0x00, 0x00, 0x00, 0x00, 0x00,
    0x00, 0x00, 0x00, 0x00, 0x00, 0x00, 0x00, 0x00, 0x00, 0x00, 0x00, 0x00, 0x00, 0x00, 0x00, 0x00,
    0x00, 0x00, 0x00, 0x00, 0x00, 0x00, 0x00, 0x00, 0x00, 0x00, 0x00, 0x00, 0x00, 0x00, 0x00, 0x00,
    0x00, 0x00, 0x00, 0x00, 0x00, 0x00, 0x00, 0x00, 0x00, 0x00, 0x00, 0x00, 0x00, 0x00, 0x00, 0x00,
    0x00, 0x00, 0x00, 0x00, 0x00, 0x00, 0x00, 0x00, 0x00, 0x00, 0x00, 0x00, 0x00, 0x00, 0x00, 0x00,
    0x00, 0x00, 0x00, 0x00, 0x00, 0x00, 0x00, 0x00, 0x00, 0x00, 0x00, 0x00, 0x00, 0x00, 0x00, 0x00,
    0x00, 0x00, 0x00, 0x00, 0x00, 0x00, 0x00, 0x00, 0x00, 0x00, 0x00, 0x00, 0x00, 0x00, 0x00, 0x00,
    0x00, 0x00, 0x00, 0x00, 0x00, 0x00, 0x00, 0x00, 0x00, 0x00, 0x00, 0x00, 0x00, 0x00, 0x00, 0x00,
    0x00, 0x00, 0x00, 0x00, 0x00, 0x00, 0x00, 0x00, 0x00, 0x00, 0x00, 0x00, 0x00, 0x00, 0x00, 0x00,
    0x00, 0x00, 0x00, 0x00, 0x00, 0x00, 0x00, 0x00, 0x00, 0x00, 0x00, 0x00, 0x00, 0x00, 0x00, 0x00,
    0x00, 0x00, 0x00, 0x00, 0x00, 0x00, 0x00, 0x00, 0x00, 0x00, 0x00, 0x00, 0x00, 0x00, 0x00, 0x00,
    0x00, 0x00, 0x00, 0x00, 0x00, 0x00, 0x00, 0x00, 0x00, 0x00, 0x00, 0x00, 0x00, 0x00, 0x00, 0x00,
    0x00, 0x00, 0x00, 0x00, 0x00, 0x00, 0x00, 0x00, 0x00, 0x00, 0x00, 0x00, 0x00, 0x00, 0x00, 0x00,
    0x00, 0x00, 0x00, 0x00, 0x00, 0x00, 0x00, 0x00, 0x00, 0x00, 0x00, 0x00, 0x00, 0x00, 0x00, 0x00,
    0x00, 0x00, 0x00, 0x00, 0x00, 0x00, 0x00, 0x00, 0x00, 0x00, 0x00, 0x00, 0x00, 0x00, 0x00, 0x00,
    0x00, 0x00, 0x00, 0x00, 0x00, 0x00, 0x00, 0x00, 0x00, 0x00, 0x00, 0x00, 0x00, 0x00, 0x00, 0x00,
    0x00, 0x00, 0x00, 0x00, 0x00, 0x00, 0x00, 0x00, 0x00, 0x00, 0x00, 0x00, 0x00, 0x00, 0x00, 0x00,
    0x00, 0x00, 0x00, 0x00, 0x00, 0x00, 0x00, 0x00, 0x00, 0x00, 0x00, 0x00, 0x00, 0x00, 0x00, 0x00,
    0x00, 0x00, 0x00, 0x00, 0x00, 0x00, 0x00, 0x00, 0x00, 0x00, 0x00, 0x00, 0x00, 0x00, 0x00, 0x00,
    0x00, 0x00, 0x00, 0x00, 0x00, 0x00, 0x00, 0x00, 0x00, 0x00, 0x00, 0x00, 0x00, 0x00, 0x00, 0x00,
    0x00, 0x00, 0x00, 0x00, 0x00, 0x00, 0x00, 0x00, 0x00, 0x00, 0x34, 0x11, 0x00, 0x00, 0x34, 0x92,
    0x02, 0x02, 0x35, 0xEF, 0x00, 0x00, 0x11, 0xFB, 0x54, 0x54, 0x61, 0xFB, 0xD4, 0xD4, 0xD5, 0xFE,
    0xF1, 0xF1, 0xF1, 0xFF, 0xED, 0xED, 0xED, 0xFF, 0xF0, 0xF0, 0xF0, 0xFF, 0xE8, 0xE8, 0xE9, 0xFF,
    0x90, 0x90, 0x95, 0xFF, 0x00, 0x00, 0x04, 0xFF, 0x00, 0x00, 0x31, 0xFF, 0x01, 0x01, 0x34, 0xFF,
    0x00, 0x00, 0x34, 0xFF, 0x00, 0x00, 0x34, 0xFF, 0x00, 0x00, 0x34, 0xFF, 0x00, 0x00, 0x34, 0xFF,
    0x00, 0x00, 0x34, 0xFF, 0x00, 0x00, 0x34, 0xFF, 0x00, 0x00, 0x34, 0xFF, 0x00, 0x00, 0x34, 0xFF,
    0x00, 0x00, 0x34, 0xFF, 0x00, 0x00, 0x34, 0xFF, 0x00, 0x00, 0x34, 0xFF, 0x00, 0x00, 0x34, 0xFF,
    0x00, 0x00, 0x34, 0xFF, 0x00, 0x00, 0x34, 0xFF, 0x00, 0x00, 0x34, 0xFF, 0x00, 0x00, 0x34, 0xFF,
    0x00, 0x00, 0x34, 0xFF, 0x00, 0x00, 0x34, 0xFF, 0x00, 0x00, 0x34, 0xFF, 0x00, 0x00, 0x34, 0xFF,
    0x00, 0x00, 0x34, 0xFF, 0x00, 0x00, 0x34, 0xFF, 0x00, 0x00, 0x34, 0xFF, 0x00, 0x00, 0x34, 0xFF,
    0x00, 0x00, 0x34, 0xFF, 0x00, 0x00, 0x34, 0xFF, 0x00, 0x00, 0x34, 0xFF, 0x00, 0x00, 0x34, 0xFF,
    0x00, 0x00, 0x34, 0xFF, 0x01, 0x01, 0x34, 0xFF, 0x00, 0x00, 0x31, 0xFF, 0x00, 0x00, 0x01, 0xFF,
    0x8E, 0x8E, 0x93, 0xFF, 0xE8, 0xE8, 0xE8, 0xFF, 0xF0, 0xF0, 0xF0, 0xFF, 0xED, 0xED, 0xED, 0xFF,
    0xF1, 0xF1, 0xF1, 0xFF, 0xD3, 0xD3, 0xD4, 0xFE, 0x51, 0x51, 0x5F, 0xFB, 0x00, 0x00, 0x13, 0xFB,
    0x03, 0x03, 0x35, 0xED, 0x00, 0x00, 0x34, 0x8C, 0x00, 0x00, 0x34, 0x0E, 0x00, 0x00, 0x00, 0x00,
    0x00, 0x00, 0x00, 0x00, 0x00, 0x00, 0x00, 0x00, 0x00, 0x00, 0x00, 0x00, 0x00, 0x00, 0x00, 0x00,
    0x00, 0x00, 0x00, 0x00, 0x00, 0x00, 0x00, 0x00, 0x00, 0x00, 0x00, 0x00, 0x00, 0x00, 0x00, 0x00,
    0x00, 0x00, 0x00, 0x00, 0x00, 0x00, 0x00, 0x00, 0x00, 0x00, 0x00, 0x00, 0x00, 0x00, 0x00, 0x00,
    0x00, 0x00, 0x00, 0x00, 0x00, 0x00, 0x00, 0x00, 0x00, 0x00, 0x00, 0x00, 0x00, 0x00, 0x00, 0x00,
    0x00, 0x00, 0x00, 0x00, 0x00, 0x00, 0x00, 0x00, 0x00, 0x00, 0x00, 0x00, 0x00, 0x00, 0x00, 0x00,
    0x00, 0x00, 0x00, 0x00, 0x00, 0x00, 0x00, 0x00, 0x00, 0x00, 0x00, 0x00, 0x00, 0x00, 0x00, 0x00,
    0x00, 0x00, 0x00, 0x00, 0x00, 0x00, 0x00, 0x00, 0x00, 0x00, 0x00, 0x00, 0x00, 0x00, 0x00, 0x00,
    0x00, 0x00, 0x00, 0x00, 0x00, 0x00, 0x00, 0x00, 0x00, 0x00, 0x00, 0x00, 0x00, 0x00, 0x00, 0x00,
    0x00, 0x00, 0x00, 0x00, 0x00, 0x00, 0x00, 0x00, 0x00, 0x00, 0x00, 0x00, 0x00, 0x00, 0x00, 0x00,
    0x00, 0x00, 0x00, 0x00, 0x00, 0x00, 0x00, 0x00, 0x00, 0x00, 0x00, 0x00, 0x00, 0x00, 0x00, 0x00,
    0x00, 0x00, 0x00, 0x00, 0x00, 0x00, 0x00, 0x00, 0x00, 0x00, 0x00, 0x00, 0x00, 0x00, 0x00, 0x00,
    0x00, 0x00, 0x00, 0x00, 0x00, 0x00, 0x00, 0x00, 0x00, 0x00, 0x00, 0x00, 0x00, 0x00, 0x00, 0x00,
    0x00, 0x00, 0x00, 0x00, 0x00, 0x00, 0x00, 0x00, 0x00, 0x00, 0x00, 0x00, 0x00, 0x00, 0x00, 0x00,
    0x00, 0x00, 0x00, 0x00, 0x00, 0x00, 0x00, 0x00, 0x00, 0x00, 0x00, 0x00, 0x00, 0x00, 0x00, 0x00,
    0x00, 0x00, 0x00, 0x00, 0x00, 0x00, 0x00, 0x00, 0x00, 0x00, 0x00, 0x00, 0x00, 0x00, 0x00, 0x00,
    0x00, 0x00, 0x00, 0x00, 0x00, 0x00, 0x00, 0x00, 0x00, 0x00, 0x00, 0x00, 0x00, 0x00, 0x00, 0x00,
    0x00, 0x00, 0x00, 0x00, 0x00, 0x00, 0x00, 0x00, 0x00, 0x00, 0x00, 0x00, 0x00, 0x00, 0x00, 0x00,
    0x00, 0x00, 0x00, 0x00, 0x00, 0x00, 0x00, 0x00, 0x00, 0x00, 0x00, 0x00, 0x00, 0x00, 0x00, 0x00,
    0x00, 0x00, 0x00, 0x00, 0x00, 0x00, 0x00, 0x00, 0x00, 0x00, 0x00, 0x00, 0x00, 0x00, 0x00, 0x00,
    0x00, 0x00, 0x00, 0x00, 0x00, 0x00, 0x00, 0x00, 0x00, 0x00, 0x00, 0x00, 0x00, 0x00, 0x00, 0x00,
    0x00, 0x00, 0x00, 0x00, 0x00, 0x00, 0x00, 0x00, 0x00, 0x00, 0x00, 0x00, 0x00, 0x00, 0x00, 0x00,
    0x00, 0x00, 0x00, 0x00, 0x00, 0x00, 0x00, 0x00, 0x00, 0x00, 0x00, 0x00, 0x00, 0x00, 0x00, 0x00,
    0x00, 0x00, 0x00, 0x00, 0x00, 0x00, 0x00, 0x00, 0x00, 0x00, 0x00, 0x00, 0x00, 0x00, 0x00, 0x00,
    0x00, 0x00, 0x00, 0x00, 0x00, 0x00, 0x00, 0x00, 0x00, 0x00, 0x00, 0x00, 0x00, 0x00, 0x00, 0x00,
    0x00, 0x00, 0x00, 0x00, 0x00, 0x00, 0x00, 0x00, 0x00, 0x00, 0x00, 0x00, 0x00, 0x00, 0x00, 0x00,
    0x00, 0x00, 0x00, 0x00, 0x00, 0x00, 0x00, 0x00, 0x00, 0x00, 0x00, 0x00, 0x00, 0x00, 0x00, 0x00,
    0x00, 0x00, 0x00, 0x00, 0x00, 0x00, 0x00, 0x00, 0x00, 0x00, 0x00, 0x00, 0x00, 0x00, 0x00, 0x00,
    0x00, 0x00, 0x00, 0x00, 0x00, 0x00, 0x00, 0x00, 0x00, 0x00, 0x00, 0x00, 0x00, 0x00, 0x00, 0x00,
    0x00, 0x00, 0x00, 0x00, 0x00, 0x00, 0x00, 0x00, 0x00, 0x00, 0x00, 0x00, 0x00, 0x00, 0x00, 0x00,
    0x00, 0x00, 0x00, 0x00, 0x00, 0x00, 0x00, 0x00, 0x00, 0x00, 0x00, 0x00, 0x00, 0x00, 0x00, 0x00,
    0x00, 0x00, 0x00, 0x00, 0x00, 0x00, 0x00, 0x00, 0x00, 0x00, 0x00, 0x00, 0x00, 0x00, 0x00, 0x00,
    0x00, 0x00, 0x00, 0x00, 0x00, 0x00, 0x00, 0x00, 0x00, 0x00, 0x00, 0x00, 0x00, 0x00, 0x00, 0x00,
    0x00, 0x00, 0x00, 0x00, 0x00, 0x00, 0x00, 0x00, 0x00, 0x00, 0x00, 0x00, 0x00, 0x00, 0x00, 0x00,
    0x00, 0x00, 0x00, 0x00, 0x00, 0x00, 0x00, 0x00, 0x00, 0x00, 0x00, 0x00, 0x00, 0x00, 0x00, 0x00,
    0x00, 0x00, 0x00, 0x00, 0x00, 0x00, 0x00, 0x00, 0x00, 0x00, 0x00, 0x00, 0x00, 0x00, 0x00, 0x00,
    0x00, 0x00, 0x00, 0x00, 0x00, 0x00, 0x00, 0x00, 0x00, 0x00, 0x00, 0x00, 0x00, 0x00, 0x00, 0x00,
    0x00, 0x00, 0x00, 0x00, 0x00, 0x00, 0x00, 0x00, 0x00, 0x00, 0x00, 0x00, 0x00, 0x00, 0x00, 0x00,
    0x00, 0x00, 0x00, 0x00, 0x00, 0x00, 0x00, 0x00, 0x00, 0x00, 0x00, 0x00, 0x00, 0x00, 0x00, 0x00,
    0x00, 0x00, 0x00, 0x00, 0x00, 0x00, 0x00, 0x00, 0x00, 0x00, 0x00, 0x00, 0x00, 0x00, 0x00, 0x00,
    0x00, 0x00, 0x00, 0x00, 0x00, 0x00, 0x00, 0x00, 0x00, 0x00, 0x00, 0x00, 0x00, 0x00, 0x00, 0x00,
    0x00, 0x00, 0x00, 0x00, 0x00, 0x00, 0x00, 0x00, 0x00, 0x00, 0x00, 0x00, 0x00, 0x00, 0x00, 0x00,
    0x00, 0x00, 0x00, 0x00, 0x00, 0x00, 0x00, 0x00, 0x00, 0x00, 0x00, 0x00, 0x00, 0x00, 0x00, 0x00,
    0x00, 0x00, 0x00, 0x00, 0x00, 0x00, 0x00, 0x00, 0x00, 0x00, 0x00, 0x00, 0x00, 0x00, 0x00, 0x00,
    0x00, 0x00, 0x00, 0x00, 0x00, 0x00, 0x00, 0x00, 0x00, 0x00, 0x00, 0x00, 0x00, 0x00, 0x00, 0x00,
    0x00, 0x00, 0x00, 0x00, 0x00, 0x00, 0x00, 0x00, 0x00, 0x00, 0x00, 0x00, 0x00, 0x00, 0x00, 0x00,
    0x00, 0x00, 0x00, 0x00, 0x00, 0x00, 0x00, 0x00, 0x00, 0x00, 0x00, 0x00, 0x00, 0x00, 0x00, 0x00,
    0x00, 0x00, 0x00, 0x00, 0x00, 0x00, 0x00, 0x00, 0x00, 0x00, 0x00, 0x00, 0x00, 0x00, 0x00, 0x00,
    0x00, 0x00, 0x00, 0x00, 0x00, 0x00, 0x00, 0x00, 0x00, 0x00, 0x00, 0x00, 0x00, 0x00, 0x00, 0x00,
    0x00, 0x00, 0x00, 0x00, 0x00, 0x00, 0x00, 0x00, 0x00, 0x00, 0x00, 0x00, 0x00, 0x00, 0x00, 0x00,
    0x00, 0x00, 0x00, 0x00, 0x00, 0x00, 0x00, 0x00, 0x00, 0x00, 0x00, 0x00, 0x00, 0x00, 0x00, 0x00,
    0x00, 0x00, 0x00, 0x00, 0x00, 0x00, 0x00, 0x00, 0x00, 0x00, 0x00, 0x00, 0x00, 0x00, 0x00, 0x00,
    0x00, 0x00, 0x00, 0x00, 0x00, 0x00, 0x00, 0x00, 0x00, 0x00, 0x00, 0x00, 0x00, 0x00, 0x00, 0x00,
    0x00, 0x00, 0x00, 0x00, 0x00, 0x00, 0x00, 0x00, 0x00, 0x00, 0x00, 0x00, 0x00, 0x00, 0x00, 0x00,
    0x00, 0x00, 0x00, 0x00, 0x00, 0x00, 0x00, 0x00, 0x00, 0x00, 0x00, 0x00, 0x00, 0x00, 0x00, 0x00,
    0x00, 0x00, 0x00, 0x00, 0x00, 0x00, 0x00, 0x00, 0x00, 0x00, 0x00, 0x00, 0x00, 0x00, 0x00, 0x00,
    0x00, 0x00, 0x00, 0x00, 0x00, 0x00, 0x00, 0x00, 0x00, 0x00, 0x00, 0x00, 0x00, 0x00, 0x00, 0x00,
    0x00, 0x00, 0x00, 0x00, 0x00, 0x00, 0x00, 0x00, 0x00, 0x00, 0x00, 0x00, 0x00, 0x00, 0x00, 0x00,
    0x00, 0x00, 0x00, 0x00, 0x00, 0x00, 0x00, 0x00, 0x00, 0x00, 0x00, 0x00, 0x00, 0x00, 0x00, 0x00,
    0x00, 0x00, 0x00, 0x00, 0x00, 0x00, 0x00, 0x00, 0x00, 0x00, 0x00, 0x00, 0x00, 0x00, 0x00, 0x00,
    0x00, 0x00, 0x00, 0x00, 0x00, 0x00, 0x00, 0x00, 0x00, 0x00, 0x00, 0x00, 0x00, 0x00, 0x34, 0x06,
    0x00, 0x00, 0x34, 0x7A, 0x04, 0x04, 0x35, 0xE7, 0x00, 0x00, 0x1E, 0xFB, 0x32, 0x32, 0x49, 0xFB,
    0xC6, 0xC6, 0xC8, 0xFD, 0xF1, 0xF1, 0xF1, 0xFF, 0xED, 0xED, 0xED, 0xFF, 0xEF, 0xEF, 0xEF, 0xFF,
    0xED, 0xED, 0xED, 0xFF, 0xA6, 0xA6, 0xAA, 0xFF, 0x00, 0x00, 0x1D, 0xFF, 0x00, 0x00, 0x2C, 0xFF,
    0x02, 0x02, 0x34, 0xFF, 0x00, 0x00, 0x34, 0xFF, 0x00, 0x00, 0x34, 0xFF, 0x00, 0x00, 0x34, 0xFF,
    0x00, 0x00, 0x34, 0xFF, 0x00, 0x00, 0x34, 0xFF, 0x00, 0x00, 0x34, 0xFF, 0x00, 0x00, 0x34, 0xFF,
    0x00, 0x00, 0x34, 0xFF, 0x00, 0x00, 0x34, 0xFF, 0x00, 0x00, 0x34, 0xFF, 0x00, 0x00, 0x34, 0xFF,
    0x00, 0x00, 0x34, 0xFF, 0x00, 0x00, 0x34, 0xFF, 0x00, 0x00, 0x34, 0xFF, 0x00, 0x00, 0x34, 0xFF,
    0x00, 0x00, 0x34, 0xFF, 0x00, 0x00, 0x34, 0xFF, 0x00, 0x00, 0x34, 0xFF, 0x00, 0x00, 0x34, 0xFF,
    0x00, 0x00, 0x34, 0xFF, 0x00, 0x00, 0x34, 0xFF, 0x00, 0x00, 0x34, 0xFF, 0x00, 0x00, 0x34, 0xFF,
    0x00, 0x00, 0x34, 0xFF, 0x00, 0x00, 0x34, 0xFF, 0x00, 0x00, 0x34, 0xFF, 0x00, 0x00, 0x34, 0xFF,
    0x02, 0x02, 0x34, 0xFF, 0x00, 0x00, 0x2D, 0xFF, 0x00, 0x00, 0x19, 0xFF, 0xA3, 0xA3, 0xA7, 0xFF,
    0xED, 0xED, 0xED, 0xFF, 0xEF, 0xEF, 0xEF, 0xFF, 0xED, 0xED, 0xED, 0xFF, 0xF1, 0xF1, 0xF1, 0xFF,
    0xC5, 0xC5, 0xC7, 0xFD, 0x30, 0x30, 0x47, 0xFB, 0x00, 0x00, 0x1F, 0xFB, 0x04, 0x04, 0x35, 0xE5,
    0x00, 0x00, 0x34, 0x75, 0x00, 0x00, 0x34, 0x04, 0x00, 0x00, 0x00, 0x00, 0x00, 0x00, 0x00, 0x00,
    0x00, 0x00, 0x00, 0x00, 0x00, 0x00, 0x00, 0x00, 0x00, 0x00, 0x00, 0x00, 0x00, 0x00, 0x00, 0x00,
    0x00, 0x00, 0x00, 0x00, 0x00, 0x00, 0x00, 0x00, 0x00, 0x00, 0x00, 0x00, 0x00, 0x00, 0x00, 0x00,
    0x00, 0x00, 0x00, 0x00, 0x00, 0x00, 0x00, 0x00, 0x00, 0x00, 0x00, 0x00, 0x00, 0x00, 0x00, 0x00,
    0x00, 0x00, 0x00, 0x00, 0x00, 0x00, 0x00, 0x00, 0x00, 0x00, 0x00, 0x00, 0x00, 0x00, 0x00, 0x00,
    0x00, 0x00, 0x00, 0x00, 0x00, 0x00, 0x00, 0x00, 0x00, 0x00, 0x00, 0x00, 0x00, 0x00, 0x00, 0x00,
    0x00, 0x00, 0x00, 0x00, 0x00, 0x00, 0x00, 0x00, 0x00, 0x00, 0x00, 0x00, 0x00, 0x00, 0x00, 0x00,
    0x00, 0x00, 0x00, 0x00, 0x00, 0x00, 0x00, 0x00, 0x00, 0x00, 0x00, 0x00, 0x00, 0x00, 0x00, 0x00,
    0x00, 0x00, 0x00, 0x00, 0x00, 0x00, 0x00, 0x00, 0x00, 0x00, 0x00, 0x00, 0x00, 0x00, 0x00, 0x00,
    0x00, 0x00, 0x00, 0x00, 0x00, 0x00, 0x00, 0x00, 0x00, 0x00, 0x00, 0x00, 0x00, 0x00, 0x00, 0x00,
    0x00, 0x00, 0x00, 0x00, 0x00, 0x00, 0x00, 0x00, 0x00, 0x00, 0x00, 0x00, 0x00, 0x00, 0x00, 0x00,
    0x00, 0x00, 0x00, 0x00, 0x00, 0x00, 0x00, 0x00, 0x00, 0x00, 0x00, 0x00, 0x00, 0x00, 0x00, 0x00,
    0x00, 0x00, 0x00, 0x00, 0x00, 0x00, 0x00, 0x00, 0x00, 0x00, 0x00, 0x00, 0x00, 0x00, 0x00, 0x00,
    0x00, 0x00, 0x00, 0x00, 0x00, 0x00, 0x00, 0x00, 0x00, 0x00, 0x00, 0x00, 0x00, 0x00, 0x00, 0x00,
    0x00, 0x00, 0x00, 0x00, 0x00, 0x00, 0x00, 0x00, 0x00, 0x00, 0x00, 0x00, 0x00, 0x00, 0x00, 0x00,
    0x00, 0x00, 0x00, 0x00, 0x00, 0x00, 0x00, 0x00, 0x00, 0x00, 0x00, 0x00, 0x00, 0x00, 0x00, 0x00,
    0x00, 0x00, 0x00, 0x00, 0x00, 0x00, 0x00, 0x00, 0x00, 0x00, 0x00, 0x00, 0x00, 0x00, 0x00, 0x00,
    0x00, 0x00, 0x00, 0x00, 0x00, 0x00, 0x00, 0x00, 0x00, 0x00, 0x00, 0x00, 0x00, 0x00, 0x00, 0x00,
    0x00, 0x00, 0x00, 0x00, 0x00, 0x00, 0x00, 0x00, 0x00, 0x00, 0x00, 0x00, 0x00, 0x00, 0x00, 0x00,
    0x00, 0x00, 0x00, 0x00, 0x00, 0x00, 0x00, 0x00, 0x00, 0x00, 0x00, 0x00, 0x00, 0x00, 0x00, 0x00,
    0x00, 0x00, 0x00, 0x00, 0x00, 0x00, 0x00, 0x00, 0x00, 0x00, 0x00, 0x00, 0x00, 0x00, 0x00, 0x00,
    0x00, 0x00, 0x00, 0x00, 0x00, 0x00, 0x00, 0x00, 0x00, 0x00, 0x00, 0x00, 0x00, 0x00, 0x00, 0x00,
    0x00, 0x00, 0x00, 0x00, 0x00, 0x00, 0x00, 0x00, 0x00, 0x00, 0x00, 0x00, 0x00, 0x00, 0x00, 0x00,
    0x00, 0x00, 0x00, 0x00, 0x00, 0x00, 0x00, 0x00, 0x00, 0x00, 0x00, 0x00, 0x00, 0x00, 0x00, 0x00,
    0x00, 0x00, 0x00, 0x00, 0x00, 0x00, 0x00, 0x00, 0x00, 0x00, 0x00, 0x00, 0x00, 0x00, 0x00, 0x00,
    0x00, 0x00, 0x00, 0x00, 0x00, 0x00, 0x00, 0x00, 0x00, 0x00, 0x00, 0x00, 0x00, 0x00, 0x00, 0x00,
    0x00, 0x00, 0x00, 0x00, 0x00, 0x00, 0x00, 0x00, 0x00, 0x00, 0x00, 0x00, 0x00, 0x00, 0x00, 0x00,
    0x00, 0x00, 0x00, 0x00, 0x00, 0x00, 0x00, 0x00, 0x00, 0x00, 0x00, 0x00, 0x00, 0x00, 0x00, 0x00,
    0x00, 0x00, 0x00, 0x00, 0x00, 0x00, 0x00, 0x00, 0x00, 0x00, 0x00, 0x00, 0x00, 0x00, 0x00, 0x00,
    0x00, 0x00, 0x00, 0x00, 0x00, 0x00, 0x00, 0x00, 0x00, 0x00, 0x00, 0x00, 0x00, 0x00, 0x00, 0x00,
    0x00, 0x00, 0x00, 0x00, 0x00, 0x00, 0x00, 0x00, 0x00, 0x00, 0x00, 0x00, 0x00, 0x00, 0x00, 0x00,
    0x00, 0x00, 0x00, 0x00, 0x00, 0x00, 0x00, 0x00, 0x00, 0x00, 0x00, 0x00, 0x00, 0x00, 0x00, 0x00,
    0x00, 0x00, 0x00, 0x00, 0x00, 0x00, 0x00, 0x00, 0x00, 0x00, 0x00, 0x00, 0x00, 0x00, 0x00, 0x00,
    0x00, 0x00, 0x00, 0x00, 0x00, 0x00, 0x00, 0x00, 0x00, 0x00, 0x00, 0x00, 0x00, 0x00, 0x00, 0x00,
    0x00, 0x00, 0x00, 0x00, 0x00, 0x00, 0x00, 0x00, 0x00, 0x00, 0x00, 0x00, 0x00, 0x00, 0x00, 0x00,
    0x00, 0x00, 0x00, 0x00, 0x00, 0x00, 0x00, 0x00, 0x00, 0x00, 0x00, 0x00, 0x00, 0x00, 0x00, 0x00,
    0x00, 0x00, 0x00, 0x00, 0x00, 0x00, 0x00, 0x00, 0x00, 0x00, 0x00, 0x00, 0x00, 0x00, 0x00, 0x00,
    0x00, 0x00, 0x00, 0x00, 0x00, 0x00, 0x00, 0x00, 0x00, 0x00, 0x00, 0x00, 0x00, 0x00, 0x00, 0x00,
    0x00, 0x00, 0x00, 0x00, 0x00, 0x00, 0x00, 0x00, 0x00, 0x00, 0x00, 0x00, 0x00, 0x00, 0x00, 0x00,
    0x00, 0x00, 0x00, 0x00, 0x00, 0x00, 0x00, 0x00, 0x00, 0x00, 0x00, 0x00, 0x00, 0x00, 0x00, 0x00,
    0x00, 0x00, 0x00, 0x00, 0x00, 0x00, 0x00, 0x00, 0x00, 0x00, 0x00, 0x00, 0x00, 0x00, 0x00, 0x00,
    0x00, 0x00, 0x00, 0x00, 0x00, 0x00, 0x00, 0x00, 0x00, 0x00, 0x00, 0x00, 0x00, 0x00, 0x00, 0x00,
    0x00, 0x00, 0x00, 0x00, 0x00, 0x00, 0x00, 0x00, 0x00, 0x00, 0x00, 0x00, 0x00, 0x00, 0x00, 0x00,
    0x00, 0x00, 0x00, 0x00, 0x00, 0x00, 0x00, 0x00, 0x00, 0x00, 0x00, 0x00, 0x00, 0x00, 0x00, 0x00,
    0x00, 0x00, 0x00, 0x00, 0x00, 0x00, 0x00, 0x00, 0x00, 0x00, 0x00, 0x00, 0x00, 0x00, 0x00, 0x00,
    0x00, 0x00, 0x00, 0x00, 0x00, 0x00, 0x00, 0x00, 0x00, 0x00, 0x00, 0x00, 0x00, 0x00, 0x00, 0x00,
    0x00, 0x00, 0x00, 0x00, 0x00, 0x00, 0x00, 0x00, 0x00, 0x00, 0x00, 0x00, 0x00, 0x00, 0x00, 0x00,
    0x00, 0x00, 0x00, 0x00, 0x00, 0x00, 0x00, 0x00, 0x00, 0x00, 0x00, 0x00, 0x00, 0x00, 0x00, 0x00,
    0x00, 0x00, 0x00, 0x00, 0x00, 0x00, 0x00, 0x00, 0x00, 0x00, 0x00, 0x00, 0x00, 0x00, 0x00, 0x00,
    0x00, 0x00, 0x00, 0x00, 0x00, 0x00, 0x00, 0x00, 0x00, 0x00, 0x00, 0x00, 0x00, 0x00, 0x00, 0x00,
    0x00, 0x00, 0x00, 0x00, 0x00, 0x00, 0x00, 0x00, 0x00, 0x00, 0x00, 0x00, 0x00, 0x00, 0x00, 0x00,
    0x00, 0x00, 0x00, 0x00, 0x00, 0x00, 0x00, 0x00, 0x00, 0x00, 0x00, 0x00, 0x00, 0x00, 0x00, 0x00,
    0x00, 0x00, 0x00, 0x00, 0x00, 0x00, 0x00, 0x00, 0x00, 0x00, 0x00, 0x00, 0x00, 0x00, 0x00, 0x00,
    0x00, 0x00, 0x00, 0x00, 0x00, 0x00, 0x00, 0x00, 0x00, 0x00, 0x00, 0x00, 0x00, 0x00, 0x00, 0x00,
    0x00, 0x00, 0x00, 0x00, 0x00, 0x00, 0x00, 0x00, 0x00, 0x00, 0x00, 0x00, 0x00, 0x00, 0x00, 0x00,
    0x00, 0x00, 0x00, 0x00, 0x00, 0x00, 0x00, 0x00, 0x00, 0x00, 0x00, 0x00, 0x00, 0x00, 0x00, 0x00,
    0x00, 0x00, 0x00, 0x00, 0x00, 0x00, 0x00, 0x00, 0x00, 0x00, 0x00, 0x00, 0x00, 0x00, 0x00, 0x00,
    0x00, 0x00, 0x00, 0x00, 0x00, 0x00, 0x00, 0x00, 0x00, 0x00, 0x00, 0x00, 0x00, 0x00, 0x00, 0x00,
    0x00, 0x00, 0x00, 0x00, 0x00, 0x00, 0x00, 0x00, 0x00, 0x00, 0x00, 0x00, 0x00, 0x00, 0x00, 0x00,
    0x00, 0x00, 0x00, 0x00, 0x00, 0x00, 0x00, 0x00, 0x00, 0x00, 0x00, 0x00, 0x00, 0x00, 0x00, 0x00,
    0x00, 0x00, 0x00, 0x00, 0x00, 0x00, 0x00, 0x00, 0x00, 0x00, 0x00, 0x00, 0x00, 0x00, 0x00, 0x00,
    0x00, 0x00, 0x00, 0x00, 0x00, 0x00, 0x34, 0x61, 0x03, 0x03, 0x35, 0xDC, 0x00, 0x00, 0x28, 0xFB,
    0x00, 0x00, 0x2F, 0xFB, 0xB4, 0xB4, 0xB7, 0xFD, 0xEF, 0xEF, 0xEF, 0xFF, 0xEE, 0xEE, 0xEE, 0xFF,
    0xEE, 0xEE, 0xEE, 0xFF, 0xF0, 0xF0, 0xF0, 0xFF, 0xB9, 0xB9, 0xBC, 0xFF, 0x08, 0x08, 0x36, 0xFF,
    0x00, 0x00, 0x26, 0xFF, 0x03, 0x03, 0x35, 0xFF, 0x00, 0x00, 0x34, 0xFF, 0x00, 0x00, 0x34, 0xFF,
    0x00, 0x00, 0x34, 0xFF, 0x00, 0x00, 0x34, 0xFF, 0x00, 0x00, 0x34, 0xFF, 0x00, 0x00, 0x34, 0xFF,
    0x00, 0x00, 0x34, 0xFF, 0x00, 0x00, 0x34, 0xFF, 0x00, 0x00, 0x34, 0xFF, 0x00, 0x00, 0x34, 0xFF,
    0x00, 0x00, 0x34, 0xFF, 0x00, 0x00, 0x34, 0xFF, 0x00, 0x00, 0x34, 0xFF, 0x00, 0x00, 0x34, 0xFF,
    0x00, 0x00, 0x34, 0xFF, 0x00, 0x00, 0x34, 0xFF, 0x00, 0x00, 0x34, 0xFF, 0x00, 0x00, 0x34, 0xFF,
    0x00, 0x00, 0x34, 0xFF, 0x00, 0x00, 0x34, 0xFF, 0x00, 0x00, 0x34, 0xFF, 0x00, 0x00, 0x34, 0xFF,
    0x00, 0x00, 0x34, 0xFF, 0x00, 0x00, 0x34, 0xFF, 0x00, 0x00, 0x34, 0xFF, 0x03, 0x03, 0x35, 0xFF,
    0x00, 0x00, 0x28, 0xFF, 0x00, 0x00, 0x31, 0xFF, 0xB5, 0xB5, 0xB8, 0xFF, 0xF0, 0xF0, 0xF0, 0xFF,
    0xEE, 0xEE, 0xEE, 0xFF, 0xEE, 0xEE, 0xEE, 0xFF, 0xF0, 0xF0, 0xF0, 0xFF, 0xB5, 0xB5, 0xB8, 0xFD,
    0x00, 0x00, 0x30, 0xFB, 0x00, 0x00, 0x28, 0xFB, 0x03, 0x03, 0x35, 0xDB, 0x00, 0x00, 0x34, 0x5E,
    0x00, 0x00, 0x00, 0x00, 0x00, 0x00, 0x00, 0x00, 0x00, 0x00, 0x00, 0x00, 0x00, 0x00, 0x00, 0x00,
    0x00, 0x00, 0x00, 0x00, 0x00, 0x00, 0x00, 0x00, 0x00, 0x00, 0x00, 0x00, 0x00, 0x00, 0x00, 0x00,
    0x00, 0x00, 0x00, 0x00, 0x00, 0x00, 0x00, 0x00, 0x00, 0x00, 0x00, 0x00, 0x00, 0x00, 0x00, 0x00,
    0x00, 0x00, 0x00, 0x00, 0x00, 0x00, 0x00, 0x00, 0x00, 0x00, 0x00, 0x00, 0x00, 0x00, 0x00, 0x00,
    0x00, 0x00, 0x00, 0x00, 0x00, 0x00, 0x00, 0x00, 0x00, 0x00, 0x00, 0x00, 0x00, 0x00, 0x00, 0x00,
    0x00, 0x00, 0x00, 0x00, 0x00, 0x00, 0x00, 0x00, 0x00, 0x00, 0x00, 0x00, 0x00, 0x00, 0x00, 0x00,
    0x00, 0x00, 0x00, 0x00, 0x00, 0x00, 0x00, 0x00, 0x00, 0x00, 0x00, 0x00, 0x00, 0x00, 0x00, 0x00,
    0x00, 0x00, 0x00, 0x00, 0x00, 0x00, 0x00, 0x00, 0x00, 0x00, 0x00, 0x00, 0x00, 0x00, 0x00, 0x00,
    0x00, 0x00, 0x00, 0x00, 0x00, 0x00, 0x00, 0x00, 0x00, 0x00, 0x00, 0x00, 0x00, 0x00, 0x00, 0x00,
    0x00, 0x00, 0x00, 0x00, 0x00, 0x00, 0x00, 0x00, 0x00, 0x00, 0x00, 0x00, 0x00, 0x00, 0x00, 0x00,
    0x00, 0x00, 0x00, 0x00, 0x00, 0x00, 0x00, 0x00, 0x00, 0x00, 0x00, 0x00, 0x00, 0x00, 0x00, 0x00,
    0x00, 0x00, 0x00, 0x00, 0x00, 0x00, 0x00, 0x00, 0x00, 0x00, 0x00, 0x00, 0x00, 0x00, 0x00, 0x00,
    0x00, 0x00, 0x00, 0x00, 0x00, 0x00, 0x00, 0x00, 0x00, 0x00, 0x00, 0x00, 0x00, 0x00, 0x00, 0x00,
    0x00, 0x00, 0x00, 0x00, 0x00, 0x00, 0x00, 0x00, 0x00, 0x00, 0x00, 0x00, 0x00, 0x00, 0x00, 0x00,
    0x00, 0x00, 0x00, 0x00, 0x00, 0x00, 0x00, 0x00, 0x00, 0x00, 0x00, 0x00, 0x00, 0x00, 0x00, 0x00,
    0x00, 0x00, 0x00, 0x00, 0x00, 0x00, 0x00, 0x00, 0x00, 0x00, 0x00, 0x00, 0x00, 0x00, 0x00, 0x00,
    0x00, 0x00, 0x00, 0x00, 0x00, 0x00, 0x00, 0x00, 0x00, 0x00, 0x00, 0x00, 0x00, 0x00, 0x00, 0x00,
    0x00, 0x00, 0x00, 0x00, 0x00, 0x00, 0x00, 0x00, 0x00, 0x00, 0x00, 0x00, 0x00, 0x00, 0x00, 0x00,
    0x00, 0x00, 0x00, 0x00, 0x00, 0x00, 0x00, 0x00, 0x00, 0x00, 0x00, 0x00, 0x00, 0x00, 0x00, 0x00,
    0x00, 0x00, 0x00, 0x00, 0x00, 0x00, 0x00, 0x00, 0x00, 0x00, 0x00, 0x00, 0x00, 0x00, 0x00, 0x00,
    0x00, 0x00, 0x00, 0x00, 0x00, 0x00, 0x00, 0x00, 0x00, 0x00, 0x00, 0x00, 0x00, 0x00, 0x00, 0x00,
    0x00, 0x00, 0x00, 0x00, 0x00, 0x00, 0x00, 0x00, 0x00, 0x00, 0x00, 0x00, 0x00, 0x00, 0x00, 0x00,
    0x00, 0x00, 0x00, 0x00, 0x00, 0x00, 0x00, 0x00, 0x00, 0x00, 0x00, 0x00, 0x00, 0x00, 0x00, 0x00,
    0x00, 0x00, 0x00, 0x00, 0x00, 0x00, 0x00, 0x00, 0x00, 0x00, 0x00, 0x00, 0x00, 0x00, 0x00, 0x00,
    0x00, 0x00, 0x00, 0x00, 0x00, 0x00, 0x00, 0x00, 0x00, 0x00, 0x00, 0x00, 0x00, 0x00, 0x00, 0x00,
    0x00, 0x00, 0x00, 0x00, 0x00, 0x00, 0x00, 0x00, 0x00, 0x00, 0x00, 0x00, 0x00, 0x00, 0x00, 0x00,
    0x00, 0x00, 0x00, 0x00, 0x00, 0x00, 0x00, 0x00, 0x00, 0x00, 0x00, 0x00, 0x00, 0x00, 0x00, 0x00,
    0x00, 0x00, 0x00, 0x00, 0x00, 0x00, 0x00, 0x00, 0x00, 0x00, 0x00, 0x00, 0x00, 0x00, 0x00, 0x00,
    0x00, 0x00, 0x00, 0x00, 0x00, 0x00, 0x00, 0x00, 0x00, 0x00, 0x00, 0x00, 0x00, 0x00, 0x00, 0x00,
    0x00, 0x00, 0x00, 0x00, 0x00, 0x00, 0x00, 0x00, 0x00, 0x00, 0x00, 0x00, 0x00, 0x00, 0x00, 0x00,
    0x00, 0x00, 0x00, 0x00, 0x00, 0x00, 0x00, 0x00, 0x00, 0x00, 0x00, 0x00, 0x00, 0x00, 0x00, 0x00,
    0x00, 0x00, 0x00, 0x00, 0x00, 0x00, 0x00, 0x00, 0x00, 0x00, 0x00, 0x00, 0x00, 0x00, 0x00, 0x00,
    0x00, 0x00, 0x00, 0x00, 0x00, 0x00, 0x00, 0x00, 0x00, 0x00, 0x00, 0x00, 0x00, 0x00, 0x00, 0x00,
    0x00, 0x00, 0x00, 0x00, 0x00, 0x00, 0x00, 0x00, 0x00, 0x00, 0x00, 0x00, 0x00, 0x00, 0x00, 0x00,
    0x00, 0x00, 0x00, 0x00, 0x00, 0x00, 0x00, 0x00, 0x00, 0x00, 0x00, 0x00, 0x00, 0x00, 0x00, 0x00,
    0x00, 0x00, 0x00, 0x00, 0x00, 0x00, 0x00, 0x00, 0x00, 0x00, 0x00, 0x00, 0x00, 0x00, 0x00, 0x00,
    0x00, 0x00, 0x00, 0x00, 0x00, 0x00, 0x00, 0x00, 0x00, 0x00, 0x00, 0x00, 0x00, 0x00, 0x00, 0x00,
    0x00, 0x00, 0x00, 0x00, 0x00, 0x00, 0x00, 0x00, 0x00, 0x00, 0x00, 0x00, 0x00, 0x00, 0x00, 0x00,
    0x00, 0x00, 0x00, 0x00, 0x00, 0x00, 0x00, 0x00, 0x00, 0x00, 0x00, 0x00, 0x00, 0x00, 0x00, 0x00,
    0x00, 0x00, 0x00, 0x00, 0x00, 0x00, 0x00, 0x00, 0x00, 0x00, 0x00, 0x00, 0x00, 0x00, 0x00, 0x00,
    0x00, 0x00, 0x00, 0x00, 0x00, 0x00, 0x00, 0x00, 0x00, 0x00, 0x00, 0x00, 0x00, 0x00, 0x00, 0x00,
    0x00, 0x00, 0x00, 0x00, 0x00, 0x00, 0x00, 0x00, 0x00, 0x00, 0x00, 0x00, 0x00, 0x00, 0x00, 0x00,
    0x00, 0x00, 0x00, 0x00, 0x00, 0x00, 0x00, 0x00, 0x00, 0x00, 0x00, 0x00, 0x00, 0x00, 0x00, 0x00,
    0x00, 0x00, 0x00, 0x00, 0x00, 0x00, 0x00, 0x00, 0x00, 0x00, 0x00, 0x00, 0x00, 0x00, 0x00, 0x00,
    0x00, 0x00, 0x00, 0x00, 0x00, 0x00, 0x00, 0x00, 0x00, 0x00, 0x00, 0x00, 0x00, 0x00, 0x00, 0x00,
    0x00, 0x00, 0x00, 0x00, 0x00, 0x00, 0x00, 0x00, 0x00, 0x00, 0x00, 0x00, 0x00, 0x00, 0x00, 0x00,
    0x00, 0x00, 0x00, 0x00, 0x00, 0x00, 0x00, 0x00, 0x00, 0x00, 0x00, 0x00, 0x00, 0x00, 0x00, 0x00,
    0x00, 0x00, 0x00, 0x00, 0x00, 0x00, 0x00, 0x00, 0x00, 0x00, 0x00, 0x00, 0x00, 0x00, 0x00, 0x00,
    0x00, 0x00, 0x00, 0x00, 0x00, 0x00, 0x00, 0x00, 0x00, 0x00, 0x00, 0x00, 0x00, 0x00, 0x00, 0x00,
    0x00, 0x00, 0x00, 0x00, 0x00, 0x00, 0x00, 0x00, 0x00, 0x00, 0x00, 0x00, 0x00, 0x00, 0x00, 0x00,
    0x00, 0x00, 0x00, 0x00, 0x00, 0x00, 0x00, 0x00, 0x00, 0x00, 0x00, 0x00, 0x00, 0x00, 0x00, 0x00,
    0x00, 0x00, 0x00, 0x00, 0x00, 0x00, 0x00, 0x00, 0x00, 0x00, 0x00, 0x00, 0x00, 0x00, 0x00, 0x00,
    0x00, 0x00, 0x00, 0x00, 0x00, 0x00, 0x00, 0x00, 0x00, 0x00, 0x00, 0x00, 0x00, 0x00, 0x00, 0x00,
    0x00, 0x00, 0x00, 0x00, 0x00, 0x00, 0x00, 0x00, 0x00, 0x00, 0x00, 0x00, 0x00, 0x00, 0x00, 0x00,
    0x00, 0x00, 0x00, 0x00, 0x00, 0x00, 0x00, 0x00, 0x00, 0x00, 0x00, 0x00, 0x00, 0x00, 0x00, 0x00,
    0x00, 0x00, 0x00, 0x00, 0x00, 0x00, 0x00, 0x00, 0x00, 0x00, 0x00, 0x00, 0x00, 0x00, 0x00, 0x00,
    0x00, 0x00, 0x00, 0x00, 0x00, 0x00, 0x00, 0x00, 0x00, 0x00, 0x00, 0x00, 0x00, 0x00, 0x00, 0x00,
    0x00, 0x00, 0x00, 0x00, 0x00, 0x00, 0x00, 0x00, 0x00, 0x00, 0x00, 0x00, 0x00, 0x00, 0x00, 0x00,
    0x00, 0x00, 0x00, 0x00, 0x00, 0x00, 0x00, 0x00, 0x00, 0x00, 0x00, 0x00, 0x00, 0x00, 0x00, 0x00,
    0x00, 0x00, 0x00, 0x00, 0x00, 0x00, 0x00, 0x00, 0x00, 0x00, 0x00, 0x00, 0x00, 0x00, 0x00, 0x00,
    0x00, 0x00, 0x00, 0x00, 0x00, 0x00, 0x00, 0x00, 0x00, 0x00, 0x00, 0x00, 0x00, 0x00, 0x00, 0x00,
    0x00, 0x00, 0x00, 0x00, 0x00, 0x00, 0x00, 0x00, 0x00, 0x00, 0x34, 0x49, 0x02, 0x02, 0x35, 0xCE,
    0x00, 0x00, 0x2E, 0xFA, 0x00, 0x00, 0x15, 0xFB, 0xA0, 0xA0, 0xA5, 0xFC, 0xEC, 0xEC, 0xEC, 0xFF,
    0xEF, 0xEF, 0xEF, 0xFF, 0xED, 0xED, 0xED, 0xFF, 0xF1, 0xF1, 0xF1, 0xFF, 0xC9, 0xC9, 0xCB, 0xFF,
    0x3C, 0x3C, 0x4F, 0xFF, 0x00, 0x00, 0x1C, 0xFF, 0x03, 0x03, 0x35, 0xFF, 0x00, 0x00, 0x34, 0xFF,
    0x00, 0x00, 0x34, 0xFF, 0x00, 0x00, 0x34, 0xFF, 0x00, 0x00, 0x34, 0xFF, 0x00, 0x00, 0x34, 0xFF,
    0x00, 0x00, 0x34, 0xFF, 0x00, 0x00, 0x34, 0xFF, 0x00, 0x00, 0x34, 0xFF, 0x00, 0x00, 0x34, 0xFF,
    0x00, 0x00, 0x34, 0xFF, 0x00, 0x00, 0x34, 0xFF, 0x00, 0x00, 0x34, 0xFF, 0x00, 0x00, 0x34, 0xFF,
    0x00, 0x00, 0x34, 0xFF, 0x00, 0x00, 0x34, 0xFF, 0x00, 0x00, 0x34, 0xFF, 0x00, 0x00, 0x34, 0xFF,
    0x00, 0x00, 0x34, 0xFF, 0x00, 0x00, 0x34, 0xFF, 0x00, 0x00, 0x34, 0xFF, 0x00, 0x00, 0x34, 0xFF,
    0x00, 0x00, 0x34, 0xFF, 0x00, 0x00, 0x34, 0xFF, 0x03, 0x03, 0x35, 0xFF, 0x00, 0x00, 0x1F, 0xFF,
    0x32, 0x32, 0x48, 0xFF, 0xC6, 0xC6, 0xC8, 0xFF, 0xF1, 0xF1, 0xF1, 0xFF, 0xED, 0xED, 0xED, 0xFF,
    0xEF, 0xEF, 0xEF, 0xFF, 0xED, 0xED, 0xED, 0xFF, 0xA2, 0xA2, 0xA7, 0xFC, 0x00, 0x00, 0x17, 0xFB,
    0x00, 0x00, 0x2E, 0xFA, 0x02, 0x02, 0x35, 0xCD, 0x00, 0x00, 0x34, 0x47, 0x00, 0x00, 0x00, 0x00,
    0x00, 0x00, 0x00, 0x00, 0x00, 0x00, 0x00, 0x00, 0x00, 0x00, 0x00, 0x00, 0x00, 0x00, 0x00, 0x00,
    0x00, 0x00, 0x00, 0x00, 0x00, 0x00, 0x00, 0x00, 0x00, 0x00, 0x00, 0x00, 0x00, 0x00, 0x00, 0x00,
    0x00, 0x00, 0x00, 0x00, 0x00, 0x00, 0x00, 0x00, 0x00, 0x00, 0x00, 0x00, 0x00, 0x00, 0x00, 0x00,
    0x00, 0x00, 0x00, 0x00, 0x00, 0x00, 0x00, 0x00, 0x00, 0x00, 0x00, 0x00, 0x00, 0x00, 0x00, 0x00,
    0x00, 0x00, 0x00, 0x00, 0x00, 0x00, 0x00, 0x00, 0x00, 0x00, 0x00, 0x00, 0x00, 0x00, 0x00, 0x00,
    0x00, 0x00, 0x00, 0x00, 0x00, 0x00, 0x00, 0x00, 0x00, 0x00, 0x00, 0x00, 0x00, 0x00, 0x00, 0x00,
    0x00, 0x00, 0x00, 0x00, 0x00, 0x00, 0x00, 0x00, 0x00, 0x00, 0x00, 0x00, 0x00, 0x00, 0x00, 0x00,
    0x00, 0x00, 0x00, 0x00, 0x00, 0x00, 0x00, 0x00, 0x00, 0x00, 0x00, 0x00, 0x00, 0x00, 0x00, 0x00,
    0x00, 0x00, 0x00, 0x00, 0x00, 0x00, 0x00, 0x00, 0x00, 0x00, 0x00, 0x00, 0x00, 0x00, 0x00, 0x00,
    0x00, 0x00, 0x00, 0x00, 0x00, 0x00, 0x00, 0x00, 0x00, 0x00, 0x00, 0x00, 0x00, 0x00, 0x00, 0x00,
    0x00, 0x00, 0x00, 0x00, 0x00, 0x00, 0x00, 0x00, 0x00, 0x00, 0x00, 0x00, 0x00, 0x00, 0x00, 0x00,
    0x00, 0x00, 0x00, 0x00, 0x00, 0x00, 0x00, 0x00, 0x00, 0x00, 0x00, 0x00, 0x00, 0x00, 0x00, 0x00,
    0x00, 0x00, 0x00, 0x00, 0x00, 0x00, 0x00, 0x00, 0x00, 0x00, 0x00, 0x00, 0x00, 0x00, 0x00, 0x00,
    0x00, 0x00, 0x00, 0x00, 0x00, 0x00, 0x00, 0x00, 0x00, 0x00, 0x00, 0x00, 0x00, 0x00, 0x00, 0x00,
    0x00, 0x00, 0x00, 0x00, 0x00, 0x00, 0x00, 0x00, 0x00, 0x00, 0x00, 0x00, 0x00, 0x00, 0x00, 0x00,
    0x00, 0x00, 0x00, 0x00, 0x00, 0x00, 0x00, 0x00, 0x00, 0x00, 0x00, 0x00, 0x00, 0x00, 0x00, 0x00,
    0x00, 0x00, 0x00, 0x00, 0x00, 0x00, 0x00, 0x00, 0x00, 0x00, 0x00, 0x00, 0x00, 0x00, 0x00, 0x00,
    0x00, 0x00, 0x00, 0x00, 0x00, 0x00, 0x00, 0x00, 0x00, 0x00, 0x00, 0x00, 0x00, 0x00, 0x00, 0x00,
    0x00, 0x00, 0x00, 0x00, 0x00, 0x00, 0x00, 0x00, 0x00, 0x00, 0x00, 0x00, 0x00, 0x00, 0x00, 0x00,
    0x00, 0x00, 0x00, 0x00, 0x00, 0x00, 0x00, 0x00, 0x00, 0x00, 0x00, 0x00, 0x00, 0x00, 0x00, 0x00,
    0x00, 0x00, 0x00, 0x00, 0x00, 0x00, 0x00, 0x00, 0x00, 0x00, 0x00, 0x00, 0x00, 0x00, 0x00, 0x00,
    0x00, 0x00, 0x00, 0x00, 0x00, 0x00, 0x00, 0x00, 0x00, 0x00, 0x00, 0x00, 0x00, 0x00, 0x00, 0x00,
    0x00, 0x00, 0x00, 0x00, 0x00, 0x00, 0x00, 0x00, 0x00, 0x00, 0x00, 0x00, 0x00, 0x00, 0x00, 0x00,
    0x00, 0x00, 0x00, 0x00, 0x00, 0x00, 0x00, 0x00, 0x00, 0x00, 0x00, 0x00, 0x00, 0x00, 0x00, 0x00,
    0x00, 0x00, 0x00, 0x00, 0x00, 0x00, 0x00, 0x00, 0x00, 0x00, 0x00, 0x00, 0x00, 0x00, 0x00, 0x00,
    0x00, 0x00, 0x00, 0x00, 0x00, 0x00, 0x00, 0x00, 0x00, 0x00, 0x00, 0x00, 0x00, 0x00, 0x00, 0x00,
    0x00, 0x00, 0x00, 0x00, 0x00, 0x00, 0x00, 0x00, 0x00, 0x00, 0x00, 0x00, 0x00, 0x00, 0x00, 0x00,
    0x00, 0x00, 0x00, 0x00, 0x00, 0x00, 0x00, 0x00, 0x00, 0x00, 0x00, 0x00, 0x00, 0x00, 0x00, 0x00,
    0x00, 0x00, 0x00, 0x00, 0x00, 0x00, 0x00, 0x00, 0x00, 0x00, 0x00, 0x00, 0x00, 0x00, 0x00, 0x00,
    0x00, 0x00, 0x00, 0x00, 0x00, 0x00, 0x00, 0x00, 0x00, 0x00, 0x00, 0x00, 0x00, 0x00, 0x00, 0x00,
    0x00, 0x00, 0x00, 0x00, 0x00, 0x00, 0x00, 0x00, 0x00, 0x00, 0x00, 0x00, 0x00, 0x00, 0x00, 0x00,
    0x00, 0x00, 0x00, 0x00, 0x00, 0x00, 0x00, 0x00, 0x00, 0x00, 0x00, 0x00, 0x00, 0x00, 0x00, 0x00,
    0x00, 0x00, 0x00, 0x00, 0x00, 0x00, 0x00, 0x00, 0x00, 0x00, 0x00, 0x00, 0x00, 0x00, 0x00, 0x00,
    0x00, 0x00, 0x00, 0x00, 0x00, 0x00, 0x00, 0x00, 0x00, 0x00, 0x00, 0x00, 0x00, 0x00, 0x00, 0x00,
    0x00, 0x00, 0x00, 0x00, 0x00, 0x00, 0x00, 0x00, 0x00, 0x00, 0x00, 0x00, 0x00, 0x00, 0x00, 0x00,
    0x00, 0x00, 0x00, 0x00, 0x00, 0x00, 0x00, 0x00, 0x00, 0x00, 0x00, 0x00, 0x00, 0x00, 0x00, 0x00,
    0x00, 0x00, 0x00, 0x00, 0x00, 0x00, 0x00, 0x00, 0x00, 0x00, 0x00, 0x00, 0x00, 0x00, 0x00, 0x00,
    0x00, 0x00, 0x00, 0x00, 0x00, 0x00, 0x00, 0x00, 0x00, 0x00, 0x00, 0x00, 0x00, 0x00, 0x00, 0x00,
    0x00, 0x00, 0x00, 0x00, 0x00, 0x00, 0x00, 0x00, 0x00, 0x00, 0x00, 0x00, 0x00, 0x00, 0x00, 0x00,
    0x00, 0x00, 0x00, 0x00, 0x00, 0x00, 0x00, 0x00, 0x00, 0x00, 0x00, 0x00, 0x00, 0x00, 0x00, 0x00,
    0x00, 0x00, 0x00, 0x00, 0x00, 0x00, 0x00, 0x00, 0x00, 0x00, 0x00, 0x00, 0x00, 0x00, 0x00, 0x00,
    0x00, 0x00, 0x00, 0x00, 0x00, 0x00, 0x00, 0x00, 0x00, 0x00, 0x00, 0x00, 0x00, 0x00, 0x00, 0x00,
    0x00, 0x00, 0x00, 0x00, 0x00, 0x00, 0x00, 0x00, 0x00, 0x00, 0x00, 0x00, 0x00, 0x00, 0x00, 0x00,
    0x00, 0x00, 0x00, 0x00, 0x00, 0x00, 0x00, 0x00, 0x00, 0x00, 0x00, 0x00, 0x00, 0x00, 0x00, 0x00,
    0x00, 0x00, 0x00, 0x00, 0x00, 0x00, 0x00, 0x00, 0x00, 0x00, 0x00, 0x00, 0x00, 0x00, 0x00, 0x00,
    0x00, 0x00, 0x00, 0x00, 0x00, 0x00, 0x00, 0x00, 0x00, 0x00, 0x00, 0x00, 0x00, 0x00, 0x00, 0x00,
    0x00, 0x00, 0x00, 0x00, 0x00, 0x00, 0x00, 0x00, 0x00, 0x00, 0x00, 0x00, 0x00, 0x00, 0x00, 0x00,
    0x00, 0x00, 0x00, 0x00, 0x00, 0x00, 0x00, 0x00, 0x00, 0x00, 0x00, 0x00, 0x00, 0x00, 0x00, 0x00,
    0x00, 0x00, 0x00, 0x00, 0x00, 0x00, 0x00, 0x00, 0x00, 0x00, 0x00, 0x00, 0x00, 0x00, 0x00, 0x00,
    0x00, 0x00, 0x00, 0x00, 0x00, 0x00, 0x00, 0x00, 0x00, 0x00, 0x00, 0x00, 0x00, 0x00, 0x00, 0x00,
    0x00, 0x00, 0x00, 0x00, 0x00, 0x00, 0x00, 0x00, 0x00, 0x00, 0x00, 0x00, 0x00, 0x00, 0x00, 0x00,
    0x00, 0x00, 0x00, 0x00, 0x00, 0x00, 0x00, 0x00, 0x00, 0x00, 0x00, 0x00, 0x00, 0x00, 0x00, 0x00,
    0x00, 0x00, 0x00, 0x00, 0x00, 0x00, 0x00, 0x00, 0x00, 0x00, 0x00, 0x00, 0x00, 0x00, 0x00, 0x00,
    0x00, 0x00, 0x00, 0x00, 0x00, 0x00, 0x00, 0x00, 0x00, 0x00, 0x00, 0x00, 0x00, 0x00, 0x00, 0x00,
    0x00, 0x00, 0x00, 0x00, 0x00, 0x00, 0x00, 0x00, 0x00, 0x00, 0x00, 0x00, 0x00, 0x00, 0x00, 0x00,
    0x00, 0x00, 0x00, 0x00, 0x00, 0x00, 0x00, 0x00, 0x00, 0x00, 0x00, 0x00, 0x00, 0x00, 0x00, 0x00,
    0x00, 0x00, 0x00, 0x00, 0x00, 0x00, 0x00, 0x00, 0x00, 0x00, 0x00, 0x00, 0x00, 0x00, 0x00, 0x00,
    0x00, 0x00, 0x00, 0x00, 0x00, 0x00, 0x00, 0x00, 0x00, 0x00, 0x00, 0x00, 0x00, 0x00, 0x00, 0x00,
    0x00, 0x00, 0x00, 0x00, 0x00, 0x00, 0x00, 0x00, 0x00, 0x00, 0x00, 0x00, 0x00, 0x00, 0x00, 0x00,
    0x00, 0x00, 0x00, 0x00, 0x00, 0x00, 0x00, 0x00, 0x00, 0x00, 0x00, 0x00, 0x00, 0x00, 0x00, 0x00,
    0x00, 0x00, 0x00, 0x00, 0x00, 0x00, 0x00, 0x00, 0x00, 0x00, 0x00, 0x00, 0x00, 0x00, 0x00, 0x00,
    0x00, 0x00, 0x00, 0x00, 0x00, 0x00, 0x00, 0x00, 0x00, 0x00, 0x00, 0x00, 0x00, 0x00, 0x34, 0x34,
    0x01, 0x01, 0x34, 0xBD, 0x00, 0x00, 0x32, 0xF8, 0x00, 0x00, 0x00, 0xFB, 0x8A, 0x8A, 0x90, 0xFC,
    0xE7, 0xE7, 0xE7, 0xFF, 0xF0, 0xF0, 0xF0, 0xFF, 0xED, 0xED, 0xED, 0xFF, 0xF1, 0xF1, 0xF1, 0xFF,
    0xD6, 0xD6, 0xD7, 0xFF, 0x5B, 0x5B, 0x67, 0xFF, 0x00, 0x00, 0x0D, 0xFF, 0x02, 0x02, 0x34, 0xFF,
    0x00, 0x00, 0x34, 0xFF, 0x00, 0x00, 0x34, 0xFF, 0x00, 0x00, 0x34, 0xFF, 0x00, 0x00, 0x34, 0xFF,
    0x00, 0x00, 0x34, 0xFF, 0x00, 0x00, 0x34, 0xFF, 0x00, 0x00, 0x34, 0xFF, 0x00, 0x00, 0x34, 0xFF,
    0x00, 0x00, 0x34, 0xFF, 0x00, 0x00, 0x34, 0xFF, 0x00, 0x00, 0x34, 0xFF, 0x00, 0x00, 0x34, 0xFF,
    0x00, 0x00, 0x34, 0xFF, 0x00, 0x00, 0x34, 0xFF, 0x00, 0x00, 0x34, 0xFF, 0x00, 0x00, 0x34, 0xFF,
    0x00, 0x00, 0x34, 0xFF, 0x00, 0x00, 0x34, 0xFF, 0x00, 0x00, 0x34, 0xFF, 0x00, 0x00, 0x34, 0xFF,
    0x00, 0x00, 0x34, 0xFF, 0x02, 0x02, 0x35, 0xFF, 0x00, 0x00, 0x13, 0xFF, 0x52, 0x52, 0x60, 0xFF,
    0xD3, 0xD3, 0xD4, 0xFF, 0xF1, 0xF1, 0xF1, 0xFF, 0xED, 0xED, 0xED, 0xFF, 0xF0, 0xF0, 0xF0, 0xFF,
    0xE8, 0xE8, 0xE8, 0xFF, 0x8D, 0x8D, 0x93, 0xFC, 0x00, 0x00, 0x00, 0xFB, 0x00, 0x00, 0x31, 0xF8,
    0x02, 0x02, 0x34, 0xBD, 0x00, 0x00, 0x34, 0x33, 0x00, 0x00, 0x00, 0x00, 0x00, 0x00, 0x00, 0x00,
    0x00, 0x00, 0x00, 0x00, 0x00, 0x00, 0x00, 0x00, 0x00, 0x00, 0x00, 0x00, 0x00, 0x00, 0x00, 0x00,
    0x00, 0x00, 0x00, 0x00, 0x00, 0x00, 0x00, 0x00, 0x00, 0x00, 0x00, 0x00, 0x00, 0x00, 0x00, 0x00,
    0x00, 0x00, 0x00, 0x00, 0x00, 0x00, 0x00, 0x00, 0x00, 0x00, 0x00, 0x00, 0x00, 0x00, 0x00, 0x00,
    0x00, 0x00, 0x00, 0x00, 0x00, 0x00, 0x00, 0x00, 0x00, 0x00, 0x00, 0x00, 0x00, 0x00, 0x00, 0x00,
    0x00, 0x00, 0x00, 0x00, 0x00, 0x00, 0x00, 0x00, 0x00, 0x00, 0x00, 0x00, 0x00, 0x00, 0x00, 0x00,
    0x00, 0x00, 0x00, 0x00, 0x00, 0x00, 0x00, 0x00, 0x00, 0x00, 0x00, 0x00, 0x00, 0x00, 0x00, 0x00,
    0x00, 0x00, 0x00, 0x00, 0x00, 0x00, 0x00, 0x00, 0x00, 0x00, 0x00, 0x00, 0x00, 0x00, 0x00, 0x00,
    0x00, 0x00, 0x00, 0x00, 0x00, 0x00, 0x00, 0x00, 0x00, 0x00, 0x00, 0x00, 0x00, 0x00, 0x00, 0x00,
    0x00, 0x00, 0x00, 0x00, 0x00, 0x00, 0x00, 0x00, 0x00, 0x00, 0x00, 0x00, 0x00, 0x00, 0x00, 0x00,
    0x00, 0x00, 0x00, 0x00, 0x00, 0x00, 0x00, 0x00, 0x00, 0x00, 0x00, 0x00, 0x00, 0x00, 0x00, 0x00,
    0x00, 0x00, 0x00, 0x00, 0x00, 0x00, 0x00, 0x00, 0x00, 0x00, 0x00, 0x00, 0x00, 0x00, 0x00, 0x00,
    0x00, 0x00, 0x00, 0x00, 0x00, 0x00, 0x00, 0x00, 0x00, 0x00, 0x00, 0x00, 0x00, 0x00, 0x00, 0x00,
    0x00, 0x00, 0x00, 0x00, 0x00, 0x00, 0x00, 0x00, 0x00, 0x00, 0x00, 0x00, 0x00, 0x00, 0x00, 0x00,
    0x00, 0x00, 0x00, 0x00, 0x00, 0x00, 0x00, 0x00, 0x00, 0x00, 0x00, 0x00, 0x00, 0x00, 0x00, 0x00,
    0x00, 0x00, 0x00, 0x00, 0x00, 0x00, 0x00, 0x00, 0x00, 0x00, 0x00, 0x00, 0x00, 0x00, 0x00, 0x00,
    0x00, 0x00, 0x00, 0x00, 0x00, 0x00, 0x00, 0x00, 0x00, 0x00, 0x00, 0x00, 0x00, 0x00, 0x00, 0x00,
    0x00, 0x00, 0x00, 0x00, 0x00, 0x00, 0x00, 0x00, 0x00, 0x00, 0x00, 0x00, 0x00, 0x00, 0x00, 0x00,
    0x00, 0x00, 0x00, 0x00, 0x00, 0x00, 0x00, 0x00, 0x00, 0x00, 0x00, 0x00, 0x00, 0x00, 0x00, 0x00,
    0x00, 0x00, 0x00, 0x00, 0x00, 0x00, 0x00, 0x00, 0x00, 0x00, 0x00, 0x00, 0x00, 0x00, 0x00, 0x00,
    0x00, 0x00, 0x00, 0x00, 0x00, 0x00, 0x00, 0x00, 0x00, 0x00, 0x00, 0x00, 0x00, 0x00, 0x00, 0x00,
    0x00, 0x00, 0x00, 0x00, 0x00, 0x00, 0x00, 0x00, 0x00, 0x00, 0x00, 0x00, 0x00, 0x00, 0x00, 0x00,
    0x00, 0x00, 0x00, 0x00, 0x00, 0x00, 0x00, 0x00, 0x00, 0x00, 0x00, 0x00, 0x00, 0x00, 0x00, 0x00,
    0x00, 0x00, 0x00, 0x00, 0x00, 0x00, 0x00, 0x00, 0x00, 0x00, 0x00, 0x00, 0x00, 0x00, 0x00, 0x00,
    0x00, 0x00, 0x00, 0x00, 0x00, 0x00, 0x00, 0x00, 0x00, 0x00, 0x00, 0x00, 0x00, 0x00, 0x00, 0x00,
    0x00, 0x00, 0x00, 0x00, 0x00, 0x00, 0x00, 0x00, 0x00, 0x00, 0x00, 0x00, 0x00, 0x00, 0x00, 0x00,
    0x00, 0x00, 0x00, 0x00, 0x00, 0x00, 0x00, 0x00, 0x00, 0x00, 0x00, 0x00, 0x00, 0x00, 0x00, 0x00,
    0x00, 0x00, 0x00, 0x00, 0x00, 0x00, 0x00, 0x00, 0x00, 0x00, 0x00, 0x00, 0x00, 0x00, 0x00, 0x00,
    0x00, 0x00, 0x00, 0x00, 0x00, 0x00, 0x00, 0x00, 0x00, 0x00, 0x00, 0x00, 0x00, 0x00, 0x00, 0x00,
    0x00, 0x00, 0x00, 0x00, 0x00, 0x00, 0x00, 0x00, 0x00, 0x00, 0x00, 0x00, 0x00, 0x00, 0x00, 0x00,
    0x00, 0x00, 0x00, 0x00, 0x00, 0x00, 0x00, 0x00, 0x00, 0x00, 0x00, 0x00, 0x00, 0x00, 0x00, 0x00,
    0x00, 0x00, 0x00, 0x00, 0x00, 0x00, 0x00, 0x00, 0x00, 0x00, 0x00, 0x00, 0x00, 0x00, 0x00, 0x00,
    0x00, 0x00, 0x00, 0x00, 0x00, 0x00, 0x00, 0x00, 0x00, 0x00, 0x00, 0x00, 0x00, 0x00, 0x00, 0x00,
    0x00, 0x00, 0x00, 0x00, 0x00, 0x00, 0x00, 0x00, 0x00, 0x00, 0x00, 0x00, 0x00, 0x00, 0x00, 0x00,
    0x00, 0x00, 0x00, 0x00, 0x00, 0x00, 0x00, 0x00, 0x00, 0x00, 0x00, 0x00, 0x00, 0x00, 0x00, 0x00,
    0x00, 0x00, 0x00, 0x00, 0x00, 0x00, 0x00, 0x00, 0x00, 0x00, 0x00, 0x00, 0x00, 0x00, 0x00, 0x00,
    0x00, 0x00, 0x00, 0x00, 0x00, 0x00, 0x00, 0x00, 0x00, 0x00, 0x00, 0x00, 0x00, 0x00, 0x00, 0x00,
    0x00, 0x00, 0x00, 0x00, 0x00, 0x00, 0x00, 0x00, 0x00, 0x00, 0x00, 0x00, 0x00, 0x00, 0x00, 0x00,
    0x00, 0x00, 0x00, 0x00, 0x00, 0x00, 0x00, 0x00, 0x00, 0x00, 0x00, 0x00, 0x00, 0x00, 0x00, 0x00,
    0x00, 0x00, 0x00, 0x00, 0x00, 0x00, 0x00, 0x00, 0x00, 0x00, 0x00, 0x00, 0x00, 0x00, 0x00, 0x00,
    0x00, 0x00, 0x00, 0x00, 0x00, 0x00, 0x00, 0x00, 0x00, 0x00, 0x00, 0x00, 0x00, 0x00, 0x00, 0x00,
    0x00, 0x00, 0x00, 0x00, 0x00, 0x00, 0x00, 0x00, 0x00, 0x00, 0x00, 0x00, 0x00, 0x00, 0x00, 0x00,
    0x00, 0x00, 0x00, 0x00, 0x00, 0x00, 0x00, 0x00, 0x00, 0x00, 0x00, 0x00, 0x00, 0x00, 0x00, 0x00,
    0x00, 0x00, 0x00, 0x00, 0x00, 0x00, 0x00, 0x00, 0x00, 0x00, 0x00, 0x00, 0x00, 0x00, 0x00, 0x00,
    0x00, 0x00, 0x00, 0x00, 0x00, 0x00, 0x00, 0x00, 0x00, 0x00, 0x00, 0x00, 0x00, 0x00, 0x00, 0x00,
    0x00, 0x00, 0x00, 0x00, 0x00, 0x00, 0x00, 0x00, 0x00, 0x00, 0x00, 0x00, 0x00, 0x00, 0x00, 0x00,
    0x00, 0x00, 0x00, 0x00, 0x00, 0x00, 0x00, 0x00, 0x00, 0x00, 0x00, 0x00, 0x00, 0x00, 0x00, 0x00,
    0x00, 0x00, 0x00, 0x00, 0x00, 0x00, 0x00, 0x00, 0x00, 0x00, 0x00, 0x00, 0x00, 0x00, 0x00, 0x00,
    0x00, 0x00, 0x00, 0x00, 0x00, 0x00, 0x00, 0x00, 0x00, 0x00, 0x00, 0x00, 0x00, 0x00, 0x00, 0x00,
    0x00, 0x00, 0x00, 0x00, 0x00, 0x00, 0x00, 0x00, 0x00, 0x00, 0x00, 0x00, 0x00, 0x00, 0x00, 0x00,
    0x00, 0x00, 0x00, 0x00, 0x00, 0x00, 0x00, 0x00, 0x00, 0x00, 0x00, 0x00, 0x00, 0x00, 0x00, 0x00,
    0x00, 0x00, 0x00, 0x00, 0x00, 0x00, 0x00, 0x00, 0x00, 0x00, 0x00, 0x00, 0x00, 0x00, 0x00, 0x00,
    0x00, 0x00, 0x00, 0x00, 0x00, 0x00, 0x00, 0x00, 0x00, 0x00, 0x00, 0x00, 0x00, 0x00, 0x00, 0x00,
    0x00, 0x00, 0x00, 0x00, 0x00, 0x00, 0x00, 0x00, 0x00, 0x00, 0x00, 0x00, 0x00, 0x00, 0x00, 0x00,
    0x00, 0x00, 0x00, 0x00, 0x00, 0x00, 0x00, 0x00, 0x00, 0x00, 0x00, 0x00, 0x00, 0x00, 0x00, 0x00,
    0x00, 0x00, 0x00, 0x00, 0x00, 0x00, 0x00, 0x00, 0x00, 0x00, 0x00, 0x00, 0x00, 0x00, 0x00, 0x00,
    0x00, 0x00, 0x00, 0x00, 0x00, 0x00, 0x00, 0x00, 0x00, 0x00, 0x00, 0x00, 0x00, 0x00, 0x00, 0x00,
    0x00, 0x00, 0x00, 0x00, 0x00, 0x00, 0x00, 0x00, 0x00, 0x00, 0x00, 0x00, 0x00, 0x00, 0x00, 0x00,
    0x00, 0x00, 0x00, 0x00, 0x00, 0x00, 0x00, 0x00, 0x00, 0x00, 0x00, 0x00, 0x00, 0x00, 0x00, 0x00,
    0x00, 0x00, 0x00, 0x00, 0x00, 0x00, 0x00, 0x00, 0x00, 0x00, 0x00, 0x00, 0x00, 0x00, 0x00, 0x00,
    0x00, 0x00, 0x00, 0x00, 0x00, 0x00, 0x00, 0x00, 0x00, 0x00, 0x00, 0x00, 0x00, 0x00, 0x00, 0x00,
    0x00, 0x00, 0x00, 0x00, 0x00, 0x00, 0x00, 0x00, 0x00, 0x00, 0x00, 0x00, 0x00, 0x00, 0x00, 0x00,
    0x00, 0x00, 0x00, 0x00, 0x00, 0x00, 0x00, 0x00, 0x00, 0x00, 0x00, 0x00, 0x00, 0x00, 0x00, 0x00,
    0x00, 0x00, 0x34, 0x21, 0x01, 0x01, 0x34, 0xA9, 0x00, 0x00, 0x34, 0xF4, 0x00, 0x00, 0x00, 0xFB,
    0x70, 0x70, 0x79, 0xFB, 0xDF, 0xDF, 0xDF, 0xFE, 0xF1, 0xF1, 0xF1, 0xFF, 0xED, 0xED, 0xED, 0xFF,
    0xF1, 0xF1, 0xF1, 0xFF, 0xE1, 0xE1, 0xE1, 0xFF, 0x76, 0x76, 0x7F, 0xFF, 0x00, 0x00, 0x00, 0xFF,
    0x00, 0x00, 0x33, 0xFF, 0x01, 0x01, 0x34, 0xFF, 0x00, 0x00, 0x34, 0xFF, 0x00, 0x00, 0x34, 0xFF,
    0x00, 0x00, 0x34, 0xFF, 0x00, 0x00, 0x34, 0xFF, 0x00, 0x00, 0x34, 0xFF, 0x00, 0x00, 0x34, 0xFF,
    0x00, 0x00, 0x34, 0xFF, 0x00, 0x00, 0x34, 0xFF, 0x00, 0x00, 0x34, 0xFF, 0x00, 0x00, 0x34, 0xFF,
    0x00, 0x00, 0x34, 0xFF, 0x00, 0x00, 0x34, 0xFF, 0x00, 0x00, 0x34, 0xFF, 0x00, 0x00, 0x34, 0xFF,
    0x00, 0x00, 0x34, 0xFF, 0x00, 0x00, 0x34, 0xFF, 0x00, 0x00, 0x34, 0xFF, 0x00, 0x00, 0x34, 0xFF,
    0x00, 0x00, 0x34, 0xFF, 0x00, 0x00, 0x03, 0xFF, 0x6D, 0x6D, 0x76, 0xFF, 0xDE, 0xDE, 0xDE, 0xFF,
    0xF1, 0xF1, 0xF1, 0xFF, 0xED, 0xED, 0xED, 0xFF, 0xF1, 0xF1, 0xF0, 0xFF, 0xE1, 0xE1, 0xE1, 0xFE,
    0x75, 0x75, 0x7E, 0xFB, 0x00, 0x00, 0x00, 0xFB, 0x00, 0x00, 0x33, 0xF5, 0x01, 0x01, 0x34, 0xAA,
    0x00, 0x00, 0x34, 0x21, 0x00, 0x00, 0x00, 0x00, 0x00, 0x00, 0x00, 0x00, 0x00, 0x00, 0x00, 0x00,
    0x00, 0x00, 0x00, 0x00, 0x00, 0x00, 0x00, 0x00, 0x00, 0x00, 0x00, 0x00, 0x00, 0x00, 0x00, 0x00,
    0x00, 0x00, 0x00, 0x00, 0x00, 0x00, 0x00, 0x00, 0x00, 0x00, 0x00, 0x00, 0x00, 0x00, 0x00, 0x00,
    0x00, 0x00, 0x00, 0x00, 0x00, 0x00, 0x00, 0x00, 0x00, 0x00, 0x00, 0x00, 0x00, 0x00, 0x00, 0x00,
    0x00, 0x00, 0x00, 0x00, 0x00, 0x00, 0x00, 0x00, 0x00, 0x00, 0x00, 0x00, 0x00, 0x00, 0x00, 0x00,
    0x00, 0x00, 0x00, 0x00, 0x00, 0x00, 0x00, 0x00, 0x00, 0x00, 0x00, 0x00, 0x00, 0x00, 0x00, 0x00,
    0x00, 0x00, 0x00, 0x00, 0x00, 0x00, 0x00, 0x00, 0x00, 0x00, 0x00, 0x00, 0x00, 0x00, 0x00, 0x00,
    0x00, 0x00, 0x00, 0x00, 0x00, 0x00, 0x00, 0x00, 0x00, 0x00, 0x00, 0x00, 0x00, 0x00, 0x00, 0x00,
    0x00, 0x00, 0x00, 0x00, 0x00, 0x00, 0x00, 0x00, 0x00, 0x00, 0x00, 0x00, 0x00, 0x00, 0x00, 0x00,
    0x00, 0x00, 0x00, 0x00, 0x00, 0x00, 0x00, 0x00, 0x00, 0x00, 0x00, 0x00, 0x00, 0x00, 0x00, 0x00,
    0x00, 0x00, 0x00, 0x00, 0x00, 0x00, 0x00, 0x00, 0x00, 0x00, 0x00, 0x00, 0x00, 0x00, 0x00, 0x00,
    0x00, 0x00, 0x00, 0x00, 0x00, 0x00, 0x00, 0x00, 0x00, 0x00, 0x00, 0x00, 0x00, 0x00, 0x00, 0x00,
    0x00, 0x00, 0x00, 0x00, 0x00, 0x00, 0x00, 0x00, 0x00, 0x00, 0x00, 0x00, 0x00, 0x00, 0x00, 0x00,
    0x00, 0x00, 0x00, 0x00, 0x00, 0x00, 0x00, 0x00, 0x00, 0x00, 0x00, 0x00, 0x00, 0x00, 0x00, 0x00,
    0x00, 0x00, 0x00, 0x00, 0x00, 0x00, 0x00, 0x00, 0x00, 0x00, 0x00, 0x00, 0x00, 0x00, 0x00, 0x00,
    0x00, 0x00, 0x00, 0x00, 0x00, 0x00, 0x00, 0x00, 0x00, 0x00, 0x00, 0x00, 0x00, 0x00, 0x00, 0x00,
    0x00, 0x00, 0x00, 0x00, 0x00, 0x00, 0x00, 0x00, 0x00, 0x00, 0x00, 0x00, 0x00, 0x00, 0x00, 0x00,
    0x00, 0x00, 0x00, 0x00, 0x00, 0x00, 0x00, 0x00, 0x00, 0x00, 0x00, 0x00, 0x00, 0x00, 0x00, 0x00,
    0x00, 0x00, 0x00, 0x00, 0x00, 0x00, 0x00, 0x00, 0x00, 0x00, 0x00, 0x00, 0x00, 0x00, 0x00, 0x00,
    0x00, 0x00, 0x00, 0x00, 0x00, 0x00, 0x00, 0x00, 0x00, 0x00, 0x00, 0x00, 0x00, 0x00, 0x00, 0x00,
    0x00, 0x00, 0x00, 0x00, 0x00, 0x00, 0x00, 0x00, 0x00, 0x00, 0x00, 0x00, 0x00, 0x00, 0x00, 0x00,
    0x00, 0x00, 0x00, 0x00, 0x00, 0x00, 0x00, 0x00, 0x00, 0x00, 0x00, 0x00, 0x00, 0x00, 0x00, 0x00,
    0x00, 0x00, 0x00, 0x00, 0x00, 0x00, 0x00, 0x00, 0x00, 0x00, 0x00, 0x00, 0x00, 0x00, 0x00, 0x00,
    0x00, 0x00, 0x00, 0x00, 0x00, 0x00, 0x00, 0x00, 0x00, 0x00, 0x00, 0x00, 0x00, 0x00, 0x00, 0x00,
    0x00, 0x00, 0x00, 0x00, 0x00, 0x00, 0x00, 0x00, 0x00, 0x00, 0x00, 0x00, 0x00, 0x00, 0x00, 0x00,
    0x00, 0x00, 0x00, 0x00, 0x00, 0x00, 0x00, 0x00, 0x00, 0x00, 0x00, 0x00, 0x00, 0x00, 0x00, 0x00,
    0x00, 0x00, 0x00, 0x00, 0x00, 0x00, 0x00, 0x00, 0x00, 0x00, 0x00, 0x00, 0x00, 0x00, 0x00, 0x00,
    0x00, 0x00, 0x00, 0x00, 0x00, 0x00, 0x00, 0x00, 0x00, 0x00, 0x00, 0x00, 0x00, 0x00, 0x00, 0x00,
    0x00, 0x00, 0x00, 0x00, 0x00, 0x00, 0x00, 0x00, 0x00, 0x00, 0x00, 0x00, 0x00, 0x00, 0x00, 0x00,
    0x00, 0x00, 0x00, 0x00, 0x00, 0x00, 0x00, 0x00, 0x00, 0x00, 0x00, 0x00, 0x00, 0x00, 0x00, 0x00,
    0x00, 0x00, 0x00, 0x00, 0x00, 0x00, 0x00, 0x00, 0x00, 0x00, 0x00, 0x00, 0x00, 0x00, 0x00, 0x00,
    0x00, 0x00, 0x00, 0x00, 0x00, 0x00, 0x00, 0x00, 0x00, 0x00, 0x00, 0x00, 0x00, 0x00, 0x00, 0x00,
    0x00, 0x00, 0x00, 0x00, 0x00, 0x00, 0x00, 0x00, 0x00, 0x00, 0x00, 0x00, 0x00, 0x00, 0x00, 0x00,
    0x00, 0x00, 0x00, 0x00, 0x00, 0x00, 0x00, 0x00, 0x00, 0x00, 0x00, 0x00, 0x00, 0x00, 0x00, 0x00,
    0x00, 0x00, 0x00, 0x00, 0x00, 0x00, 0x00, 0x00, 0x00, 0x00, 0x00, 0x00, 0x00, 0x00, 0x00, 0x00,
    0x00, 0x00, 0x00, 0x00, 0x00, 0x00, 0x00, 0x00, 0x00, 0x00, 0x00, 0x00, 0x00, 0x00, 0x00, 0x00,
    0x00, 0x00, 0x00, 0x00, 0x00, 0x00, 0x00, 0x00, 0x00, 0x00, 0x00, 0x00, 0x00, 0x00, 0x00, 0x00,
    0x00, 0x00, 0x00, 0x00, 0x00, 0x00, 0x00, 0x00, 0x00, 0x00, 0x00, 0x00, 0x00, 0x00, 0x00, 0x00,
    0x00, 0x00, 0x00, 0x00, 0x00, 0x00, 0x00, 0x00, 0x00, 0x00, 0x00, 0x00, 0x00, 0x00, 0x00, 0x00,
    0x00, 0x00, 0x00, 0x00, 0x00, 0x00, 0x00, 0x00, 0x00, 0x00, 0x00, 0x00, 0x00, 0x00, 0x00, 0x00,
    0x00, 0x00, 0x00, 0x00, 0x00, 0x00, 0x00, 0x00, 0x00, 0x00, 0x00, 0x00, 0x00, 0x00, 0x00, 0x00,
    0x00, 0x00, 0x00, 0x00, 0x00, 0x00, 0x00, 0x00, 0x00, 0x00, 0x00, 0x00, 0x00, 0x00, 0x00, 0x00,
    0x00, 0x00, 0x00, 0x00, 0x00, 0x00, 0x00, 0x00, 0x00, 0x00, 0x00, 0x00, 0x00, 0x00, 0x00, 0x00,
    0x00, 0x00, 0x00, 0x00, 0x00, 0x00, 0x00, 0x00, 0x00, 0x00, 0x00, 0x00, 0x00, 0x00, 0x00, 0x00,
    0x00, 0x00, 0x00, 0x00, 0x00, 0x00, 0x00, 0x00, 0x00, 0x00, 0x00, 0x00, 0x00, 0x00, 0x00, 0x00,
    0x00, 0x00, 0x00, 0x00, 0x00, 0x00, 0x00, 0x00, 0x00, 0x00, 0x00, 0x00, 0x00, 0x00, 0x00, 0x00,
    0x00, 0x00, 0x00, 0x00, 0x00, 0x00, 0x00, 0x00, 0x00, 0x00, 0x00, 0x00, 0x00, 0x00, 0x00, 0x00,
    0x00, 0x00, 0x00, 0x00, 0x00, 0x00, 0x00, 0x00, 0x00, 0x00, 0x00, 0x00, 0x00, 0x00, 0x00, 0x00,
    0x00, 0x00, 0x00, 0x00, 0x00, 0x00, 0x00, 0x00, 0x00, 0x00, 0x00, 0x00, 0x00, 0x00, 0x00, 0x00,
    0x00, 0x00, 0x00, 0x00, 0x00, 0x00, 0x00, 0x00, 0x00, 0x00, 0x00, 0x00, 0x00, 0x00, 0x00, 0x00,
    0x00, 0x00, 0x00, 0x00, 0x00, 0x00, 0x00, 0x00, 0x00, 0x00, 0x00, 0x00, 0x00, 0x00, 0x00, 0x00,
    0x00, 0x00, 0x00, 0x00, 0x00, 0x00, 0x00, 0x00, 0x00, 0x00, 0x00, 0x00, 0x00, 0x00, 0x00, 0x00,
    0x00, 0x00, 0x00, 0x00, 0x00, 0x00, 0x00, 0x00, 0x00, 0x00, 0x00, 0x00, 0x00, 0x00, 0x00, 0x00,
    0x00, 0x00, 0x00, 0x00, 0x00, 0x00, 0x00, 0x00, 0x00, 0x00, 0x00, 0x00, 0x00, 0x00, 0x00, 0x00,
    0x00, 0x00, 0x00, 0x00, 0x00, 0x00, 0x00, 0x00, 0x00, 0x00, 0x00, 0x00, 0x00, 0x00, 0x00, 0x00,
    0x00, 0x00, 0x00, 0x00, 0x00, 0x00, 0x00, 0x00, 0x00, 0x00, 0x00, 0x00, 0x00, 0x00, 0x00, 0x00,
    0x00, 0x00, 0x00, 0x00, 0x00, 0x00, 0x00, 0x00, 0x00, 0x00, 0x00, 0x00, 0x00, 0x00, 0x00, 0x00,
    0x00, 0x00, 0x00, 0x00, 0x00, 0x00, 0x00, 0x00, 0x00, 0x00, 0x00, 0x00, 0x00, 0x00, 0x00, 0x00,
    0x00, 0x00, 0x00, 0x00, 0x00, 0x00, 0x00, 0x00, 0x00, 0x00, 0x00, 0x00, 0x00, 0x00, 0x00, 0x00,
    0x00, 0x00, 0x00, 0x00, 0x00, 0x00, 0x00, 0x00, 0x00, 0x00, 0x00, 0x00, 0x00, 0x00, 0x00, 0x00,
    0x00, 0x00, 0x00, 0x00, 0x00, 0x00, 0x00, 0x00, 0x00, 0x00, 0x00, 0x00, 0x00, 0x00, 0x00, 0x00,
    0x00, 0x00, 0x00, 0x00, 0x00, 0x00, 0x00, 0x00, 0x00, 0x00, 0x00, 0x00, 0x00, 0x00, 0x00, 0x00,
    0x00, 0x00, 0x00, 0x00, 0x00, 0x00, 0x00, 0x00, 0x00, 0x00, 0x00, 0x00, 0x00, 0x00, 0x00, 0x00,
    0x00, 0x00, 0x00, 0x00, 0x00, 0x00, 0x34, 0x11, 0x00, 0x00, 0x34, 0x92, 0x02, 0x02, 0x35, 0xEF,
    0x00, 0x00, 0x11, 0xFB, 0x54, 0x54, 0x61, 0xFB, 0xD4, 0xD4, 0xD5, 0xFE, 0xF1, 0xF1, 0xF1, 0xFF,
    0xED, 0xED, 0xED, 0xFF, 0xF0, 0xF0, 0xF0, 0xFF, 0xE8, 0xE8, 0xE9, 0xFF, 0x8F, 0x8F, 0x95, 0xFF,
    0x00, 0x00, 0x03, 0xFF, 0x00, 0x00, 0x31, 0xFF, 0x01, 0x01, 0x34, 0xFF, 0x00, 0x00, 0x34, 0xFF,
    0x00, 0x00, 0x34, 0xFF, 0x00, 0x00, 0x34, 0xFF, 0x00, 0x00, 0x34, 0xFF, 0x00, 0x00, 0x34, 0xFF,
    0x00, 0x00, 0x34, 0xFF, 0x00, 0x00, 0x34, 0xFF, 0x00, 0x00, 0x34, 0xFF, 0x00, 0x00, 0x34, 0xFF,
    0x00, 0x00, 0x34, 0xFF, 0x00, 0x00, 0x34, 0xFF, 0x00, 0x00, 0x34, 0xFF, 0x00, 0x00, 0x34, 0xFF,
    0x00, 0x00, 0x34, 0xFF, 0x00, 0x00, 0x34, 0xFF, 0x01, 0x01, 0x34, 0xFF, 0x00, 0x00, 0x32, 0xFF,
    0x00, 0x00, 0x00, 0xFF, 0x85, 0x85, 0x8C, 0xFF, 0xE6, 0xE6, 0xE6, 0xFF, 0xF0, 0xF0, 0xF0, 0xFF,
    0xED, 0xED, 0xED, 0xFF, 0xF1, 0xF1, 0xF1, 0xFF, 0xD7, 0xD7, 0xD8, 0xFE, 0x5B, 0x5B, 0x67, 0xFB,
    0x00, 0x00, 0x0D, 0xFB, 0x02, 0x02, 0x34, 0xF0, 0x00, 0x00, 0x34, 0x94, 0x00, 0x00, 0x34, 0x12,
    0x00, 0x00, 0x00, 0x00, 0x00, 0x00, 0x00, 0x00, 0x00, 0x00, 0x00, 0x00, 0x00, 0x00, 0x00, 0x00,
    0x00, 0x00, 0x00, 0x00, 0x00, 0x00, 0x00, 0x00, 0x00, 0x00, 0x00, 0x00, 0x00, 0x00, 0x00, 0x00,
    0x00, 0x00, 0x00, 0x00, 0x00, 0x00, 0x00, 0x00, 0x00, 0x00, 0x00, 0x00, 0x00, 0x00, 0x00, 0x00,
    0x00, 0x00, 0x00, 0x00, 0x00, 0x00, 0x00, 0x00, 0x00, 0x00, 0x00, 0x00, 0x00, 0x00, 0x00, 0x00,
    0x00, 0x00, 0x00, 0x00, 0x00, 0x00, 0x00, 0x00, 0x00, 0x00, 0x00, 0x00, 0x00, 0x00, 0x00, 0x00,
    0x00, 0x00, 0x00, 0x00, 0x00, 0x00, 0x00, 0x00, 0x00, 0x00, 0x00, 0x00, 0x00, 0x00, 0x00, 0x00,
    0x00, 0x00, 0x00, 0x00, 0x00, 0x00, 0x00, 0x00, 0x00, 0x00, 0x00, 0x00, 0x00, 0x00, 0x00, 0x00,
    0x00, 0x00, 0x00, 0x00, 0x00, 0x00, 0x00, 0x00, 0x00, 0x00, 0x00, 0x00, 0x00, 0x00, 0x00, 0x00,
    0x00, 0x00, 0x00, 0x00, 0x00, 0x00, 0x00, 0x00, 0x00, 0x00, 0x00, 0x00, 0x00, 0x00, 0x00, 0x00,
    0x00, 0x00, 0x00, 0x00, 0x00, 0x00, 0x00, 0x00, 0x00, 0x00, 0x00, 0x00, 0x00, 0x00, 0x00, 0x00,
    0x00, 0x00, 0x00, 0x00, 0x00, 0x00, 0x00, 0x00, 0x00, 0x00, 0x00, 0x00, 0x00, 0x00, 0x00, 0x00,
    0x00, 0x00, 0x00, 0x00, 0x00, 0x00, 0x00, 0x00, 0x00, 0x00, 0x00, 0x00, 0x00, 0x00, 0x00, 0x00,
    0x00, 0x00, 0x00, 0x00, 0x00, 0x00, 0x00, 0x00, 0x00, 0x00, 0x00, 0x00, 0x00, 0x00, 0x00, 0x00,
    0x00, 0x00, 0x00, 0x00, 0x00, 0x00, 0x00, 0x00, 0x00, 0x00, 0x00, 0x00, 0x00, 0x00, 0x00, 0x00,
    0x00, 0x00, 0x00, 0x00, 0x00, 0x00, 0x00, 0x00, 0x00, 0x00, 0x00, 0x00, 0x00, 0x00, 0x00, 0x00,
    0x00, 0x00, 0x00, 0x00, 0x00, 0x00, 0x00, 0x00, 0x00, 0x00, 0x00, 0x00, 0x00, 0x00, 0x00, 0x00,
    0x00, 0x00, 0x00, 0x00, 0x00, 0x00, 0x00, 0x00, 0x00, 0x00, 0x00, 0x00, 0x00, 0x00, 0x00, 0x00,
    0x00, 0x00, 0x00, 0x00, 0x00, 0x00, 0x00, 0x00, 0x00, 0x00, 0x00, 0x00, 0x00, 0x00, 0x00, 0x00,
    0x00, 0x00, 0x00, 0x00, 0x00, 0x00, 0x00, 0x00, 0x00, 0x00, 0x00, 0x00, 0x00, 0x00, 0x00, 0x00,
    0x00, 0x00, 0x00, 0x00, 0x00, 0x00, 0x00, 0x00, 0x00, 0x00, 0x00, 0x00, 0x00, 0x00, 0x00, 0x00,
    0x00, 0x00, 0x00, 0x00, 0x00, 0x00, 0x00, 0x00, 0x00, 0x00, 0x00, 0x00, 0x00, 0x00, 0x00, 0x00,
    0x00, 0x00, 0x00, 0x00, 0x00, 0x00, 0x00, 0x00, 0x00, 0x00, 0x00, 0x00, 0x00, 0x00, 0x00, 0x00,
    0x00, 0x00, 0x00, 0x00, 0x00, 0x00, 0x00, 0x00, 0x00, 0x00, 0x00, 0x00, 0x00, 0x00, 0x00, 0x00,
    0x00, 0x00, 0x00, 0x00, 0x00, 0x00, 0x00, 0x00, 0x00, 0x00, 0x00, 0x00, 0x00, 0x00, 0x00, 0x00,
    0x00, 0x00, 0x00, 0x00, 0x00, 0x00, 0x00, 0x00, 0x00, 0x00, 0x00, 0x00, 0x00, 0x00, 0x00, 0x00,
    0x00, 0x00, 0x00, 0x00, 0x00, 0x00, 0x00, 0x00, 0x00, 0x00, 0x00, 0x00, 0x00, 0x00, 0x00, 0x00,
    0x00, 0x00, 0x00, 0x00, 0x00, 0x00, 0x00, 0x00, 0x00, 0x00, 0x00, 0x00, 0x00, 0x00, 0x00, 0x00,
    0x00, 0x00, 0x00, 0x00, 0x00, 0x00, 0x00, 0x00, 0x00, 0x00, 0x00, 0x00, 0x00, 0x00, 0x00, 0x00,
    0x00, 0x00, 0x00, 0x00, 0x00, 0x00, 0x00, 0x00, 0x00, 0x00, 0x00, 0x00, 0x00, 0x00, 0x00, 0x00,
    0x00, 0x00, 0x00, 0x00, 0x00, 0x00, 0x00, 0x00, 0x00, 0x00, 0x00, 0x00, 0x00, 0x00, 0x00, 0x00,
    0x00, 0x00, 0x00, 0x00, 0x00, 0x00, 0x00, 0x00, 0x00, 0x00, 0x00, 0x00, 0x00, 0x00, 0x00, 0x00,
    0x00, 0x00, 0x00, 0x00, 0x00, 0x00, 0x00, 0x00, 0x00, 0x00, 0x00, 0x00, 0x00, 0x00, 0x00, 0x00,
    0x00, 0x00, 0x00, 0x00, 0x00, 0x00, 0x00, 0x00, 0x00, 0x00, 0x00, 0x00, 0x00, 0x00, 0x00, 0x00,
    0x00, 0x00, 0x00, 0x00, 0x00, 0x00, 0x00, 0x00, 0x00, 0x00, 0x00, 0x00, 0x00, 0x00, 0x00, 0x00,
    0x00, 0x00, 0x00, 0x00, 0x00, 0x00, 0x00, 0x00, 0x00, 0x00, 0x00, 0x00, 0x00, 0x00, 0x00, 0x00,
    0x00, 0x00, 0x00, 0x00, 0x00, 0x00, 0x00, 0x00, 0x00, 0x00, 0x00, 0x00, 0x00, 0x00, 0x00, 0x00,
    0x00, 0x00, 0x00, 0x00, 0x00, 0x00, 0x00, 0x00, 0x00, 0x00, 0x00, 0x00, 0x00, 0x00, 0x00, 0x00,
    0x00, 0x00, 0x00, 0x00, 0x00, 0x00, 0x00, 0x00, 0x00, 0x00, 0x00, 0x00, 0x00, 0x00, 0x00, 0x00,
    0x00, 0x00, 0x00, 0x00, 0x00, 0x00, 0x00, 0x00, 0x00, 0x00, 0x00, 0x00, 0x00, 0x00, 0x00, 0x00,
    0x00, 0x00, 0x00, 0x00, 0x00, 0x00, 0x00, 0x00, 0x00, 0x00, 0x00, 0x00, 0x00, 0x00, 0x00, 0x00,
    0x00, 0x00, 0x00, 0x00, 0x00, 0x00, 0x00, 0x00, 0x00, 0x00, 0x00, 0x00, 0x00, 0x00, 0x00, 0x00,
    0x00, 0x00, 0x00, 0x00, 0x00, 0x00, 0x00, 0x00, 0x00, 0x00, 0x00, 0x00, 0x00, 0x00, 0x00, 0x00,
    0x00, 0x00, 0x00, 0x00, 0x00, 0x00, 0x00, 0x00, 0x00, 0x00, 0x00, 0x00, 0x00, 0x00, 0x00, 0x00,
    0x00, 0x00, 0x00, 0x00, 0x00, 0x00, 0x00, 0x00, 0x00, 0x00, 0x00, 0x00, 0x00, 0x00, 0x00, 0x00,
    0x00, 0x00, 0x00, 0x00, 0x00, 0x00, 0x00, 0x00, 0x00, 0x00, 0x00, 0x00, 0x00, 0x00, 0x00, 0x00,
    0x00, 0x00, 0x00, 0x00, 0x00, 0x00, 0x00, 0x00, 0x00, 0x00, 0x00, 0x00, 0x00, 0x00, 0x00, 0x00,
    0x00, 0x00, 0x00, 0x00, 0x00, 0x00, 0x00, 0x00, 0x00, 0x00, 0x00, 0x00, 0x00, 0x00, 0x00, 0x00,
    0x00, 0x00, 0x00, 0x00, 0x00, 0x00, 0x00, 0x00, 0x00, 0x00, 0x00, 0x00, 0x00, 0x00, 0x00, 0x00,
    0x00, 0x00, 0x00, 0x00, 0x00, 0x00, 0x00, 0x00, 0x00, 0x00, 0x00, 0x00, 0x00, 0x00, 0x00, 0x00,
    0x00, 0x00, 0x00, 0x00, 0x00, 0x00, 0x00, 0x00, 0x00, 0x00, 0x00, 0x00, 0x00, 0x00, 0x00, 0x00,
    0x00, 0x00, 0x00, 0x00, 0x00, 0x00, 0x00, 0x00, 0x00, 0x00, 0x00, 0x00, 0x00, 0x00, 0x00, 0x00,
    0x00, 0x00, 0x00, 0x00, 0x00, 0x00, 0x00, 0x00, 0x00, 0x00, 0x00, 0x00, 0x00, 0x00, 0x00, 0x00,
    0x00, 0x00, 0x00, 0x00, 0x00, 0x00, 0x00, 0x00, 0x00, 0x00, 0x00, 0x00, 0x00, 0x00, 0x00, 0x00,
    0x00, 0x00, 0x00, 0x00, 0x00, 0x00, 0x00, 0x00, 0x00, 0x00, 0x00, 0x00, 0x00, 0x00, 0x00, 0x00,
    0x00, 0x00, 0x00, 0x00, 0x00, 0x00, 0x00, 0x00, 0x00, 0x00, 0x00, 0x00, 0x00, 0x00, 0x00, 0x00,
    0x00, 0x00, 0x00, 0x00, 0x00, 0x00, 0x00, 0x00, 0x00, 0x00, 0x00, 0x00, 0x00, 0x00, 0x00, 0x00,
    0x00, 0x00, 0x00, 0x00, 0x00, 0x00, 0x00, 0x00, 0x00, 0x00, 0x00, 0x00, 0x00, 0x00, 0x00, 0x00,
    0x00, 0x00, 0x00, 0x00, 0x00, 0x00, 0x00, 0x00, 0x00, 0x00, 0x00, 0x00, 0x00, 0x00, 0x00, 0x00,
    0x00, 0x00, 0x00, 0x00, 0x00, 0x00, 0x00, 0x00, 0x00, 0x00, 0x00, 0x00, 0x00, 0x00, 0x00, 0x00,
    0x00, 0x00, 0x00, 0x00, 0x00, 0x00, 0x00, 0x00, 0x00, 0x00, 0x00, 0x00, 0x00, 0x00, 0x00, 0x00,
    0x00, 0x00, 0x00, 0x00, 0x00, 0x00, 0x00, 0x00, 0x00, 0x00, 0x00, 0x00, 0x00, 0x00, 0x00, 0x00,
    0x00, 0x00, 0x00, 0x00, 0x00, 0x00, 0x00, 0x00, 0x00, 0x00, 0x00, 0x00, 0x00, 0x00, 0x00, 0x00,
    0x00, 0x00, 0x00, 0x00, 0x00, 0x00, 0x00, 0x00, 0x00, 0x00, 0x00, 0x00, 0x00, 0x00, 0x00, 0x00,
    0x00, 0x00, 0x00, 0x00, 0x00, 0x00, 0x00, 0x00, 0x00, 0x00, 0x34, 0x06, 0x00, 0x00, 0x34, 0x7A,
    0x04, 0x04, 0x35, 0xE7, 0x00, 0x00, 0x1E, 0xFB, 0x33, 0x33, 0x49, 0xFB, 0xC6, 0xC6, 0xC8, 0xFD,
    0xF1, 0xF1, 0xF1, 0xFF, 0xED, 0xED, 0xED, 0xFF, 0xEF, 0xEF, 0xEF, 0xFF, 0xED, 0xED, 0xED, 0xFF,
    0xA5, 0xA5, 0xA9, 0xFF, 0x00, 0x00, 0x1C, 0xFF, 0x00, 0x00, 0x2D, 0xFF, 0x02, 0x02, 0x34, 0xFF,
    0x00, 0x00, 0x34, 0xFF, 0x00, 0x00, 0x34, 0xFF, 0x00, 0x00, 0x34, 0xFF, 0x00, 0x00, 0x34, 0xFF,
    0x00, 0x00, 0x34, 0xFF, 0x00, 0x00, 0x34, 0xFF, 0x00, 0x00, 0x34, 0xFF, 0x00, 0x00, 0x34, 0xFF,
    0x00, 0x00, 0x34, 0xFF, 0x00, 0x00, 0x34, 0xFF, 0x00, 0x00, 0x34, 0xFF, 0x00, 0x00, 0x34, 0xFF,
    0x00, 0x00, 0x34, 0xFF, 0x02, 0x02, 0x34, 0xFF, 0x00, 0x00, 0x2F, 0xFF, 0x00, 0x00, 0x10, 0xFF,
    0x9B, 0x9B, 0xA0, 0xFF, 0xEB, 0xEB, 0xEB, 0xFF, 0xEF, 0xEF, 0xEF, 0xFF, 0xED, 0xED, 0xED, 0xFF,
    0xF1, 0xF1, 0xF1, 0xFF, 0xCA, 0xCA, 0xCC, 0xFE, 0x3D, 0x3D, 0x50, 0xFB, 0x00, 0x00, 0x1B, 0xFB,
    0x04, 0x04, 0x35, 0xE9, 0x00, 0x00, 0x34, 0x7E, 0x00, 0x00, 0x34, 0x07, 0x00, 0x00, 0x00, 0x00,
    0x00, 0x00, 0x00, 0x00, 0x00, 0x00, 0x00, 0x00, 0x00, 0x00, 0x00, 0x00, 0x00, 0x00, 0x00, 0x00,
    0x00, 0x00, 0x00, 0x00, 0x00, 0x00, 0x00, 0x00, 0x00, 0x00, 0x00, 0x00, 0x00, 0x00, 0x00, 0x00,
    0x00, 0x00, 0x00, 0x00, 0x00, 0x00, 0x00, 0x00, 0x00, 0x00, 0x00, 0x00, 0x00, 0x00, 0x00, 0x00,
    0x00, 0x00, 0x00, 0x00, 0x00, 0x00, 0x00, 0x00, 0x00, 0x00, 0x00, 0x00, 0x00, 0x00, 0x00, 0x00,
    0x00, 0x00, 0x00, 0x00, 0x00, 0x00, 0x00, 0x00, 0x00, 0x00, 0x00, 0x00, 0x00, 0x00, 0x00, 0x00,
    0x00, 0x00, 0x00, 0x00, 0x00, 0x00, 0x00, 0x00, 0x00, 0x00, 0x00, 0x00, 0x00, 0x00, 0x00, 0x00,
    0x00, 0x00, 0x00, 0x00, 0x00, 0x00, 0x00, 0x00, 0x00, 0x00, 0x00, 0x00, 0x00, 0x00, 0x00, 0x00,
    0x00, 0x00, 0x00, 0x00, 0x00, 0x00, 0x00, 0x00, 0x00, 0x00, 0x00, 0x00, 0x00, 0x00, 0x00, 0x00,
    0x00, 0x00, 0x00, 0x00, 0x00, 0x00, 0x00, 0x00, 0x00, 0x00, 0x00, 0x00, 0x00, 0x00, 0x00, 0x00,
    0x00, 0x00, 0x00, 0x00, 0x00, 0x00, 0x00, 0x00, 0x00, 0x00, 0x00, 0x00, 0x00, 0x00, 0x00, 0x00,
    0x00, 0x00, 0x00, 0x00, 0x00, 0x00, 0x00, 0x00, 0x00, 0x00, 0x00, 0x00, 0x00, 0x00, 0x00, 0x00,
    0x00, 0x00, 0x00, 0x00, 0x00, 0x00, 0x00, 0x00, 0x00, 0x00, 0x00, 0x00, 0x00, 0x00, 0x00, 0x00,
    0x00, 0x00, 0x00, 0x00, 0x00, 0x00, 0x00, 0x00, 0x00, 0x00, 0x00, 0x00, 0x00, 0x00, 0x00, 0x00,
    0x00, 0x00, 0x00, 0x00, 0x00, 0x00, 0x00, 0x00, 0x00, 0x00, 0x00, 0x00, 0x00, 0x00, 0x00, 0x00,
    0x00, 0x00, 0x00, 0x00, 0x00, 0x00, 0x00, 0x00, 0x00, 0x00, 0x00, 0x00, 0x00, 0x00, 0x00, 0x00,
    0x00, 0x00, 0x00, 0x00, 0x00, 0x00, 0x00, 0x00, 0x00, 0x00, 0x00, 0x00, 0x00, 0x00, 0x00, 0x00,
    0x00, 0x00, 0x00, 0x00, 0x00, 0x00, 0x00, 0x00, 0x00, 0x00, 0x00, 0x00, 0x00, 0x00, 0x00, 0x00,
    0x00, 0x00, 0x00, 0x00, 0x00, 0x00, 0x00, 0x00, 0x00, 0x00, 0x00, 0x00, 0x00, 0x00, 0x00, 0x00,
    0x00, 0x00, 0x00, 0x00, 0x00, 0x00, 0x00, 0x00, 0x00, 0x00, 0x00, 0x00, 0x00, 0x00, 0x00, 0x00,
    0x00, 0x00, 0x00, 0x00, 0x00, 0x00, 0x00, 0x00, 0x00, 0x00, 0x00, 0x00, 0x00, 0x00, 0x00, 0x00,
    0x00, 0x00, 0x00, 0x00, 0x00, 0x00, 0x00, 0x00, 0x00, 0x00, 0x00, 0x00, 0x00, 0x00, 0x00, 0x00,
    0x00, 0x00, 0x00, 0x00, 0x00, 0x00, 0x00, 0x00, 0x00, 0x00, 0x00, 0x00, 0x00, 0x00, 0x00, 0x00,
    0x00, 0x00, 0x00, 0x00, 0x00, 0x00, 0x00, 0x00, 0x00, 0x00, 0x00, 0x00, 0x00, 0x00, 0x00, 0x00,
    0x00, 0x00, 0x00, 0x00, 0x00, 0x00, 0x00, 0x00, 0x00, 0x00, 0x00, 0x00, 0x00, 0x00, 0x00, 0x00,
    0x00, 0x00, 0x00, 0x00, 0x00, 0x00, 0x00, 0x00, 0x00, 0x00, 0x00, 0x00, 0x00, 0x00, 0x00, 0x00,
    0x00, 0x00, 0x00, 0x00, 0x00, 0x00, 0x00, 0x00, 0x00, 0x00, 0x00, 0x00, 0x00, 0x00, 0x00, 0x00,
    0x00, 0x00, 0x00, 0x00, 0x00, 0x00, 0x00, 0x00, 0x00, 0x00, 0x00, 0x00, 0x00, 0x00, 0x00, 0x00,
    0x00, 0x00, 0x00, 0x00, 0x00, 0x00, 0x00, 0x00, 0x00, 0x00, 0x00, 0x00, 0x00, 0x00, 0x00, 0x00,
    0x00, 0x00, 0x00, 0x00, 0x00, 0x00, 0x00, 0x00, 0x00, 0x00, 0x00, 0x00, 0x00, 0x00, 0x00, 0x00,
    0x00, 0x00, 0x00, 0x00, 0x00, 0x00, 0x00, 0x00, 0x00, 0x00, 0x00, 0x00, 0x00, 0x00, 0x00, 0x00,
    0x00, 0x00, 0x00, 0x00, 0x00, 0x00, 0x00, 0x00, 0x00, 0x00, 0x00, 0x00, 0x00, 0x00, 0x00, 0x00,
    0x00, 0x00, 0x00, 0x00, 0x00, 0x00, 0x00, 0x00, 0x00, 0x00, 0x00, 0x00, 0x00, 0x00, 0x00, 0x00,
    0x00, 0x00, 0x00, 0x00, 0x00, 0x00, 0x00, 0x00, 0x00, 0x00, 0x00, 0x00, 0x00, 0x00, 0x00, 0x00,
    0x00, 0x00, 0x00, 0x00, 0x00, 0x00, 0x00, 0x00, 0x00, 0x00, 0x00, 0x00, 0x00, 0x00, 0x00, 0x00,
    0x00, 0x00, 0x00, 0x00, 0x00, 0x00, 0x00, 0x00, 0x00, 0x00, 0x00, 0x00, 0x00, 0x00, 0x00, 0x00,
    0x00, 0x00, 0x00, 0x00, 0x00, 0x00, 0x00, 0x00, 0x00, 0x00, 0x00, 0x00, 0x00, 0x00, 0x00, 0x00,
    0x00, 0x00, 0x00, 0x00, 0x00, 0x00, 0x00, 0x00, 0x00, 0x00, 0x00, 0x00, 0x00, 0x00, 0x00, 0x00,
    0x00, 0x00, 0x00, 0x00, 0x00, 0x00, 0x00, 0x00, 0x00, 0x00, 0x00, 0x00, 0x00, 0x00, 0x00, 0x00,
    0x00, 0x00, 0x00, 0x00, 0x00, 0x00, 0x00, 0x00, 0x00, 0x00, 0x00, 0x00, 0x00, 0x00, 0x00, 0x00,
    0x00, 0x00, 0x00, 0x00, 0x00, 0x00, 0x00, 0x00, 0x00, 0x00, 0x00, 0x00, 0x00, 0x00, 0x00, 0x00,
    0x00, 0x00, 0x00, 0x00, 0x00, 0x00, 0x00, 0x00, 0x00, 0x00, 0x00, 0x00, 0x00, 0x00, 0x00, 0x00,
    0x00, 0x00, 0x00, 0x00, 0x00, 0x00, 0x00, 0x00, 0x00, 0x00, 0x00, 0x00, 0x00, 0x00, 0x00, 0x00,
    0x00, 0x00, 0x00, 0x00, 0x00, 0x00, 0x00, 0x00, 0x00, 0x00, 0x00, 0x00, 0x00, 0x00, 0x00, 0x00,
    0x00, 0x00, 0x00, 0x00, 0x00, 0x00, 0x00, 0x00, 0x00, 0x00, 0x00, 0x00, 0x00, 0x00, 0x00, 0x00,
    0x00, 0x00, 0x00, 0x00, 0x00, 0x00, 0x00, 0x00, 0x00, 0x00, 0x00, 0x00, 0x00, 0x00, 0x00, 0x00,
    0x00, 0x00, 0x00, 0x00, 0x00, 0x00, 0x00, 0x00, 0x00, 0x00, 0x00, 0x00, 0x00, 0x00, 0x00, 0x00,
    0x00, 0x00, 0x00, 0x00, 0x00, 0x00, 0x00, 0x00, 0x00, 0x00, 0x00, 0x00, 0x00, 0x00, 0x00, 0x00,
    0x00, 0x00, 0x00, 0x00, 0x00, 0x00, 0x00, 0x00, 0x00, 0x00, 0x00, 0x00, 0x00, 0x00, 0x00, 0x00,
    0x00, 0x00, 0x00, 0x00, 0x00, 0x00, 0x00, 0x00, 0x00, 0x00, 0x00, 0x00, 0x00, 0x00, 0x00, 0x00,
    0x00, 0x00, 0x00, 0x00, 0x00, 0x00, 0x00, 0x00, 0x00, 0x00, 0x00, 0x00, 0x00, 0x00, 0x00, 0x00,
    0x00, 0x00, 0x00, 0x00, 0x00, 0x00, 0x00, 0x00, 0x00, 0x00, 0x00, 0x00, 0x00, 0x00, 0x00, 0x00,
    0x00, 0x00, 0x00, 0x00, 0x00, 0x00, 0x00, 0x00, 0x00, 0x00, 0x00, 0x00, 0x00, 0x00, 0x00, 0x00,
    0x00, 0x00, 0x00, 0x00, 0x00, 0x00, 0x00, 0x00, 0x00, 0x00, 0x00, 0x00, 0x00, 0x00, 0x00, 0x00,
    0x00, 0x00, 0x00, 0x00, 0x00, 0x00, 0x00, 0x00, 0x00, 0x00, 0x00, 0x00, 0x00, 0x00, 0x00, 0x00,
    0x00, 0x00, 0x00, 0x00, 0x00, 0x00, 0x00, 0x00, 0x00, 0x00, 0x00, 0x00, 0x00, 0x00, 0x00, 0x00,
    0x00, 0x00, 0x00, 0x00, 0x00, 0x00, 0x00, 0x00, 0x00, 0x00, 0x00, 0x00, 0x00, 0x00, 0x00, 0x00,
    0x00, 0x00, 0x00, 0x00, 0x00, 0x00, 0x00, 0x00, 0x00, 0x00, 0x00, 0x00, 0x00, 0x00, 0x00, 0x00,
    0x00, 0x00, 0x00, 0x00, 0x00, 0x00, 0x00, 0x00, 0x00, 0x00, 0x00, 0x00, 0x00, 0x00, 0x00, 0x00,
    0x00, 0x00, 0x00, 0x00, 0x00, 0x00, 0x00, 0x00, 0x00, 0x00, 0x00, 0x00, 0x00, 0x00, 0x00, 0x00,
    0x00, 0x00, 0x00, 0x00, 0x00, 0x00, 0x00, 0x00, 0x00, 0x00, 0x00, 0x00, 0x00, 0x00, 0x00, 0x00,
    0x00, 0x00, 0x00, 0x00, 0x00, 0x00, 0x00, 0x00, 0x00, 0x00, 0x00, 0x00, 0x00, 0x00, 0x00, 0x00,
    0x00, 0x00, 0x00, 0x00, 0x00, 0x00, 0x00, 0x00, 0x00, 0x00, 0x00, 0x00, 0x00, 0x00, 0x00, 0x00,
    0x00, 0x00, 0x00, 0x00, 0x00, 0x00, 0x00, 0x00, 0x00, 0x00, 0x00, 0x00, 0x00, 0x00, 0x00, 0x00,
    0x00, 0x00, 0x00, 0x00, 0x00, 0x00, 0x00, 0x00, 0x00, 0x00, 0x00, 0x00, 0x00, 0x00, 0x00, 0x00,
    0x00, 0x00, 0x34, 0x61, 0x03, 0x03, 0x35, 0xDC, 0x00, 0x00, 0x27, 0xFB, 0x00, 0x00, 0x30, 0xFB,
    0xB5, 0xB5, 0xB8, 0xFD, 0xF0, 0xF0, 0xEF, 0xFF, 0xEE, 0xEE, 0xEE, 0xFF, 0xEE, 0xEE, 0xEE, 0xFF,
    0xF0, 0xF0, 0xF0, 0xFF, 0xB8, 0xB8, 0xBB, 0xFF, 0x04, 0x04, 0x35, 0xFF, 0x00, 0x00, 0x26, 0xFF,
    0x03, 0x03, 0x35, 0xFF, 0x00, 0x00, 0x34, 0xFF, 0x00, 0x00, 0x34, 0xFF, 0x00, 0x00, 0x34, 0xFF,
    0x00, 0x00, 0x34, 0xFF, 0x00, 0x00, 0x34, 0xFF, 0x00, 0x00, 0x34, 0xFF, 0x00, 0x00, 0x34, 0xFF,
    0x00, 0x00, 0x34, 0xFF, 0x00, 0x00, 0x34, 0xFF, 0x00, 0x00, 0x34, 0xFF, 0x00, 0x00, 0x34, 0xFF,
    0x03, 0x03, 0x35, 0xFF, 0x00, 0x00, 0x2A, 0xFF, 0x00, 0x00, 0x28, 0xFF, 0xAF, 0xAF, 0xB2, 0xFF,
    0xEF, 0xEF, 0xEF, 0xFF, 0xEE, 0xEE, 0xEE, 0xFF, 0xEE, 0xEE, 0xEE, 0xFF, 0xF0, 0xF0, 0xF0, 0xFF,
    0xBB, 0xBB, 0xBE, 0xFD, 0x0F, 0x0F, 0x38, 0xFB, 0x00, 0x00, 0x25, 0xFB, 0x03, 0x03, 0x35, 0xDF,
    0x00, 0x00, 0x34, 0x66, 0x00, 0x00, 0x00, 0x00, 0x00, 0x00, 0x00, 0x00, 0x00, 0x00, 0x00, 0x00,
    0x00, 0x00, 0x00, 0x00, 0x00, 0x00, 0x00, 0x00, 0x00, 0x00, 0x00, 0x00, 0x00, 0x00, 0x00, 0x00,
    0x00, 0x00, 0x00, 0x00, 0x00, 0x00, 0x00, 0x00, 0x00, 0x00, 0x00, 0x00, 0x00, 0x00, 0x00, 0x00,
    0x00, 0x00, 0x00, 0x00, 0x00, 0x00, 0x00, 0x00, 0x00, 0x00, 0x00, 0x00, 0x00, 0x00, 0x00, 0x00,
    0x00, 0x00, 0x00, 0x00, 0x00, 0x00, 0x00, 0x00, 0x00, 0x00, 0x00, 0x00, 0x00, 0x00, 0x00, 0x00,
    0x00, 0x00, 0x00, 0x00, 0x00, 0x00, 0x00, 0x00, 0x00, 0x00, 0x00, 0x00, 0x00, 0x00, 0x00, 0x00,
    0x00, 0x00, 0x00, 0x00, 0x00, 0x00, 0x00, 0x00, 0x00, 0x00, 0x00, 0x00, 0x00, 0x00, 0x00, 0x00,
    0x00, 0x00, 0x00, 0x00, 0x00, 0x00, 0x00, 0x00, 0x00, 0x00, 0x00, 0x00, 0x00, 0x00, 0x00, 0x00,
    0x00, 0x00, 0x00, 0x00, 0x00, 0x00, 0x00, 0x00, 0x00, 0x00, 0x00, 0x00, 0x00, 0x00, 0x00, 0x00,
    0x00, 0x00, 0x00, 0x00, 0x00, 0x00, 0x00, 0x00, 0x00, 0x00, 0x00, 0x00, 0x00, 0x00, 0x00, 0x00,
    0x00, 0x00, 0x00, 0x00, 0x00, 0x00, 0x00, 0x00, 0x00, 0x00, 0x00, 0x00, 0x00, 0x00, 0x00, 0x00,
    0x00, 0x00, 0x00, 0x00, 0x00, 0x00, 0x00, 0x00, 0x00, 0x00, 0x00, 0x00, 0x00, 0x00, 0x00, 0x00,
    0x00, 0x00, 0x00, 0x00, 0x00, 0x00, 0x00, 0x00, 0x00, 0x00, 0x00, 0x00, 0x00, 0x00, 0x00, 0x00,
    0x00, 0x00, 0x00, 0x00, 0x00, 0x00, 0x00, 0x00, 0x00, 0x00, 0x00, 0x00, 0x00, 0x00, 0x00, 0x00,
    0x00, 0x00, 0x00, 0x00, 0x00, 0x00, 0x00, 0x00, 0x00, 0x00, 0x00, 0x00, 0x00, 0x00, 0x00, 0x00,
    0x00, 0x00, 0x00, 0x00, 0x00, 0x00, 0x00, 0x00, 0x00, 0x00, 0x00, 0x00, 0x00, 0x00, 0x00, 0x00,
    0x00, 0x00, 0x00, 0x00, 0x00, 0x00, 0x00, 0x00, 0x00, 0x00, 0x00, 0x00, 0x00, 0x00, 0x00, 0x00,
    0x00, 0x00, 0x00, 0x00, 0x00, 0x00, 0x00, 0x00, 0x00, 0x00, 0x00, 0x00, 0x00, 0x00, 0x00, 0x00,
    0x00, 0x00, 0x00, 0x00, 0x00, 0x00, 0x00, 0x00, 0x00, 0x00, 0x00, 0x00, 0x00, 0x00, 0x00, 0x00,
    0x00, 0x00, 0x00, 0x00, 0x00, 0x00, 0x00, 0x00, 0x00, 0x00, 0x00, 0x00, 0x00, 0x00, 0x00, 0x00,
    0x00, 0x00, 0x00, 0x00, 0x00, 0x00, 0x00, 0x00, 0x00, 0x00, 0x00, 0x00, 0x00, 0x00, 0x00, 0x00,
    0x00, 0x00, 0x00, 0x00, 0x00, 0x00, 0x00, 0x00, 0x00, 0x00, 0x00, 0x00, 0x00, 0x00, 0x00, 0x00,
    0x00, 0x00, 0x00, 0x00, 0x00, 0x00, 0x00, 0x00, 0x00, 0x00, 0x00, 0x00, 0x00, 0x00, 0x00, 0x00,
    0x00, 0x00, 0x00, 0x00, 0x00, 0x00, 0x00, 0x00, 0x00, 0x00, 0x00, 0x00, 0x00, 0x00, 0x00, 0x00,
    0x00, 0x00, 0x00, 0x00, 0x00, 0x00, 0x00, 0x00, 0x00, 0x00, 0x00, 0x00, 0x00, 0x00, 0x00, 0x00,
    0x00, 0x00, 0x00, 0x00, 0x00, 0x00, 0x00, 0x00, 0x00, 0x00, 0x00, 0x00, 0x00, 0x00, 0x00, 0x00,
    0x00, 0x00, 0x00, 0x00, 0x00, 0x00, 0x00, 0x00, 0x00, 0x00, 0x00, 0x00, 0x00, 0x00, 0x00, 0x00,
    0x00, 0x00, 0x00, 0x00, 0x00, 0x00, 0x00, 0x00, 0x00, 0x00, 0x00, 0x00, 0x00, 0x00, 0x00, 0x00,
    0x00, 0x00, 0x00, 0x00, 0x00, 0x00, 0x00, 0x00, 0x00, 0x00, 0x00, 0x00, 0x00, 0x00, 0x00, 0x00,
    0x00, 0x00, 0x00, 0x00, 0x00, 0x00, 0x00, 0x00, 0x00, 0x00, 0x00, 0x00, 0x00, 0x00, 0x00, 0x00,
    0x00, 0x00, 0x00, 0x00, 0x00, 0x00, 0x00, 0x00, 0x00, 0x00, 0x00, 0x00, 0x00, 0x00, 0x00, 0x00,
    0x00, 0x00, 0x00, 0x00, 0x00, 0x00, 0x00, 0x00, 0x00, 0x00, 0x00, 0x00, 0x00, 0x00, 0x00, 0x00,
    0x00, 0x00, 0x00, 0x00, 0x00, 0x00, 0x00, 0x00, 0x00, 0x00, 0x00, 0x00, 0x00, 0x00, 0x00, 0x00,
    0x00, 0x00, 0x00, 0x00, 0x00, 0x00, 0x00, 0x00, 0x00, 0x00, 0x00, 0x00, 0x00, 0x00, 0x00, 0x00,
    0x00, 0x00, 0x00, 0x00, 0x00, 0x00, 0x00, 0x00, 0x00, 0x00, 0x00, 0x00, 0x00, 0x00, 0x00, 0x00,
    0x00, 0x00, 0x00, 0x00, 0x00, 0x00, 0x00, 0x00, 0x00, 0x00, 0x00, 0x00, 0x00, 0x00, 0x00, 0x00,
    0x00, 0x00, 0x00, 0x00, 0x00, 0x00, 0x00, 0x00, 0x00, 0x00, 0x00, 0x00, 0x00, 0x00, 0x00, 0x00,
    0x00, 0x00, 0x00, 0x00, 0x00, 0x00, 0x00, 0x00, 0x00, 0x00, 0x00, 0x00, 0x00, 0x00, 0x00, 0x00,
    0x00, 0x00, 0x00, 0x00, 0x00, 0x00, 0x00, 0x00, 0x00, 0x00, 0x00, 0x00, 0x00, 0x00, 0x00, 0x00,
    0x00, 0x00, 0x00, 0x00, 0x00, 0x00, 0x00, 0x00, 0x00, 0x00, 0x00, 0x00, 0x00, 0x00, 0x00, 0x00,
    0x00, 0x00, 0x00, 0x00, 0x00, 0x00, 0x00, 0x00, 0x00, 0x00, 0x00, 0x00, 0x00, 0x00, 0x00, 0x00,
    0x00, 0x00, 0x00, 0x00, 0x00, 0x00, 0x00, 0x00, 0x00, 0x00, 0x00, 0x00, 0x00, 0x00, 0x00, 0x00,
    0x00, 0x00, 0x00, 0x00, 0x00, 0x00, 0x00, 0x00, 0x00, 0x00, 0x00, 0x00, 0x00, 0x00, 0x00, 0x00,
    0x00, 0x00, 0x00, 0x00, 0x00, 0x00, 0x00, 0x00, 0x00, 0x00, 0x00, 0x00, 0x00, 0x00, 0x00, 0x00,
    0x00, 0x00, 0x00, 0x00, 0x00, 0x00, 0x00, 0x00, 0x00, 0x00, 0x00, 0x00, 0x00, 0x00, 0x00, 0x00,
    0x00, 0x00, 0x00, 0x00, 0x00, 0x00, 0x00, 0x00, 0x00, 0x00, 0x00, 0x00, 0x00, 0x00, 0x00, 0x00,
    0x00, 0x00, 0x00, 0x00, 0x00, 0x00, 0x00, 0x00, 0x00, 0x00, 0x00, 0x00, 0x00, 0x00, 0x00, 0x00,
    0x00, 0x00, 0x00, 0x00, 0x00, 0x00, 0x00, 0x00, 0x00, 0x00, 0x00, 0x00, 0x00, 0x00, 0x00, 0x00,
    0x00, 0x00, 0x00, 0x00, 0x00, 0x00, 0x00, 0x00, 0x00, 0x00, 0x00, 0x00, 0x00, 0x00, 0x00, 0x00,
    0x00, 0x00, 0x00, 0x00, 0x00, 0x00, 0x00, 0x00, 0x00, 0x00, 0x00, 0x00, 0x00, 0x00, 0x00, 0x00,
    0x00, 0x00, 0x00, 0x00, 0x00, 0x00, 0x00, 0x00, 0x00, 0x00, 0x00, 0x00, 0x00, 0x00, 0x00, 0x00,
    0x00, 0x00, 0x00, 0x00, 0x00, 0x00, 0x00, 0x00, 0x00, 0x00, 0x00, 0x00, 0x00, 0x00, 0x00, 0x00,
    0x00, 0x00, 0x00, 0x00, 0x00, 0x00, 0x00, 0x00, 0x00, 0x00, 0x00, 0x00, 0x00, 0x00, 0x00, 0x00,
    0x00, 0x00, 0x00, 0x00, 0x00, 0x00, 0x00, 0x00, 0x00, 0x00, 0x00, 0x00, 0x00, 0x00, 0x00, 0x00,
    0x00, 0x00, 0x00, 0x00, 0x00, 0x00, 0x00, 0x00, 0x00, 0x00, 0x00, 0x00, 0x00, 0x00, 0x00, 0x00,
    0x00, 0x00, 0x00, 0x00, 0x00, 0x00, 0x00, 0x00, 0x00, 0x00, 0x00, 0x00, 0x00, 0x00, 0x00, 0x00,
    0x00, 0x00, 0x00, 0x00, 0x00, 0x00, 0x00, 0x00, 0x00, 0x00, 0x00, 0x00, 0x00, 0x00, 0x00, 0x00,
    0x00, 0x00, 0x00, 0x00, 0x00, 0x00, 0x00, 0x00, 0x00, 0x00, 0x00, 0x00, 0x00, 0x00, 0x00, 0x00,
    0x00, 0x00, 0x00, 0x00, 0x00, 0x00, 0x00, 0x00, 0x00, 0x00, 0x00, 0x00, 0x00, 0x00, 0x00, 0x00,
    0x00, 0x00, 0x00, 0x00, 0x00, 0x00, 0x00, 0x00, 0x00, 0x00, 0x00, 0x00, 0x00, 0x00, 0x00, 0x00,
    0x00, 0x00, 0x00, 0x00, 0x00, 0x00, 0x00, 0x00, 0x00, 0x00, 0x00, 0x00, 0x00, 0x00, 0x00, 0x00,
    0x00, 0x00, 0x00, 0x00, 0x00, 0x00, 0x00, 0x00, 0x00, 0x00, 0x00, 0x00, 0x00, 0x00, 0x00, 0x00,
    0x00, 0x00, 0x00, 0x00, 0x00, 0x00, 0x00, 0x00, 0x00, 0x00, 0x00, 0x00, 0x00, 0x00, 0x00, 0x00,
    0x00, 0x00, 0x00, 0x00, 0x00, 0x00, 0x00, 0x00, 0x00, 0x00, 0x00, 0x00, 0x00, 0x00, 0x00, 0x00,
    0x00, 0x00, 0x00, 0x00, 0x00, 0x00, 0x00, 0x00, 0x00, 0x00, 0x00, 0x00, 0x00, 0x00, 0x00, 0x00,
    0x00, 0x00, 0x00, 0x00, 0x00, 0x00, 0x34, 0x4A, 0x02, 0x02, 0x35, 0xCF, 0x00, 0x00, 0x2E, 0xFA,
    0x00, 0x00, 0x16, 0xFB, 0xA1, 0xA1, 0xA5, 0xFC, 0xEC, 0xEC, 0xEC, 0xFF, 0xEF, 0xEF, 0xEF, 0xFF,
    0xED, 0xED, 0xED, 0xFF, 0xF1, 0xF1, 0xF1, 0xFF, 0xC9, 0xC9, 0xCA, 0xFF, 0x3A, 0x3A, 0x4E, 0xFF,
    0x00, 0x00, 0x1C, 0xFF, 0x03, 0x03, 0x35, 0xFF, 0x00, 0x00, 0x34, 0xFF, 0x00, 0x00, 0x34, 0xFF,
    0x00, 0x00, 0x34, 0xFF, 0x00, 0x00, 0x34, 0xFF, 0x00, 0x00, 0x34, 0xFF, 0x00, 0x00, 0x34, 0xFF,
    0x00, 0x00, 0x34, 0xFF, 0x00, 0x00, 0x34, 0xFF, 0x00, 0x00, 0x34, 0xFF, 0x03, 0x03, 0x35, 0xFF,
    0x00, 0x00, 0x22, 0xFF, 0x23, 0x23, 0x40, 0xFF, 0xC0, 0xC0, 0xC2, 0xFF, 0xF1, 0xF1, 0xF1, 0xFF,
    0xEE, 0xEE, 0xEE, 0xFF, 0xEF, 0xEF, 0xEE, 0xFF, 0xEE, 0xEE, 0xEE, 0xFF, 0xA9, 0xA9, 0xAD, 0xFC,
    0x00, 0x00, 0x20, 0xFB, 0x00, 0x00, 0x2C, 0xFA, 0x03, 0x03, 0x35, 0xD3, 0x00, 0x00, 0x34, 0x4F,
    0x00, 0x00, 0x00, 0x00, 0x00, 0x00, 0x00, 0x00, 0x00, 0x00, 0x00, 0x00, 0x00, 0x00, 0x00, 0x00,
    0x00, 0x00, 0x00, 0x00, 0x00, 0x00, 0x00, 0x00, 0x00, 0x00, 0x00, 0x00, 0x00, 0x00, 0x00, 0x00,
    0x00, 0x00, 0x00, 0x00, 0x00, 0x00, 0x00, 0x00, 0x00, 0x00, 0x00, 0x00, 0x00, 0x00, 0x00, 0x00,
    0x00, 0x00, 0x00, 0x00, 0x00, 0x00, 0x00, 0x00, 0x00, 0x00, 0x00, 0x00, 0x00, 0x00, 0x00, 0x00,
    0x00, 0x00, 0x00, 0x00, 0x00, 0x00, 0x00, 0x00, 0x00, 0x00, 0x00, 0x00, 0x00, 0x00, 0x00, 0x00,
    0x00, 0x00, 0x00, 0x00, 0x00, 0x00, 0x00, 0x00, 0x00, 0x00, 0x00, 0x00, 0x00, 0x00, 0x00, 0x00,
    0x00, 0x00, 0x00, 0x00, 0x00, 0x00, 0x00, 0x00, 0x00, 0x00, 0x00, 0x00, 0x00, 0x00, 0x00, 0x00,
    0x00, 0x00, 0x00, 0x00, 0x00, 0x00, 0x00, 0x00, 0x00, 0x00, 0x00, 0x00, 0x00, 0x00, 0x00, 0x00,
    0x00, 0x00, 0x00, 0x00, 0x00, 0x00, 0x00, 0x00, 0x00, 0x00, 0x00, 0x00, 0x00, 0x00, 0x00, 0x00,
    0x00, 0x00, 0x00, 0x00, 0x00, 0x00, 0x00, 0x00, 0x00, 0x00, 0x00, 0x00, 0x00, 0x00, 0x00, 0x00,
    0x00, 0x00, 0x00, 0x00, 0x00, 0x00, 0x00, 0x00, 0x00, 0x00, 0x00, 0x00, 0x00, 0x00, 0x00, 0x00,
    0x00, 0x00, 0x00, 0x00, 0x00, 0x00, 0x00, 0x00, 0x00, 0x00, 0x00, 0x00, 0x00, 0x00, 0x00, 0x00,
    0x00, 0x00, 0x00, 0x00, 0x00, 0x00, 0x00, 0x00, 0x00, 0x00, 0x00, 0x00, 0x00, 0x00, 0x00, 0x00,
    0x00, 0x00, 0x00, 0x00, 0x00, 0x00, 0x00, 0x00, 0x00, 0x00, 0x00, 0x00, 0x00, 0x00, 0x00, 0x00,
    0x00, 0x00, 0x00, 0x00, 0x00, 0x00, 0x00, 0x00, 0x00, 0x00, 0x00, 0x00, 0x00, 0x00, 0x00, 0x00,
    0x00, 0x00, 0x00, 0x00, 0x00, 0x00, 0x00, 0x00, 0x00, 0x00, 0x00, 0x00, 0x00, 0x00, 0x00, 0x00,
    0x00, 0x00, 0x00, 0x00, 0x00, 0x00, 0x00, 0x00, 0x00, 0x00, 0x00, 0x00, 0x00, 0x00, 0x00, 0x00,
    0x00, 0x00, 0x00, 0x00, 0x00, 0x00, 0x00, 0x00, 0x00, 0x00, 0x00, 0x00, 0x00, 0x00, 0x00, 0x00,
    0x00, 0x00, 0x00, 0x00, 0x00, 0x00, 0x00, 0x00, 0x00, 0x00, 0x00, 0x00, 0x00, 0x00, 0x00, 0x00,
    0x00, 0x00, 0x00, 0x00, 0x00, 0x00, 0x00, 0x00, 0x00, 0x00, 0x00, 0x00, 0x00, 0x00, 0x00, 0x00,
    0x00, 0x00, 0x00, 0x00, 0x00, 0x00, 0x00, 0x00, 0x00, 0x00, 0x00, 0x00, 0x00, 0x00, 0x00, 0x00,
    0x00, 0x00, 0x00, 0x00, 0x00, 0x00, 0x00, 0x00, 0x00, 0x00, 0x00, 0x00, 0x00, 0x00, 0x00, 0x00,
    0x00, 0x00, 0x00, 0x00, 0x00, 0x00, 0x00, 0x00, 0x00, 0x00, 0x00, 0x00, 0x00, 0x00, 0x00, 0x00,
    0x00, 0x00, 0x00, 0x00, 0x00, 0x00, 0x00, 0x00, 0x00, 0x00, 0x00, 0x00, 0x00, 0x00, 0x00, 0x00,
    0x00, 0x00, 0x00, 0x00, 0x00, 0x00, 0x00, 0x00, 0x00, 0x00, 0x00, 0x00, 0x00, 0x00, 0x00, 0x00,
    0x00, 0x00, 0x00, 0x00, 0x00, 0x00, 0x00, 0x00, 0x00, 0x00, 0x00, 0x00, 0x00, 0x00, 0x00, 0x00,
    0x00, 0x00, 0x00, 0x00, 0x00, 0x00, 0x00, 0x00, 0x00, 0x00, 0x00, 0x00, 0x00, 0x00, 0x00, 0x00,
    0x00, 0x00, 0x00, 0x00, 0x00, 0x00, 0x00, 0x00, 0x00, 0x00, 0x00, 0x00, 0x00, 0x00, 0x00, 0x00,
    0x00, 0x00, 0x00, 0x00, 0x00, 0x00, 0x00, 0x00, 0x00, 0x00, 0x00, 0x00, 0x00, 0x00, 0x00, 0x00,
    0x00, 0x00, 0x00, 0x00, 0x00, 0x00, 0x00, 0x00, 0x00, 0x00, 0x00, 0x00, 0x00, 0x00, 0x00, 0x00,
    0x00, 0x00, 0x00, 0x00, 0x00, 0x00, 0x00, 0x00, 0x00, 0x00, 0x00, 0x00, 0x00, 0x00, 0x00, 0x00,
    0x00, 0x00, 0x00, 0x00, 0x00, 0x00, 0x00, 0x00, 0x00, 0x00, 0x00, 0x00, 0x00, 0x00, 0x00, 0x00,
    0x00, 0x00, 0x00, 0x00, 0x00, 0x00, 0x00, 0x00, 0x00, 0x00, 0x00, 0x00, 0x00, 0x00, 0x00, 0x00,
    0x00, 0x00, 0x00, 0x00, 0x00, 0x00, 0x00, 0x00, 0x00, 0x00, 0x00, 0x00, 0x00, 0x00, 0x00, 0x00,
    0x00, 0x00, 0x00, 0x00, 0x00, 0x00, 0x00, 0x00, 0x00, 0x00, 0x00, 0x00, 0x00, 0x00, 0x00, 0x00,
    0x00, 0x00, 0x00, 0x00, 0x00, 0x00, 0x00, 0x00, 0x00, 0x00, 0x00, 0x00, 0x00, 0x00, 0x00, 0x00,
    0x00, 0x00, 0x00, 0x00, 0x00, 0x00, 0x00, 0x00, 0x00, 0x00, 0x00, 0x00, 0x00, 0x00, 0x00, 0x00,
    0x00, 0x00, 0x00, 0x00, 0x00, 0x00, 0x00, 0x00, 0x00, 0x00, 0x00, 0x00, 0x00, 0x00, 0x00, 0x00,
    0x00, 0x00, 0x00, 0x00, 0x00, 0x00, 0x00, 0x00, 0x00, 0x00, 0x00, 0x00, 0x00, 0x00, 0x00, 0x00,
    0x00, 0x00, 0x00, 0x00, 0x00, 0x00, 0x00, 0x00, 0x00, 0x00, 0x00, 0x00, 0x00, 0x00, 0x00, 0x00,
    0x00, 0x00, 0x00, 0x00, 0x00, 0x00, 0x00, 0x00, 0x00, 0x00, 0x00, 0x00, 0x00, 0x00, 0x00, 0x00,
    0x00, 0x00, 0x00, 0x00, 0x00, 0x00, 0x00, 0x00, 0x00, 0x00, 0x00, 0x00, 0x00, 0x00, 0x00, 0x00,
    0x00, 0x00, 0x00, 0x00, 0x00, 0x00, 0x00, 0x00, 0x00, 0x00, 0x00, 0x00, 0x00, 0x00, 0x00, 0x00,
    0x00, 0x00, 0x00, 0x00, 0x00, 0x00, 0x00, 0x00, 0x00, 0x00, 0x00, 0x00, 0x00, 0x00, 0x00, 0x00,
    0x00, 0x00, 0x00, 0x00, 0x00, 0x00, 0x00, 0x00, 0x00, 0x00, 0x00, 0x00, 0x00, 0x00, 0x00, 0x00,
    0x00, 0x00, 0x00, 0x00, 0x00, 0x00, 0x00, 0x00, 0x00, 0x00, 0x00, 0x00, 0x00, 0x00, 0x00, 0x00,
    0x00, 0x00, 0x00, 0x00, 0x00, 0x00, 0x00, 0x00, 0x00, 0x00, 0x00, 0x00, 0x00, 0x00, 0x00, 0x00,
    0x00, 0x00, 0x00, 0x00, 0x00, 0x00, 0x00, 0x00, 0x00, 0x00, 0x00, 0x00, 0x00, 0x00, 0x00, 0x00,
    0x00, 0x00, 0x00, 0x00, 0x00, 0x00, 0x00, 0x00, 0x00, 0x00, 0x00, 0x00, 0x00, 0x00, 0x00, 0x00,
    0x00, 0x00, 0x00, 0x00, 0x00, 0x00, 0x00, 0x00, 0x00, 0x00, 0x00, 0x00, 0x00, 0x00, 0x00, 0x00,
    0x00, 0x00, 0x00, 0x00, 0x00, 0x00, 0x00, 0x00, 0x00, 0x00, 0x00, 0x00, 0x00, 0x00, 0x00, 0x00,
    0x00, 0x00, 0x00, 0x00, 0x00, 0x00, 0x00, 0x00, 0x00, 0x00, 0x00, 0x00, 0x00, 0x00, 0x00, 0x00,
    0x00, 0x00, 0x00, 0x00, 0x00, 0x00, 0x00, 0x00, 0x00, 0x00, 0x00, 0x00, 0x00, 0x00, 0x00, 0x00,
    0x00, 0x00, 0x00, 0x00, 0x00, 0x00, 0x00, 0x00, 0x00, 0x00, 0x00, 0x00, 0x00, 0x00, 0x00, 0x00,
    0x00, 0x00, 0x00, 0x00, 0x00, 0x00, 0x00, 0x00, 0x00, 0x00, 0x00, 0x00, 0x00, 0x00, 0x00, 0x00,
    0x00, 0x00, 0x00, 0x00, 0x00, 0x00, 0x00, 0x00, 0x00, 0x00, 0x00, 0x00, 0x00, 0x00, 0x00, 0x00,
    0x00, 0x00, 0x00, 0x00, 0x00, 0x00, 0x00, 0x00, 0x00, 0x00, 0x00, 0x00, 0x00, 0x00, 0x00, 0x00,
    0x00, 0x00, 0x00, 0x00, 0x00, 0x00, 0x00, 0x00, 0x00, 0x00, 0x00, 0x00, 0x00, 0x00, 0x00, 0x00,
    0x00, 0x00, 0x00, 0x00, 0x00, 0x00, 0x00, 0x00, 0x00, 0x00, 0x00, 0x00, 0x00, 0x00, 0x00, 0x00,
    0x00, 0x00, 0x00, 0x00, 0x00, 0x00, 0x00, 0x00, 0x00, 0x00, 0x00, 0x00, 0x00, 0x00, 0x00, 0x00,
    0x00, 0x00, 0x00, 0x00, 0x00, 0x00, 0x00, 0x00, 0x00, 0x00, 0x00, 0x00, 0x00, 0x00, 0x00, 0x00,
    0x00, 0x00, 0x00, 0x00, 0x00, 0x00, 0x00, 0x00, 0x00, 0x00, 0x00, 0x00, 0x00, 0x00, 0x00, 0x00,
    0x00, 0x00, 0x00, 0x00, 0x00, 0x00, 0x00, 0x00, 0x00, 0x00, 0x00, 0x00, 0x00, 0x00, 0x00, 0x00,
    0x00, 0x00, 0x00, 0x00, 0x00, 0x00, 0x00, 0x00, 0x00, 0x00, 0x00, 0x00, 0x00, 0x00, 0x00, 0x00,
    0x00, 0x00, 0x00, 0x00, 0x00, 0x00, 0x00, 0x00, 0x00, 0x00, 0x00, 0x00, 0x00, 0x00, 0x00, 0x00,
    0x00, 0x00, 0x00, 0x00, 0x00, 0x00, 0x00, 0x00, 0x00, 0x00, 0x34, 0x34, 0x01, 0x01, 0x34, 0xBD,
    0x00, 0x00, 0x31, 0xF8, 0x00, 0x00, 0x00, 0xFB, 0x8B, 0x8B, 0x91, 0xFC, 0xE7, 0xE7, 0xE7, 0xFF,
    0xF0, 0xF0, 0xF0, 0xFF, 0xED, 0xED, 0xED, 0xFF, 0xF1, 0xF1, 0xF1, 0xFF, 0xD6, 0xD6, 0xD7, 0xFF,
    0x5A, 0x5A, 0x66, 0xFF, 0x00, 0x00, 0x0E, 0xFF, 0x02, 0x02, 0x34, 0xFF, 0x00, 0x00, 0x34, 0xFF,
    0x00, 0x00, 0x34, 0xFF, 0x00, 0x00, 0x34, 0xFF, 0x00, 0x00, 0x34, 0xFF, 0x00, 0x00, 0x34, 0xFF,
    0x00, 0x00, 0x34, 0xFF, 0x00, 0x00, 0x34, 0xFF, 0x03, 0x03, 0x35, 0xFF, 0x00, 0x00, 0x18, 0xFF,
    0x47, 0x47, 0x57, 0xFF, 0xCE, 0xCE, 0xD0, 0xFF, 0xF1, 0xF1, 0xF1, 0xFF, 0xED, 0xED, 0xED, 0xFF,
    0xEF, 0xEF, 0xEF, 0xFF, 0xEA, 0xEA, 0xEA, 0xFF, 0x95, 0x95, 0x9A, 0xFC, 0x00, 0x00, 0x06, 0xFB,
    0x00, 0x00, 0x30, 0xF9, 0x02, 0x02, 0x34, 0xC3, 0x00, 0x00, 0x34, 0x3A, 0x00, 0x00, 0x00, 0x00,
    0x00, 0x00, 0x00, 0x00, 0x00, 0x00, 0x00, 0x00, 0x00, 0x00, 0x00, 0x00, 0x00, 0x00, 0x00, 0x00,
    0x00, 0x00, 0x00, 0x00, 0x00, 0x00, 0x00, 0x00, 0x00, 0x00, 0x00, 0x00, 0x00, 0x00, 0x00, 0x00,
    0x00, 0x00, 0x00, 0x00, 0x00, 0x00, 0x00, 0x00, 0x00, 0x00, 0x00, 0x00, 0x00, 0x00, 0x00, 0x00,
    0x00, 0x00, 0x00, 0x00, 0x00, 0x00, 0x00, 0x00, 0x00, 0x00, 0x00, 0x00, 0x00, 0x00, 0x00, 0x00,
    0x00, 0x00, 0x00, 0x00, 0x00, 0x00, 0x00, 0x00, 0x00, 0x00, 0x00, 0x00, 0x00, 0x00, 0x00, 0x00,
    0x00, 0x00, 0x00, 0x00, 0x00, 0x00, 0x00, 0x00, 0x00, 0x00, 0x00, 0x00, 0x00, 0x00, 0x00, 0x00,
    0x00, 0x00, 0x00, 0x00, 0x00, 0x00, 0x00, 0x00, 0x00, 0x00, 0x00, 0x00, 0x00, 0x00, 0x00, 0x00,
    0x00, 0x00, 0x00, 0x00, 0x00, 0x00, 0x00, 0x00, 0x00, 0x00, 0x00, 0x00, 0x00, 0x00, 0x00, 0x00,
    0x00, 0x00, 0x00, 0x00, 0x00, 0x00, 0x00, 0x00, 0x00, 0x00, 0x00, 0x00, 0x00, 0x00, 0x00, 0x00,
    0x00, 0x00, 0x00, 0x00, 0x00, 0x00, 0x00, 0x00, 0x00, 0x00, 0x00, 0x00, 0x00, 0x00, 0x00, 0x00,
    0x00, 0x00, 0x00, 0x00, 0x00, 0x00, 0x00, 0x00, 0x00, 0x00, 0x00, 0x00, 0x00, 0x00, 0x00, 0x00,
    0x00, 0x00, 0x00, 0x00, 0x00, 0x00, 0x00, 0x00, 0x00, 0x00, 0x00, 0x00, 0x00, 0x00, 0x00, 0x00,
    0x00, 0x00, 0x00, 0x00, 0x00, 0x00, 0x00, 0x00, 0x00, 0x00, 0x00, 0x00, 0x00, 0x00, 0x00, 0x00,
    0x00, 0x00, 0x00, 0x00, 0x00, 0x00, 0x00, 0x00, 0x00, 0x00, 0x00, 0x00, 0x00, 0x00, 0x00, 0x00,
    0x00, 0x00, 0x00, 0x00, 0x00, 0x00, 0x00, 0x00, 0x00, 0x00, 0x00, 0x00, 0x00, 0x00, 0x00, 0x00,
    0x00, 0x00, 0x00, 0x00, 0x00, 0x00, 0x00, 0x00, 0x00, 0x00, 0x00, 0x00, 0x00, 0x00, 0x00, 0x00,
    0x00, 0x00, 0x00, 0x00, 0x00, 0x00, 0x00, 0x00, 0x00, 0x00, 0x00, 0x00, 0x00, 0x00, 0x00, 0x00,
    0x00, 0x00, 0x00, 0x00, 0x00, 0x00, 0x00, 0x00, 0x00, 0x00, 0x00, 0x00, 0x00, 0x00, 0x00, 0x00,
    0x00, 0x00, 0x00, 0x00, 0x00, 0x00, 0x00, 0x00, 0x00, 0x00, 0x00, 0x00, 0x00, 0x00, 0x00, 0x00,
    0x00, 0x00, 0x00, 0x00, 0x00, 0x00, 0x00, 0x00, 0x00, 0x00, 0x00, 0x00, 0x00, 0x00, 0x00, 0x00,
    0x00, 0x00, 0x00, 0x00, 0x00, 0x00, 0x00, 0x00, 0x00, 0x00, 0x00, 0x00, 0x00, 0x00, 0x00, 0x00,
    0x00, 0x00, 0x00, 0x00, 0x00, 0x00, 0x00, 0x00, 0x00, 0x00, 0x00, 0x00, 0x00, 0x00, 0x00, 0x00,
    0x00, 0x00, 0x00, 0x00, 0x00, 0x00, 0x00, 0x00, 0x00, 0x00, 0x00, 0x00, 0x00, 0x00, 0x00, 0x00,
    0x00, 0x00, 0x00, 0x00, 0x00, 0x00, 0x00, 0x00, 0x00, 0x00, 0x00, 0x00, 0x00, 0x00, 0x00, 0x00,
    0x00, 0x00, 0x00, 0x00, 0x00, 0x00, 0x00, 0x00, 0x00, 0x00, 0x00, 0x00, 0x00, 0x00, 0x00, 0x00,
    0x00, 0x00, 0x00, 0x00, 0x00, 0x00, 0x00, 0x00, 0x00, 0x00, 0x00, 0x00, 0x00, 0x00, 0x00, 0x00,
    0x00, 0x00, 0x00, 0x00, 0x00, 0x00, 0x00, 0x00, 0x00, 0x00, 0x00, 0x00, 0x00, 0x00, 0x00, 0x00,
    0x00, 0x00, 0x00, 0x00, 0x00, 0x00, 0x00, 0x00, 0x00, 0x00, 0x00, 0x00, 0x00, 0x00, 0x00, 0x00,
    0x00, 0x00, 0x00, 0x00, 0x00, 0x00, 0x00, 0x00, 0x00, 0x00, 0x00, 0x00, 0x00, 0x00, 0x00, 0x00,
    0x00, 0x00, 0x00, 0x00, 0x00, 0x00, 0x00, 0x00, 0x00, 0x00, 0x00, 0x00, 0x00, 0x00, 0x00, 0x00,
    0x00, 0x00, 0x00, 0x00, 0x00, 0x00, 0x00, 0x00, 0x00, 0x00, 0x00, 0x00, 0x00, 0x00, 0x00, 0x00,
    0x00, 0x00, 0x00, 0x00, 0x00, 0x00, 0x00, 0x00, 0x00, 0x00, 0x00, 0x00, 0x00, 0x00, 0x00, 0x00,
    0x00, 0x00, 0x00, 0x00, 0x00, 0x00, 0x00, 0x00, 0x00, 0x00, 0x00, 0x00, 0x00, 0x00, 0x00, 0x00,
    0x00, 0x00, 0x00, 0x00, 0x00, 0x00, 0x00, 0x00, 0x00, 0x00, 0x00, 0x00, 0x00, 0x00, 0x00, 0x00,
    0x00, 0x00, 0x00, 0x00, 0x00, 0x00, 0x00, 0x00, 0x00, 0x00, 0x00, 0x00, 0x00, 0x00, 0x00, 0x00,
    0x00, 0x00, 0x00, 0x00, 0x00, 0x00, 0x00, 0x00, 0x00, 0x00, 0x00, 0x00, 0x00, 0x00, 0x00, 0x00,
    0x00, 0x00, 0x00, 0x00, 0x00, 0x00, 0x00, 0x00, 0x00, 0x00, 0x00, 0x00, 0x00, 0x00, 0x00, 0x00,
    0x00, 0x00, 0x00, 0x00, 0x00, 0x00, 0x00, 0x00, 0x00, 0x00, 0x00, 0x00, 0x00, 0x00, 0x00, 0x00,
    0x00, 0x00, 0x00, 0x00, 0x00, 0x00, 0x00, 0x00, 0x00, 0x00, 0x00, 0x00, 0x00, 0x00, 0x00, 0x00,
    0x00, 0x00, 0x00, 0x00, 0x00, 0x00, 0x00, 0x00, 0x00, 0x00, 0x00, 0x00, 0x00, 0x00, 0x00, 0x00,
    0x00, 0x00, 0x00, 0x00, 0x00, 0x00, 0x00, 0x00, 0x00, 0x00, 0x00, 0x00, 0x00, 0x00, 0x00, 0x00,
    0x00, 0x00, 0x00, 0x00, 0x00, 0x00, 0x00, 0x00, 0x00, 0x00, 0x00, 0x00, 0x00, 0x00, 0x00, 0x00,
    0x00, 0x00, 0x00, 0x00, 0x00, 0x00, 0x00, 0x00, 0x00, 0x00, 0x00, 0x00, 0x00, 0x00, 0x00, 0x00,
    0x00, 0x00, 0x00, 0x00, 0x00, 0x00, 0x00, 0x00, 0x00, 0x00, 0x00, 0x00, 0x00, 0x00, 0x00, 0x00,
    0x00, 0x00, 0x00, 0x00, 0x00, 0x00, 0x00, 0x00, 0x00, 0x00, 0x00, 0x00, 0x00, 0x00, 0x00, 0x00,
    0x00, 0x00, 0x00, 0x00, 0x00, 0x00, 0x00, 0x00, 0x00, 0x00, 0x00, 0x00, 0x00, 0x00, 0x00, 0x00,
    0x00, 0x00, 0x00, 0x00, 0x00, 0x00, 0x00, 0x00, 0x00, 0x00, 0x00, 0x00, 0x00, 0x00, 0x00, 0x00,
    0x00, 0x00, 0x00, 0x00, 0x00, 0x00, 0x00, 0x00, 0x00, 0x00, 0x00, 0x00, 0x00, 0x00, 0x00, 0x00,
    0x00, 0x00, 0x00, 0x00, 0x00, 0x00, 0x00, 0x00, 0x00, 0x00, 0x00, 0x00, 0x00, 0x00, 0x00, 0x00,
    0x00, 0x00, 0x00, 0x00, 0x00, 0x00, 0x00, 0x00, 0x00, 0x00, 0x00, 0x00, 0x00, 0x00, 0x00, 0x00,
    0x00, 0x00, 0x00, 0x00, 0x00, 0x00, 0x00, 0x00, 0x00, 0x00, 0x00, 0x00, 0x00, 0x00, 0x00, 0x00,
    0x00, 0x00, 0x00, 0x00, 0x00, 0x00, 0x00, 0x00, 0x00, 0x00, 0x00, 0x00, 0x00, 0x00, 0x00, 0x00,
    0x00, 0x00, 0x00, 0x00, 0x00, 0x00, 0x00, 0x00, 0x00, 0x00, 0x00, 0x00, 0x00, 0x00, 0x00, 0x00,
    0x00, 0x00, 0x00, 0x00, 0x00, 0x00, 0x00, 0x00, 0x00, 0x00, 0x00, 0x00, 0x00, 0x00, 0x00, 0x00,
    0x00, 0x00, 0x00, 0x00, 0x00, 0x00, 0x00, 0x00, 0x00, 0x00, 0x00, 0x00, 0x00, 0x00, 0x00, 0x00,
    0x00, 0x00, 0x00, 0x00, 0x00, 0x00, 0x00, 0x00, 0x00, 0x00, 0x00, 0x00, 0x00, 0x00, 0x00, 0x00,
    0x00, 0x00, 0x00, 0x00, 0x00, 0x00, 0x00, 0x00, 0x00, 0x00, 0x00, 0x00, 0x00, 0x00, 0x00, 0x00,
    0x00, 0x00, 0x00, 0x00, 0x00, 0x00, 0x00, 0x00, 0x00, 0x00, 0x00, 0x00, 0x00, 0x00, 0x00, 0x00,
    0x00, 0x00, 0x00, 0x00, 0x00, 0x00, 0x00, 0x00, 0x00, 0x00, 0x00, 0x00, 0x00, 0x00, 0x00, 0x00,
    0x00, 0x00, 0x00, 0x00, 0x00, 0x00, 0x00, 0x00, 0x00, 0x00, 0x00, 0x00, 0x00, 0x00, 0x00, 0x00,
    0x00, 0x00, 0x00, 0x00, 0x00, 0x00, 0x00, 0x00, 0x00, 0x00, 0x00, 0x00, 0x00, 0x00, 0x00, 0x00,
    0x00, 0x00, 0x00, 0x00, 0x00, 0x00, 0x00, 0x00, 0x00, 0x00, 0x00, 0x00, 0x00, 0x00, 0x00, 0x00,
    0x00, 0x00, 0x00, 0x00, 0x00, 0x00, 0x00, 0x00, 0x00, 0x00, 0x00, 0x00, 0x00, 0x00, 0x00, 0x00,
    0x00, 0x00, 0x00, 0x00, 0x00, 0x00, 0x00, 0x00, 0x00, 0x00, 0x00, 0x00, 0x00, 0x00, 0x00, 0x00,
    0x00, 0x00, 0x00, 0x00, 0x00, 0x00, 0x00, 0x00, 0x00, 0x00, 0x00, 0x00, 0x00, 0x00, 0x00, 0x00,
    0x00, 0x00, 0x00, 0x00, 0x00, 0x00, 0x00, 0x00, 0x00, 0x00, 0x00, 0x00, 0x00, 0x00, 0x34, 0x21,
    0x01, 0x01, 0x34, 0xA9, 0x00, 0x00, 0x34, 0xF4, 0x00, 0x00, 0x00, 0xFB, 0x71, 0x71, 0x7A, 0xFB,
    0xDF, 0xDF, 0xE0, 0xFE, 0xF1, 0xF1, 0xF1, 0xFF, 0xED, 0xED, 0xED, 0xFF, 0xF1, 0xF1, 0xF1, 0xFF,
    0xE0, 0xE0, 0xE1, 0xFF, 0x76, 0x76, 0x7E, 0xFF, 0x00, 0x00, 0x00, 0xFF, 0x00, 0x00, 0x33, 0xFF,
    0x01, 0x01, 0x34, 0xFF, 0x00, 0x00, 0x34, 0xFF, 0x00, 0x00, 0x34, 0xFF, 0x00, 0x00, 0x34, 0xFF,
    0x00, 0x00, 0x34, 0xFF, 0x01, 0x01, 0x34, 0xFF, 0x00, 0x00, 0x08, 0xFF, 0x64, 0x64, 0x6E, 0xFF,
    0xDA, 0xDA, 0xDB, 0xFF, 0xF1, 0xF1, 0xF1, 0xFF, 0xED, 0xED, 0xED, 0xFF, 0xF0, 0xF0, 0xF0, 0xFF,
    0xE3, 0xE3, 0xE4, 0xFF, 0x7E, 0x7E, 0x85, 0xFB, 0x00, 0x00, 0x00, 0xFB, 0x00, 0x00, 0x33, 0xF6,
    0x01, 0x01, 0x34, 0xB1, 0x00, 0x00, 0x34, 0x27, 0x00, 0x00, 0x00, 0x00, 0x00, 0x00, 0x00, 0x00,
    0x00, 0x00, 0x00, 0x00, 0x00, 0x00, 0x00, 0x00, 0x00, 0x00, 0x00, 0x00, 0x00, 0x00, 0x00, 0x00,
    0x00, 0x00, 0x00, 0x00, 0x00, 0x00, 0x00, 0x00, 0x00, 0x00, 0x00, 0x00, 0x00, 0x00, 0x00, 0x00,
    0x00, 0x00, 0x00, 0x00, 0x00, 0x00, 0x00, 0x00, 0x00, 0x00, 0x00, 0x00, 0x00, 0x00, 0x00, 0x00,
    0x00, 0x00, 0x00, 0x00, 0x00, 0x00, 0x00, 0x00, 0x00, 0x00, 0x00, 0x00, 0x00, 0x00, 0x00, 0x00,
    0x00, 0x00, 0x00, 0x00, 0x00, 0x00, 0x00, 0x00, 0x00, 0x00, 0x00, 0x00, 0x00, 0x00, 0x00, 0x00,
    0x00, 0x00, 0x00, 0x00, 0x00, 0x00, 0x00, 0x00, 0x00, 0x00, 0x00, 0x00, 0x00, 0x00, 0x00, 0x00,
    0x00, 0x00, 0x00, 0x00, 0x00, 0x00, 0x00, 0x00, 0x00, 0x00, 0x00, 0x00, 0x00, 0x00, 0x00, 0x00,
    0x00, 0x00, 0x00, 0x00, 0x00, 0x00, 0x00, 0x00, 0x00, 0x00, 0x00, 0x00, 0x00, 0x00, 0x00, 0x00,
    0x00, 0x00, 0x00, 0x00, 0x00, 0x00, 0x00, 0x00, 0x00, 0x00, 0x00, 0x00, 0x00, 0x00, 0x00, 0x00,
    0x00, 0x00, 0x00, 0x00, 0x00, 0x00, 0x00, 0x00, 0x00, 0x00, 0x00, 0x00, 0x00, 0x00, 0x00, 0x00,
    0x00, 0x00, 0x00, 0x00, 0x00, 0x00, 0x00, 0x00, 0x00, 0x00, 0x00, 0x00, 0x00, 0x00, 0x00, 0x00,
    0x00, 0x00, 0x00, 0x00, 0x00, 0x00, 0x00, 0x00, 0x00, 0x00, 0x00, 0x00, 0x00, 0x00, 0x00, 0x00,
    0x00, 0x00, 0x00, 0x00, 0x00, 0x00, 0x00, 0x00, 0x00, 0x00, 0x00, 0x00, 0x00, 0x00, 0x00, 0x00,
    0x00, 0x00, 0x00, 0x00, 0x00, 0x00, 0x00, 0x00, 0x00, 0x00, 0x00, 0x00, 0x00, 0x00, 0x00, 0x00,
    0x00, 0x00, 0x00, 0x00, 0x00, 0x00, 0x00, 0x00, 0x00, 0x00, 0x00, 0x00, 0x00, 0x00, 0x00, 0x00,
    0x00, 0x00, 0x00, 0x00, 0x00, 0x00, 0x00, 0x00, 0x00, 0x00, 0x00, 0x00, 0x00, 0x00, 0x00, 0x00,
    0x00, 0x00, 0x00, 0x00, 0x00, 0x00, 0x00, 0x00, 0x00, 0x00, 0x00, 0x00, 0x00, 0x00, 0x00, 0x00,
    0x00, 0x00, 0x00, 0x00, 0x00, 0x00, 0x00, 0x00, 0x00, 0x00, 0x00, 0x00, 0x00, 0x00, 0x00, 0x00,
    0x00, 0x00, 0x00, 0x00, 0x00, 0x00, 0x00, 0x00, 0x00, 0x00, 0x00, 0x00, 0x00, 0x00, 0x00, 0x00,
    0x00, 0x00, 0x00, 0x00, 0x00, 0x00, 0x00, 0x00, 0x00, 0x00, 0x00, 0x00, 0x00, 0x00, 0x00, 0x00,
    0x00, 0x00, 0x00, 0x00, 0x00, 0x00, 0x00, 0x00, 0x00, 0x00, 0x00, 0x00, 0x00, 0x00, 0x00, 0x00,
    0x00, 0x00, 0x00, 0x00, 0x00, 0x00, 0x00, 0x00, 0x00, 0x00, 0x00, 0x00, 0x00, 0x00, 0x00, 0x00,
    0x00, 0x00, 0x00, 0x00, 0x00, 0x00, 0x00, 0x00, 0x00, 0x00, 0x00, 0x00, 0x00, 0x00, 0x00, 0x00,
    0x00, 0x00, 0x00, 0x00, 0x00, 0x00, 0x00, 0x00, 0x00, 0x00, 0x00, 0x00, 0x00, 0x00, 0x00, 0x00,
    0x00, 0x00, 0x00, 0x00, 0x00, 0x00, 0x00, 0x00, 0x00, 0x00, 0x00, 0x00, 0x00, 0x00, 0x00, 0x00,
    0x00, 0x00, 0x00, 0x00, 0x00, 0x00, 0x00, 0x00, 0x00, 0x00, 0x00, 0x00, 0x00, 0x00, 0x00, 0x00,
    0x00, 0x00, 0x00, 0x00, 0x00, 0x00, 0x00, 0x00, 0x00, 0x00, 0x00, 0x00, 0x00, 0x00, 0x00, 0x00,
    0x00, 0x00, 0x00, 0x00, 0x00, 0x00, 0x00, 0x00, 0x00, 0x00, 0x00, 0x00, 0x00, 0x00, 0x00, 0x00,
    0x00, 0x00, 0x00, 0x00, 0x00, 0x00, 0x00, 0x00, 0x00, 0x00, 0x00, 0x00, 0x00, 0x00, 0x00, 0x00,
    0x00, 0x00, 0x00, 0x00, 0x00, 0x00, 0x00, 0x00, 0x00, 0x00, 0x00, 0x00, 0x00, 0x00, 0x00, 0x00,
    0x00, 0x00, 0x00, 0x00, 0x00, 0x00, 0x00, 0x00, 0x00, 0x00, 0x00, 0x00, 0x00, 0x00, 0x00, 0x00,
    0x00, 0x00, 0x00, 0x00, 0x00, 0x00, 0x00, 0x00, 0x00, 0x00, 0x00, 0x00, 0x00, 0x00, 0x00, 0x00,
    0x00, 0x00, 0x00, 0x00, 0x00, 0x00, 0x00, 0x00, 0x00, 0x00, 0x00, 0x00, 0x00, 0x00, 0x00, 0x00,
    0x00, 0x00, 0x00, 0x00, 0x00, 0x00, 0x00, 0x00, 0x00, 0x00, 0x00, 0x00, 0x00, 0x00, 0x00, 0x00,
    0x00, 0x00, 0x00, 0x00, 0x00, 0x00, 0x00, 0x00, 0x00, 0x00, 0x00, 0x00, 0x00, 0x00, 0x00, 0x00,
    0x00, 0x00, 0x00, 0x00, 0x00, 0x00, 0x00, 0x00, 0x00, 0x00, 0x00, 0x00, 0x00, 0x00, 0x00, 0x00,
    0x00, 0x00, 0x00, 0x00, 0x00, 0x00, 0x00, 0x00, 0x00, 0x00, 0x00, 0x00, 0x00, 0x00, 0x00, 0x00,
    0x00, 0x00, 0x00, 0x00, 0x00, 0x00, 0x00, 0x00, 0x00, 0x00, 0x00, 0x00, 0x00, 0x00, 0x00, 0x00,
    0x00, 0x00, 0x00, 0x00, 0x00, 0x00, 0x00, 0x00, 0x00, 0x00, 0x00, 0x00, 0x00, 0x00, 0x00, 0x00,
    0x00, 0x00, 0x00, 0x00, 0x00, 0x00, 0x00, 0x00, 0x00, 0x00, 0x00, 0x00, 0x00, 0x00, 0x00, 0x00,
    0x00, 0x00, 0x00, 0x00, 0x00, 0x00, 0x00, 0x00, 0x00, 0x00, 0x00, 0x00, 0x00, 0x00, 0x00, 0x00,
    0x00, 0x00, 0x00, 0x00, 0x00, 0x00, 0x00, 0x00, 0x00, 0x00, 0x00, 0x00, 0x00, 0x00, 0x00, 0x00,
    0x00, 0x00, 0x00, 0x00, 0x00, 0x00, 0x00, 0x00, 0x00, 0x00, 0x00, 0x00, 0x00, 0x00, 0x00, 0x00,
    0x00, 0x00, 0x00, 0x00, 0x00, 0x00, 0x00, 0x00, 0x00, 0x00, 0x00, 0x00, 0x00, 0x00, 0x00, 0x00,
    0x00, 0x00, 0x00, 0x00, 0x00, 0x00, 0x00, 0x00, 0x00, 0x00, 0x00, 0x00, 0x00, 0x00, 0x00, 0x00,
    0x00, 0x00, 0x00, 0x00, 0x00, 0x00, 0x00, 0x00, 0x00, 0x00, 0x00, 0x00, 0x00, 0x00, 0x00, 0x00,
    0x00, 0x00, 0x00, 0x00, 0x00, 0x00, 0x00, 0x00, 0x00, 0x00, 0x00, 0x00, 0x00, 0x00, 0x00, 0x00,
    0x00, 0x00, 0x00, 0x00, 0x00, 0x00, 0x00, 0x00, 0x00, 0x00, 0x00, 0x00, 0x00, 0x00, 0x00, 0x00,
    0x00, 0x00, 0x00, 0x00, 0x00, 0x00, 0x00, 0x00, 0x00, 0x00, 0x00, 0x00, 0x00, 0x00, 0x00, 0x00,
    0x00, 0x00, 0x00, 0x00, 0x00, 0x00, 0x00, 0x00, 0x00, 0x00, 0x00, 0x00, 0x00, 0x00, 0x00, 0x00,
    0x00, 0x00, 0x00, 0x00, 0x00, 0x00, 0x00, 0x00, 0x00, 0x00, 0x00, 0x00, 0x00, 0x00, 0x00, 0x00,
    0x00, 0x00, 0x00, 0x00, 0x00, 0x00, 0x00, 0x00, 0x00, 0x00, 0x00, 0x00, 0x00, 0x00, 0x00, 0x00,
    0x00, 0x00, 0x00, 0x00, 0x00, 0x00, 0x00, 0x00, 0x00, 0x00, 0x00, 0x00, 0x00, 0x00, 0x00, 0x00,
    0x00, 0x00, 0x00, 0x00, 0x00, 0x00, 0x00, 0x00, 0x00, 0x00, 0x00, 0x00, 0x00, 0x00, 0x00, 0x00,
    0x00, 0x00, 0x00, 0x00, 0x00, 0x00, 0x00, 0x00, 0x00, 0x00, 0x00, 0x00, 0x00, 0x00, 0x00, 0x00,
    0x00, 0x00, 0x00, 0x00, 0x00, 0x00, 0x00, 0x00, 0x00, 0x00, 0x00, 0x00, 0x00, 0x00, 0x00, 0x00,
    0x00, 0x00, 0x00, 0x00, 0x00, 0x00, 0x00, 0x00, 0x00, 0x00, 0x00, 0x00, 0x00, 0x00, 0x00, 0x00,
    0x00, 0x00, 0x00, 0x00, 0x00, 0x00, 0x00, 0x00, 0x00, 0x00, 0x00, 0x00, 0x00, 0x00, 0x00, 0x00,
    0x00, 0x00, 0x00, 0x00, 0x00, 0x00, 0x00, 0x00, 0x00, 0x00, 0x00, 0x00, 0x00, 0x00, 0x00, 0x00,
    0x00, 0x00, 0x00, 0x00, 0x00, 0x00, 0x00, 0x00, 0x00, 0x00, 0x00, 0x00, 0x00, 0x00, 0x00, 0x00,
    0x00, 0x00, 0x00, 0x00, 0x00, 0x00, 0x00, 0x00, 0x00, 0x00, 0x00, 0x00, 0x00, 0x00, 0x00, 0x00,
    0x00, 0x00, 0x00, 0x00, 0x00, 0x00, 0x00, 0x00, 0x00, 0x00, 0x00, 0x00, 0x00, 0x00, 0x00, 0x00,
    0x00, 0x00, 0x00, 0x00, 0x00, 0x00, 0x00, 0x00, 0x00, 0x00, 0x00, 0x00, 0x00, 0x00, 0x00, 0x00,
    0x00, 0x00, 0x00, 0x00, 0x00, 0x00, 0x00, 0x00, 0x00, 0x00, 0x00, 0x00, 0x00, 0x00, 0x00, 0x00,
    0x00, 0x00, 0x00, 0x00, 0x00, 0x00, 0x00, 0x00, 0x00, 0x00, 0x00, 0x00, 0x00, 0x00, 0x00, 0x00,
    0x00, 0x00, 0x00, 0x00, 0x00, 0x00, 0x00, 0x00, 0x00, 0x00, 0x00, 0x00, 0x00, 0x00, 0x00, 0x00,
    0x00, 0x00, 0x34, 0x12, 0x00, 0x00, 0x34, 0x93, 0x02, 0x02, 0x35, 0xEF, 0x00, 0x00, 0x10, 0xFB,
    0x55, 0x55, 0x62, 0xFB, 0xD4, 0xD4, 0xD5, 0xFE, 0xF1, 0xF1, 0xF1, 0xFF, 0xED, 0xED, 0xED, 0xFF,
    0xF0, 0xF0, 0xF0, 0xFF, 0xE8, 0xE8, 0xE8, 0xFF, 0x8E, 0x8E, 0x94, 0xFF, 0x00, 0x00, 0x02, 0xFF,
    0x00, 0x00, 0x31, 0xFF, 0x01, 0x01, 0x34, 0xFF, 0x00, 0x00, 0x34, 0xFF, 0x01, 0x01, 0x34, 0xFF,
    0x00, 0x00, 0x33, 0xFF, 0x00, 0x00, 0x00, 0xFF, 0x7D, 0x7D, 0x84, 0xFF, 0xE3, 0xE3, 0xE4, 0xFF,
    0xF0, 0xF0, 0xF0, 0xFF, 0xED, 0xED, 0xED, 0xFF, 0xF1, 0xF1, 0xF1, 0xFF, 0xDB, 0xDB, 0xDC, 0xFE,
    0x65, 0x65, 0x6F, 0xFB, 0x00, 0x00, 0x06, 0xFB, 0x01, 0x01, 0x34, 0xF2, 0x01, 0x01, 0x34, 0x9C,
    0x00, 0x00, 0x34, 0x17, 0x00, 0x00, 0x00, 0x00, 0x00, 0x00, 0x00, 0x00, 0x00, 0x00, 0x00, 0x00,
    0x00, 0x00, 0x00, 0x00, 0x00, 0x00, 0x00, 0x00, 0x00, 0x00, 0x00, 0x00, 0x00, 0x00, 0x00, 0x00,
    0x00, 0x00, 0x00, 0x00, 0x00, 0x00, 0x00, 0x00, 0x00, 0x00, 0x00, 0x00, 0x00, 0x00, 0x00, 0x00,
    0x00, 0x00, 0x00, 0x00, 0x00, 0x00, 0x00, 0x00, 0x00, 0x00, 0x00, 0x00, 0x00, 0x00, 0x00, 0x00,
    0x00, 0x00, 0x00, 0x00, 0x00, 0x00, 0x00, 0x00, 0x00, 0x00, 0x00, 0x00, 0x00, 0x00, 0x00, 0x00,
    0x00, 0x00, 0x00, 0x00, 0x00, 0x00, 0x00, 0x00, 0x00, 0x00, 0x00, 0x00, 0x00, 0x00, 0x00, 0x00,
    0x00, 0x00, 0x00, 0x00, 0x00, 0x00, 0x00, 0x00, 0x00, 0x00, 0x00, 0x00, 0x00, 0x00, 0x00, 0x00,
    0x00, 0x00, 0x00, 0x00, 0x00, 0x00, 0x00, 0x00, 0x00, 0x00, 0x00, 0x00, 0x00, 0x00, 0x00, 0x00,
    0x00, 0x00, 0x00, 0x00, 0x00, 0x00, 0x00, 0x00, 0x00, 0x00, 0x00, 0x00, 0x00, 0x00, 0x00, 0x00,
    0x00, 0x00, 0x00, 0x00, 0x00, 0x00, 0x00, 0x00, 0x00, 0x00, 0x00, 0x00, 0x00, 0x00, 0x00, 0x00,
    0x00, 0x00, 0x00, 0x00, 0x00, 0x00, 0x00, 0x00, 0x00, 0x00, 0x00, 0x00, 0x00, 0x00, 0x00, 0x00,
    0x00, 0x00, 0x00, 0x00, 0x00, 0x00, 0x00, 0x00, 0x00, 0x00, 0x00, 0x00, 0x00, 0x00, 0x00, 0x00,
    0x00, 0x00, 0x00, 0x00, 0x00, 0x00, 0x00, 0x00, 0x00, 0x00, 0x00, 0x00, 0x00, 0x00, 0x00, 0x00,
    0x00, 0x00, 0x00, 0x00, 0x00, 0x00, 0x00, 0x00, 0x00, 0x00, 0x00, 0x00, 0x00, 0x00, 0x00, 0x00,
    0x00, 0x00, 0x00, 0x00, 0x00, 0x00, 0x00, 0x00, 0x00, 0x00, 0x00, 0x00, 0x00, 0x00, 0x00, 0x00,
    0x00, 0x00, 0x00, 0x00, 0x00, 0x00, 0x00, 0x00, 0x00, 0x00, 0x00, 0x00, 0x00, 0x00, 0x00, 0x00,
    0x00, 0x00, 0x00, 0x00, 0x00, 0x00, 0x00, 0x00, 0x00, 0x00, 0x00, 0x00, 0x00, 0x00, 0x00, 0x00,
    0x00, 0x00, 0x00, 0x00, 0x00, 0x00, 0x00, 0x00, 0x00, 0x00, 0x00, 0x00, 0x00, 0x00, 0x00, 0x00,
    0x00, 0x00, 0x00, 0x00, 0x00, 0x00, 0x00, 0x00, 0x00, 0x00, 0x00, 0x00, 0x00, 0x00, 0x00, 0x00,
    0x00, 0x00, 0x00, 0x00, 0x00, 0x00, 0x00, 0x00, 0x00, 0x00, 0x00, 0x00, 0x00, 0x00, 0x00, 0x00,
    0x00, 0x00, 0x00, 0x00, 0x00, 0x00, 0x00, 0x00, 0x00, 0x00, 0x00, 0x00, 0x00, 0x00, 0x00, 0x00,
    0x00, 0x00, 0x00, 0x00, 0x00, 0x00, 0x00, 0x00, 0x00, 0x00, 0x00, 0x00, 0x00, 0x00, 0x00, 0x00,
    0x00, 0x00, 0x00, 0x00, 0x00, 0x00, 0x00, 0x00, 0x00, 0x00, 0x00, 0x00, 0x00, 0x00, 0x00, 0x00,
    0x00, 0x00, 0x00, 0x00, 0x00, 0x00, 0x00, 0x00, 0x00, 0x00, 0x00, 0x00, 0x00, 0x00, 0x00, 0x00,
    0x00, 0x00, 0x00, 0x00, 0x00, 0x00, 0x00, 0x00, 0x00, 0x00, 0x00, 0x00, 0x00, 0x00, 0x00, 0x00,
    0x00, 0x00, 0x00, 0x00, 0x00, 0x00, 0x00, 0x00, 0x00, 0x00, 0x00, 0x00, 0x00, 0x00, 0x00, 0x00,
    0x00, 0x00, 0x00, 0x00, 0x00, 0x00, 0x00, 0x00, 0x00, 0x00, 0x00, 0x00, 0x00, 0x00, 0x00, 0x00,
    0x00, 0x00, 0x00, 0x00, 0x00, 0x00, 0x00, 0x00, 0x00, 0x00, 0x00, 0x00, 0x00, 0x00, 0x00, 0x00,
    0x00, 0x00, 0x00, 0x00, 0x00, 0x00, 0x00, 0x00, 0x00, 0x00, 0x00, 0x00, 0x00, 0x00, 0x00, 0x00,
    0x00, 0x00, 0x00, 0x00, 0x00, 0x00, 0x00, 0x00, 0x00, 0x00, 0x00, 0x00, 0x00, 0x00, 0x00, 0x00,
    0x00, 0x00, 0x00, 0x00, 0x00, 0x00, 0x00, 0x00, 0x00, 0x00, 0x00, 0x00, 0x00, 0x00, 0x00, 0x00,
    0x00, 0x00, 0x00, 0x00, 0x00, 0x00, 0x00, 0x00, 0x00, 0x00, 0x00, 0x00, 0x00, 0x00, 0x00, 0x00,
    0x00, 0x00, 0x00, 0x00, 0x00, 0x00, 0x00, 0x00, 0x00, 0x00, 0x00, 0x00, 0x00, 0x00, 0x00, 0x00,
    0x00, 0x00, 0x00, 0x00, 0x00, 0x00, 0x00, 0x00, 0x00, 0x00, 0x00, 0x00, 0x00, 0x00, 0x00, 0x00,
    0x00, 0x00, 0x00, 0x00, 0x00, 0x00, 0x00, 0x00, 0x00, 0x00, 0x00, 0x00, 0x00, 0x00, 0x00, 0x00,
    0x00, 0x00, 0x00, 0x00, 0x00, 0x00, 0x00, 0x00, 0x00, 0x00, 0x00, 0x00, 0x00, 0x00, 0x00, 0x00,
    0x00, 0x00, 0x00, 0x00, 0x00, 0x00, 0x00, 0x00, 0x00, 0x00, 0x00, 0x00, 0x00, 0x00, 0x00, 0x00,
    0x00, 0x00, 0x00, 0x00, 0x00, 0x00, 0x00, 0x00, 0x00, 0x00, 0x00, 0x00, 0x00, 0x00, 0x00, 0x00,
    0x00, 0x00, 0x00, 0x00, 0x00, 0x00, 0x00, 0x00, 0x00, 0x00, 0x00, 0x00, 0x00, 0x00, 0x00, 0x00,
    0x00, 0x00, 0x00, 0x00, 0x00, 0x00, 0x00, 0x00, 0x00, 0x00, 0x00, 0x00, 0x00, 0x00, 0x00, 0x00,
    0x00, 0x00, 0x00, 0x00, 0x00, 0x00, 0x00, 0x00, 0x00, 0x00, 0x00, 0x00, 0x00, 0x00, 0x00, 0x00,
    0x00, 0x00, 0x00, 0x00, 0x00, 0x00, 0x00, 0x00, 0x00, 0x00, 0x00, 0x00, 0x00, 0x00, 0x00, 0x00,
    0x00, 0x00, 0x00, 0x00, 0x00, 0x00, 0x00, 0x00, 0x00, 0x00, 0x00, 0x00, 0x00, 0x00, 0x00, 0x00,
    0x00, 0x00, 0x00, 0x00, 0x00, 0x00, 0x00, 0x00, 0x00, 0x00, 0x00, 0x00, 0x00, 0x00, 0x00, 0x00,
    0x00, 0x00, 0x00, 0x00, 0x00, 0x00, 0x00, 0x00, 0x00, 0x00, 0x00, 0x00, 0x00, 0x00, 0x00, 0x00,
    0x00, 0x00, 0x00, 0x00, 0x00, 0x00, 0x00, 0x00, 0x00, 0x00, 0x00, 0x00, 0x00, 0x00, 0x00, 0x00,
    0x00, 0x00, 0x00, 0x00, 0x00, 0x00, 0x00, 0x00, 0x00, 0x00, 0x00, 0x00, 0x00, 0x00, 0x00, 0x00,
    0x00, 0x00, 0x00, 0x00, 0x00, 0x00, 0x00, 0x00, 0x00, 0x00, 0x00, 0x00, 0x00, 0x00, 0x00, 0x00,
    0x00, 0x00, 0x00, 0x00, 0x00, 0x00, 0x00, 0x00, 0x00, 0x00, 0x00, 0x00, 0x00, 0x00, 0x00, 0x00,
    0x00, 0x00, 0x00, 0x00, 0x00, 0x00, 0x00, 0x00, 0x00, 0x00, 0x00, 0x00, 0x00, 0x00, 0x00, 0x00,
    0x00, 0x00, 0x00, 0x00, 0x00, 0x00, 0x00, 0x00, 0x00, 0x00, 0x00, 0x00, 0x00, 0x00, 0x00, 0x00,
    0x00, 0x00, 0x00, 0x00, 0x00, 0x00, 0x00, 0x00, 0x00, 0x00, 0x00, 0x00, 0x00, 0x00, 0x00, 0x00,
    0x00, 0x00, 0x00, 0x00, 0x00, 0x00, 0x00, 0x00, 0x00, 0x00, 0x00, 0x00, 0x00, 0x00, 0x00, 0x00,
    0x00, 0x00, 0x00, 0x00, 0x00, 0x00, 0x00, 0x00, 0x00, 0x00, 0x00, 0x00, 0x00, 0x00, 0x00, 0x00,
    0x00, 0x00, 0x00, 0x00, 0x00, 0x00, 0x00, 0x00, 0x00, 0x00, 0x00, 0x00, 0x00, 0x00, 0x00, 0x00,
    0x00, 0x00, 0x00, 0x00, 0x00, 0x00, 0x00, 0x00, 0x00, 0x00, 0x00, 0x00, 0x00, 0x00, 0x00, 0x00,
    0x00, 0x00, 0x00, 0x00, 0x00, 0x00, 0x00, 0x00, 0x00, 0x00, 0x00, 0x00, 0x00, 0x00, 0x00, 0x00,
    0x00, 0x00, 0x00, 0x00, 0x00, 0x00, 0x00, 0x00, 0x00, 0x00, 0x00, 0x00, 0x00, 0x00, 0x00, 0x00,
    0x00, 0x00, 0x00, 0x00, 0x00, 0x00, 0x00, 0x00, 0x00, 0x00, 0x00, 0x00, 0x00, 0x00, 0x00, 0x00,
    0x00, 0x00, 0x00, 0x00, 0x00, 0x00, 0x00, 0x00, 0x00, 0x00, 0x00, 0x00, 0x00, 0x00, 0x00, 0x00,
    0x00, 0x00, 0x00, 0x00, 0x00, 0x00, 0x00, 0x00, 0x00, 0x00, 0x00, 0x00, 0x00, 0x00, 0x00, 0x00,
    0x00, 0x00, 0x00, 0x00, 0x00, 0x00, 0x00, 0x00, 0x00, 0x00, 0x00, 0x00, 0x00, 0x00, 0x00, 0x00,
    0x00, 0x00, 0x00, 0x00, 0x00, 0x00, 0x00, 0x00, 0x00, 0x00, 0x00, 0x00, 0x00, 0x00, 0x00, 0x00,
    0x00, 0x00, 0x00, 0x00, 0x00, 0x00, 0x00, 0x00, 0x00, 0x00, 0x00, 0x00, 0x00, 0x00, 0x00, 0x00,
    0x00, 0x00, 0x00, 0x00, 0x00, 0x00, 0x00, 0x00, 0x00, 0x00, 0x00, 0x00, 0x00, 0x00, 0x00, 0x00,
    0x00, 0x00, 0x00, 0x00, 0x00, 0x00, 0x00, 0x00, 0x00, 0x00, 0x00, 0x00, 0x00, 0x00, 0x00, 0x00,
    0x00, 0x00, 0x00, 0x00, 0x00, 0x00, 0x00, 0x00, 0x00, 0x00, 0x00, 0x00, 0x00, 0x00, 0x00, 0x00,
    0x00, 0x00, 0x00, 0x00, 0x00, 0x00, 0x34, 0x07, 0x00, 0x00, 0x34, 0x7B, 0x04, 0x04, 0x35, 0xE7,
    0x00, 0x00, 0x1E, 0xFB, 0x34, 0x34, 0x4A, 0xFB, 0xC6, 0xC6, 0xC8, 0xFD, 0xF1, 0xF1, 0xF1, 0xFF,
    0xED, 0xED, 0xED, 0xFF, 0xEF, 0xEF, 0xEF, 0xFF, 0xED, 0xED, 0xED, 0xFF, 0xA4, 0xA4, 0xA8, 0xFF,
    0x00, 0x00, 0x1B, 0xFF, 0x00, 0x00, 0x2D, 0xFF, 0x03, 0x03, 0x35, 0xFF, 0x00, 0x00, 0x30, 0xFF,
    0x00, 0x00, 0x07, 0xFF, 0x94, 0x94, 0x99, 0xFF, 0xEA, 0xEA, 0xEA, 0xFF, 0xF0, 0xF0, 0xEF, 0xFF,
    0xED, 0xED, 0xED, 0xFF, 0xF1, 0xF1, 0xF1, 0xFF, 0xCF, 0xCF, 0xD1, 0xFE, 0x49, 0x49, 0x58, 0xFB,
    0x00, 0x00, 0x17, 0xFB, 0x03, 0x03, 0x35, 0xEB, 0x00, 0x00, 0x34, 0x86, 0x00, 0x00, 0x34, 0x0B,
    0x00, 0x00, 0x00, 0x00, 0x00, 0x00, 0x00, 0x00, 0x00, 0x00, 0x00, 0x00, 0x00, 0x00, 0x00, 0x00,
    0x00, 0x00, 0x00, 0x00, 0x00, 0x00, 0x00, 0x00, 0x00, 0x00, 0x00, 0x00, 0x00, 0x00, 0x00, 0x00,
    0x00, 0x00, 0x00, 0x00, 0x00, 0x00, 0x00, 0x00, 0x00, 0x00, 0x00, 0x00, 0x00, 0x00, 0x00, 0x00,
    0x00, 0x00, 0x00, 0x00, 0x00, 0x00, 0x00, 0x00, 0x00, 0x00, 0x00, 0x00, 0x00, 0x00, 0x00, 0x00,
    0x00, 0x00, 0x00, 0x00, 0x00, 0x00, 0x00, 0x00, 0x00, 0x00, 0x00, 0x00, 0x00, 0x00, 0x00, 0x00,
    0x00, 0x00, 0x00, 0x00, 0x00, 0x00, 0x00, 0x00, 0x00, 0x00, 0x00, 0x00, 0x00, 0x00, 0x00, 0x00,
    0x00, 0x00, 0x00, 0x00, 0x00, 0x00, 0x00, 0x00, 0x00, 0x00, 0x00, 0x00, 0x00, 0x00, 0x00, 0x00,
    0x00, 0x00, 0x00, 0x00, 0x00, 0x00, 0x00, 0x00, 0x00, 0x00, 0x00, 0x00, 0x00, 0x00, 0x00, 0x00,
    0x00, 0x00, 0x00, 0x00, 0x00, 0x00, 0x00, 0x00, 0x00, 0x00, 0x00, 0x00, 0x00, 0x00, 0x00, 0x00,
    0x00, 0x00, 0x00, 0x00, 0x00, 0x00, 0x00, 0x00, 0x00, 0x00, 0x00, 0x00, 0x00, 0x00, 0x00, 0x00,
    0x00, 0x00, 0x00, 0x00, 0x00, 0x00, 0x00, 0x00, 0x00, 0x00, 0x00, 0x00, 0x00, 0x00, 0x00, 0x00,
    0x00, 0x00, 0x00, 0x00, 0x00, 0x00, 0x00, 0x00, 0x00, 0x00, 0x00, 0x00, 0x00, 0x00, 0x00, 0x00,
    0x00, 0x00, 0x00, 0x00, 0x00, 0x00, 0x00, 0x00, 0x00, 0x00, 0x00, 0x00, 0x00, 0x00, 0x00, 0x00,
    0x00, 0x00, 0x00, 0x00, 0x00, 0x00, 0x00, 0x00, 0x00, 0x00, 0x00, 0x00, 0x00, 0x00, 0x00, 0x00,
    0x00, 0x00, 0x00, 0x00, 0x00, 0x00, 0x00, 0x00, 0x00, 0x00, 0x00, 0x00, 0x00, 0x00, 0x00, 0x00,
    0x00, 0x00, 0x00, 0x00, 0x00, 0x00, 0x00, 0x00, 0x00, 0x00, 0x00, 0x00, 0x00, 0x00, 0x00, 0x00,
    0x00, 0x00, 0x00, 0x00, 0x00, 0x00, 0x00, 0x00, 0x00, 0x00, 0x00, 0x00, 0x00, 0x00, 0x00, 0x00,
    0x00, 0x00, 0x00, 0x00, 0x00, 0x00, 0x00, 0x00, 0x00, 0x00, 0x00, 0x00, 0x00, 0x00, 0x00, 0x00,
    0x00, 0x00, 0x00, 0x00, 0x00, 0x00, 0x00, 0x00, 0x00, 0x00, 0x00, 0x00, 0x00, 0x00, 0x00, 0x00,
    0x00, 0x00, 0x00, 0x00, 0x00, 0x00, 0x00, 0x00, 0x00, 0x00, 0x00, 0x00, 0x00, 0x00, 0x00, 0x00,
    0x00, 0x00, 0x00, 0x00, 0x00, 0x00, 0x00, 0x00, 0x00, 0x00, 0x00, 0x00, 0x00, 0x00, 0x00, 0x00,
    0x00, 0x00, 0x00, 0x00, 0x00, 0x00, 0x00, 0x00, 0x00, 0x00, 0x00, 0x00, 0x00, 0x00, 0x00, 0x00,
    0x00, 0x00, 0x00, 0x00, 0x00, 0x00, 0x00, 0x00, 0x00, 0x00, 0x00, 0x00, 0x00, 0x00, 0x00, 0x00,
    0x00, 0x00, 0x00, 0x00, 0x00, 0x00, 0x00, 0x00, 0x00, 0x00, 0x00, 0x00, 0x00, 0x00, 0x00, 0x00,
    0x00, 0x00, 0x00, 0x00, 0x00, 0x00, 0x00, 0x00, 0x00, 0x00, 0x00, 0x00, 0x00, 0x00, 0x00, 0x00,
    0x00, 0x00, 0x00, 0x00, 0x00, 0x00, 0x00, 0x00, 0x00, 0x00, 0x00, 0x00, 0x00, 0x00, 0x00, 0x00,
    0x00, 0x00, 0x00, 0x00, 0x00, 0x00, 0x00, 0x00, 0x00, 0x00, 0x00, 0x00, 0x00, 0x00, 0x00, 0x00,
    0x00, 0x00, 0x00, 0x00, 0x00, 0x00, 0x00, 0x00, 0x00, 0x00, 0x00, 0x00, 0x00, 0x00, 0x00, 0x00,
    0x00, 0x00, 0x00, 0x00, 0x00, 0x00, 0x00, 0x00, 0x00, 0x00, 0x00, 0x00, 0x00, 0x00, 0x00, 0x00,
    0x00, 0x00, 0x00, 0x00, 0x00, 0x00, 0x00, 0x00, 0x00, 0x00, 0x00, 0x00, 0x00, 0x00, 0x00, 0x00,
    0x00, 0x00, 0x00, 0x00, 0x00, 0x00, 0x00, 0x00, 0x00, 0x00, 0x00, 0x00, 0x00, 0x00, 0x00, 0x00,
    0x00, 0x00, 0x00, 0x00, 0x00, 0x00, 0x00, 0x00, 0x00, 0x00, 0x00, 0x00, 0x00, 0x00, 0x00, 0x00,
    0x00, 0x00, 0x00, 0x00, 0x00, 0x00, 0x00, 0x00, 0x00, 0x00, 0x00, 0x00, 0x00, 0x00, 0x00, 0x00,
    0x00, 0x00, 0x00, 0x00, 0x00, 0x00, 0x00, 0x00, 0x00, 0x00, 0x00, 0x00, 0x00, 0x00, 0x00, 0x00,
    0x00, 0x00, 0x00, 0x00, 0x00, 0x00, 0x00, 0x00, 0x00, 0x00, 0x00, 0x00, 0x00, 0x00, 0x00, 0x00,
    0x00, 0x00, 0x00, 0x00, 0x00, 0x00, 0x00, 0x00, 0x00, 0x00, 0x00, 0x00, 0x00, 0x00, 0x00, 0x00,
    0x00, 0x00, 0x00, 0x00, 0x00, 0x00, 0x00, 0x00, 0x00, 0x00, 0x00, 0x00, 0x00, 0x00, 0x00, 0x00,
    0x00, 0x00, 0x00, 0x00, 0x00, 0x00, 0x00, 0x00, 0x00, 0x00, 0x00, 0x00, 0x00, 0x00, 0x00, 0x00,
    0x00, 0x00, 0x00, 0x00, 0x00, 0x00, 0x00, 0x00, 0x00, 0x00, 0x00, 0x00, 0x00, 0x00, 0x00, 0x00,
    0x00, 0x00, 0x00, 0x00, 0x00, 0x00, 0x00, 0x00, 0x00, 0x00, 0x00, 0x00, 0x00, 0x00, 0x00, 0x00,
    0x00, 0x00, 0x00, 0x00, 0x00, 0x00, 0x00, 0x00, 0x00, 0x00, 0x00, 0x00, 0x00, 0x00, 0x00, 0x00,
    0x00, 0x00, 0x00, 0x00, 0x00, 0x00, 0x00, 0x00, 0x00, 0x00, 0x00, 0x00, 0x00, 0x00, 0x00, 0x00,
    0x00, 0x00, 0x00, 0x00, 0x00, 0x00, 0x00, 0x00, 0x00, 0x00, 0x00, 0x00, 0x00, 0x00, 0x00, 0x00,
    0x00, 0x00, 0x00, 0x00, 0x00, 0x00, 0x00, 0x00, 0x00, 0x00, 0x00, 0x00, 0x00, 0x00, 0x00, 0x00,
    0x00, 0x00, 0x00, 0x00, 0x00, 0x00, 0x00, 0x00, 0x00, 0x00, 0x00, 0x00, 0x00, 0x00, 0x00, 0x00,
    0x00, 0x00, 0x00, 0x00, 0x00, 0x00, 0x00, 0x00, 0x00, 0x00, 0x00, 0x00, 0x00, 0x00, 0x00, 0x00,
    0x00, 0x00, 0x00, 0x00, 0x00, 0x00, 0x00, 0x00, 0x00, 0x00, 0x00, 0x00, 0x00, 0x00, 0x00, 0x00,
    0x00, 0x00, 0x00, 0x00, 0x00, 0x00, 0x00, 0x00, 0x00, 0x00, 0x00, 0x00, 0x00, 0x00, 0x00, 0x00,
    0x00, 0x00, 0x00, 0x00, 0x00, 0x00, 0x00, 0x00, 0x00, 0x00, 0x00, 0x00, 0x00, 0x00, 0x00, 0x00,
    0x00, 0x00, 0x00, 0x00, 0x00, 0x00, 0x00, 0x00, 0x00, 0x00, 0x00, 0x00, 0x00, 0x00, 0x00, 0x00,
    0x00, 0x00, 0x00, 0x00, 0x00, 0x00, 0x00, 0x00, 0x00, 0x00, 0x00, 0x00, 0x00, 0x00, 0x00, 0x00,
    0x00, 0x00, 0x00, 0x00, 0x00, 0x00, 0x00, 0x00, 0x00, 0x00, 0x00, 0x00, 0x00, 0x00, 0x00, 0x00,
    0x00, 0x00, 0x00, 0x00, 0x00, 0x00, 0x00, 0x00, 0x00, 0x00, 0x00, 0x00, 0x00, 0x00, 0x00, 0x00,
    0x00, 0x00, 0x00, 0x00, 0x00, 0x00, 0x00, 0x00, 0x00, 0x00, 0x00, 0x00, 0x00, 0x00, 0x00, 0x00,
    0x00, 0x00, 0x00, 0x00, 0x00, 0x00, 0x00, 0x00, 0x00, 0x00, 0x00, 0x00, 0x00, 0x00, 0x00, 0x00,
    0x00, 0x00, 0x00, 0x00, 0x00, 0x00, 0x00, 0x00, 0x00, 0x00, 0x00, 0x00, 0x00, 0x00, 0x00, 0x00,
    0x00, 0x00, 0x00, 0x00, 0x00, 0x00, 0x00, 0x00, 0x00, 0x00, 0x00, 0x00, 0x00, 0x00, 0x00, 0x00,
    0x00, 0x00, 0x00, 0x00, 0x00, 0x00, 0x00, 0x00, 0x00, 0x00, 0x00, 0x00, 0x00, 0x00, 0x00, 0x00,
    0x00, 0x00, 0x00, 0x00, 0x00, 0x00, 0x00, 0x00, 0x00, 0x00, 0x00, 0x00, 0x00, 0x00, 0x00, 0x00,
    0x00, 0x00, 0x00, 0x00, 0x00, 0x00, 0x00, 0x00, 0x00, 0x00, 0x00, 0x00, 0x00, 0x00, 0x00, 0x00,
    0x00, 0x00, 0x00, 0x00, 0x00, 0x00, 0x00, 0x00, 0x00, 0x00, 0x00, 0x00, 0x00, 0x00, 0x00, 0x00,
    0x00, 0x00, 0x00, 0x00, 0x00, 0x00, 0x00, 0x00, 0x00, 0x00, 0x00, 0x00, 0x00, 0x00, 0x00, 0x00,
    0x00, 0x00, 0x00, 0x00, 0x00, 0x00, 0x00, 0x00, 0x00, 0x00, 0x00, 0x00, 0x00, 0x00, 0x00, 0x00,
    0x00, 0x00, 0x00, 0x00, 0x00, 0x00, 0x00, 0x00, 0x00, 0x00, 0x00, 0x00, 0x00, 0x00, 0x00, 0x00,
    0x00, 0x00, 0x00, 0x00, 0x00, 0x00, 0x00, 0x00, 0x00, 0x00, 0x00, 0x00, 0x00, 0x00, 0x00, 0x00,
    0x00, 0x00, 0x00, 0x00, 0x00, 0x00, 0x00, 0x00, 0x00, 0x00, 0x00, 0x00, 0x00, 0x00, 0x00, 0x00,
    0x00, 0x00, 0x00, 0x00, 0x00, 0x00, 0x00, 0x00, 0x00, 0x00, 0x00, 0x00, 0x00, 0x00, 0x00, 0x00,
    0x00, 0x00, 0x00, 0x00, 0x00, 0x00, 0x00, 0x00, 0x00, 0x00, 0x00, 0x00, 0x00, 0x00, 0x34, 0x62,
    0x03, 0x03, 0x35, 0xDD, 0x00, 0x00, 0x27, 0xFB, 0x00, 0x00, 0x31, 0xFB, 0xB6, 0xB6, 0xB8, 0xFD,
    0xF0, 0xF0, 0xF0, 0xFF, 0xEE, 0xEE, 0xEE, 0xFF, 0xEE, 0xEE, 0xEE, 0xFF, 0xF0, 0xF0, 0xF0, 0xFF,
    0xB8, 0xB8, 0xBA, 0xFF, 0x02, 0x02, 0x35, 0xFF, 0x00, 0x00, 0x1B, 0xFF, 0x00, 0x00, 0x21, 0xFF,
    0xA8, 0xA8, 0xAC, 0xFF, 0xEE, 0xEE, 0xEE, 0xFF, 0xEF, 0xEF, 0xEF, 0xFF, 0xEE, 0xEE, 0xEE, 0xFF,
    0xF1, 0xF1, 0xF1, 0xFF, 0xC1, 0xC1, 0xC3, 0xFD, 0x24, 0x24, 0x41, 0xFB, 0x00, 0x00, 0x22, 0xFB,
    0x04, 0x04, 0x35, 0xE3, 0x00, 0x00, 0x34, 0x6E, 0x00, 0x00, 0x34, 0x02, 0x00, 0x00, 0x00, 0x00,
    0x00, 0x00, 0x00, 0x00, 0x00, 0x00, 0x00, 0x00, 0x00, 0x00, 0x00, 0x00, 0x00, 0x00, 0x00, 0x00,
    0x00, 0x00, 0x00, 0x00, 0x00, 0x00, 0x00, 0x00, 0x00, 0x00, 0x00, 0x00, 0x00, 0x00, 0x00, 0x00,
    0x00, 0x00, 0x00, 0x00, 0x00, 0x00, 0x00, 0x00, 0x00, 0x00, 0x00, 0x00, 0x00, 0x00, 0x00, 0x00,
    0x00, 0x00, 0x00, 0x00, 0x00, 0x00, 0x00, 0x00, 0x00, 0x00, 0x00, 0x00, 0x00, 0x00, 0x00, 0x00,
    0x00, 0x00, 0x00, 0x00, 0x00, 0x00, 0x00, 0x00, 0x00, 0x00, 0x00, 0x00, 0x00, 0x00, 0x00, 0x00,
    0x00, 0x00, 0x00, 0x00, 0x00, 0x00, 0x00, 0x00, 0x00, 0x00, 0x00, 0x00, 0x00, 0x00, 0x00, 0x00,
    0x00, 0x00, 0x00, 0x00, 0x00, 0x00, 0x00, 0x00, 0x00, 0x00, 0x00, 0x00, 0x00, 0x00, 0x00, 0x00,
    0x00, 0x00, 0x00, 0x00, 0x00, 0x00, 0x00, 0x00, 0x00, 0x00, 0x00, 0x00, 0x00, 0x00, 0x00, 0x00,
    0x00, 0x00, 0x00, 0x00, 0x00, 0x00, 0x00, 0x00, 0x00, 0x00, 0x00, 0x00, 0x00, 0x00, 0x00, 0x00,
    0x00, 0x00, 0x00, 0x00, 0x00, 0x00, 0x00, 0x00, 0x00, 0x00, 0x00, 0x00, 0x00, 0x00, 0x00, 0x00,
    0x00, 0x00, 0x00, 0x00, 0x00, 0x00, 0x00, 0x00, 0x00, 0x00, 0x00, 0x00, 0x00, 0x00, 0x00, 0x00,
    0x00, 0x00, 0x00, 0x00, 0x00, 0x00, 0x00, 0x00, 0x00, 0x00, 0x00, 0x00, 0x00, 0x00, 0x00, 0x00,
    0x00, 0x00, 0x00, 0x00, 0x00, 0x00, 0x00, 0x00, 0x00, 0x00, 0x00, 0x00, 0x00, 0x00, 0x00, 0x00,
    0x00, 0x00, 0x00, 0x00, 0x00, 0x00, 0x00, 0x00, 0x00, 0x00, 0x00, 0x00, 0x00, 0x00, 0x00, 0x00,
    0x00, 0x00, 0x00, 0x00, 0x00, 0x00, 0x00, 0x00, 0x00, 0x00, 0x00, 0x00, 0x00, 0x00, 0x00, 0x00,
    0x00, 0x00, 0x00, 0x00, 0x00, 0x00, 0x00, 0x00, 0x00, 0x00, 0x00, 0x00, 0x00, 0x00, 0x00, 0x00,
    0x00, 0x00, 0x00, 0x00, 0x00, 0x00, 0x00, 0x00, 0x00, 0x00, 0x00, 0x00, 0x00, 0x00, 0x00, 0x00,
    0x00, 0x00, 0x00, 0x00, 0x00, 0x00, 0x00, 0x00, 0x00, 0x00, 0x00, 0x00, 0x00, 0x00, 0x00, 0x00,
    0x00, 0x00, 0x00, 0x00, 0x00, 0x00, 0x00, 0x00, 0x00, 0x00, 0x00, 0x00, 0x00, 0x00, 0x00, 0x00,
    0x00, 0x00, 0x00, 0x00, 0x00, 0x00, 0x00, 0x00, 0x00, 0x00, 0x00, 0x00, 0x00, 0x00, 0x00, 0x00,
    0x00, 0x00, 0x00, 0x00, 0x00, 0x00, 0x00, 0x00, 0x00, 0x00, 0x00, 0x00, 0x00, 0x00, 0x00, 0x00,
    0x00, 0x00, 0x00, 0x00, 0x00, 0x00, 0x00, 0x00, 0x00, 0x00, 0x00, 0x00, 0x00, 0x00, 0x00, 0x00,
    0x00, 0x00, 0x00, 0x00, 0x00, 0x00, 0x00, 0x00, 0x00, 0x00, 0x00, 0x00, 0x00, 0x00, 0x00, 0x00,
    0x00, 0x00, 0x00, 0x00, 0x00, 0x00, 0x00, 0x00, 0x00, 0x00, 0x00, 0x00, 0x00, 0x00, 0x00, 0x00,
    0x00, 0x00, 0x00, 0x00, 0x00, 0x00, 0x00, 0x00, 0x00, 0x00, 0x00, 0x00, 0x00, 0x00, 0x00, 0x00,
    0x00, 0x00, 0x00, 0x00, 0x00, 0x00, 0x00, 0x00, 0x00, 0x00, 0x00, 0x00, 0x00, 0x00, 0x00, 0x00,
    0x00, 0x00, 0x00, 0x00, 0x00, 0x00, 0x00, 0x00, 0x00, 0x00, 0x00, 0x00, 0x00, 0x00, 0x00, 0x00,
    0x00, 0x00, 0x00, 0x00, 0x00, 0x00, 0x00, 0x00, 0x00, 0x00, 0x00, 0x00, 0x00, 0x00, 0x00, 0x00,
    0x00, 0x00, 0x00, 0x00, 0x00, 0x00, 0x00, 0x00, 0x00, 0x00, 0x00, 0x00, 0x00, 0x00, 0x00, 0x00,
    0x00, 0x00, 0x00, 0x00, 0x00, 0x00, 0x00, 0x00, 0x00, 0x00, 0x00, 0x00, 0x00, 0x00, 0x00, 0x00,
    0x00, 0x00, 0x00, 0x00, 0x00, 0x00, 0x00, 0x00, 0x00, 0x00, 0x00, 0x00, 0x00, 0x00, 0x00, 0x00,
    0x00, 0x00, 0x00, 0x00, 0x00, 0x00, 0x00, 0x00, 0x00, 0x00, 0x00, 0x00, 0x00, 0x00, 0x00, 0x00,
    0x00, 0x00, 0x00, 0x00, 0x00, 0x00, 0x00, 0x00, 0x00, 0x00, 0x00, 0x00, 0x00, 0x00, 0x00, 0x00,
    0x00, 0x00, 0x00, 0x00, 0x00, 0x00, 0x00, 0x00, 0x00, 0x00, 0x00, 0x00, 0x00, 0x00, 0x00, 0x00,
    0x00, 0x00, 0x00, 0x00, 0x00, 0x00, 0x00, 0x00, 0x00, 0x00, 0x00, 0x00, 0x00, 0x00, 0x00, 0x00,
    0x00, 0x00, 0x00, 0x00, 0x00, 0x00, 0x00, 0x00, 0x00, 0x00, 0x00, 0x00, 0x00, 0x00, 0x00, 0x00,
    0x00, 0x00, 0x00, 0x00, 0x00, 0x00, 0x00, 0x00, 0x00, 0x00, 0x00, 0x00, 0x00, 0x00, 0x00, 0x00,
    0x00, 0x00, 0x00, 0x00, 0x00, 0x00, 0x00, 0x00, 0x00, 0x00, 0x00, 0x00, 0x00, 0x00, 0x00, 0x00,
    0x00, 0x00, 0x00, 0x00, 0x00, 0x00, 0x00, 0x00, 0x00, 0x00, 0x00, 0x00, 0x00, 0x00, 0x00, 0x00,
    0x00, 0x00, 0x00, 0x00, 0x00, 0x00, 0x00, 0x00, 0x00, 0x00, 0x00, 0x00, 0x00, 0x00, 0x00, 0x00,
    0x00, 0x00, 0x00, 0x00, 0x00, 0x00, 0x00, 0x00, 0x00, 0x00, 0x00, 0x00, 0x00, 0x00, 0x00, 0x00,
    0x00, 0x00, 0x00, 0x00, 0x00, 0x00, 0x00, 0x00, 0x00, 0x00, 0x00, 0x00, 0x00, 0x00, 0x00, 0x00,
    0x00, 0x00, 0x00, 0x00, 0x00, 0x00, 0x00, 0x00, 0x00, 0x00, 0x00, 0x00, 0x00, 0x00, 0x00, 0x00,
    0x00, 0x00, 0x00, 0x00, 0x00, 0x00, 0x00, 0x00, 0x00, 0x00, 0x00, 0x00, 0x00, 0x00, 0x00, 0x00,
    0x00, 0x00, 0x00, 0x00, 0x00, 0x00, 0x00, 0x00, 0x00, 0x00, 0x00, 0x00, 0x00, 0x00, 0x00, 0x00,
    0x00, 0x00, 0x00, 0x00, 0x00, 0x00, 0x00, 0x00, 0x00, 0x00, 0x00, 0x00, 0x00, 0x00, 0x00, 0x00,
    0x00, 0x00, 0x00, 0x00, 0x00, 0x00, 0x00, 0x00, 0x00, 0x00, 0x00, 0x00, 0x00, 0x00, 0x00, 0x00,
    0x00, 0x00, 0x00, 0x00, 0x00, 0x00, 0x00, 0x00, 0x00, 0x00, 0x00, 0x00, 0x00, 0x00, 0x00, 0x00,
    0x00, 0x00, 0x00, 0x00, 0x00, 0x00, 0x00, 0x00, 0x00, 0x00, 0x00, 0x00, 0x00, 0x00, 0x00, 0x00,
    0x00, 0x00, 0x00, 0x00, 0x00, 0x00, 0x00, 0x00, 0x00, 0x00, 0x00, 0x00, 0x00, 0x00, 0x00, 0x00,
    0x00, 0x00, 0x00, 0x00, 0x00, 0x00, 0x00, 0x00, 0x00, 0x00, 0x00, 0x00, 0x00, 0x00, 0x00, 0x00,
    0x00, 0x00, 0x00, 0x00, 0x00, 0x00, 0x00, 0x00, 0x00, 0x00, 0x00, 0x00, 0x00, 0x00, 0x00, 0x00,
    0x00, 0x00, 0x00, 0x00, 0x00, 0x00, 0x00, 0x00, 0x00, 0x00, 0x00, 0x00, 0x00, 0x00, 0x00, 0x00,
    0x00, 0x00, 0x00, 0x00, 0x00, 0x00, 0x00, 0x00, 0x00, 0x00, 0x00, 0x00, 0x00, 0x00, 0x00, 0x00,
    0x00, 0x00, 0x00, 0x00, 0x00, 0x00, 0x00, 0x00, 0x00, 0x00, 0x00, 0x00, 0x00, 0x00, 0x00, 0x00,
    0x00, 0x00, 0x00, 0x00, 0x00, 0x00, 0x00, 0x00, 0x00, 0x00, 0x00, 0x00, 0x00, 0x00, 0x00, 0x00,
    0x00, 0x00, 0x00, 0x00, 0x00, 0x00, 0x00, 0x00, 0x00, 0x00, 0x00, 0x00, 0x00, 0x00, 0x00, 0x00,
    0x00, 0x00, 0x00, 0x00, 0x00, 0x00, 0x00, 0x00, 0x00, 0x00, 0x00, 0x00, 0x00, 0x00, 0x00, 0x00,
    0x00, 0x00, 0x00, 0x00, 0x00, 0x00, 0x00, 0x00, 0x00, 0x00, 0x00, 0x00, 0x00, 0x00, 0x00, 0x00,
    0x00, 0x00, 0x00, 0x00, 0x00, 0x00, 0x00, 0x00, 0x00, 0x00, 0x00, 0x00, 0x00, 0x00, 0x00, 0x00,
    0x00, 0x00, 0x00, 0x00, 0x00, 0x00, 0x00, 0x00, 0x00, 0x00, 0x00, 0x00, 0x00, 0x00, 0x00, 0x00,
    0x00, 0x00, 0x00, 0x00, 0x00, 0x00, 0x00, 0x00, 0x00, 0x00, 0x00, 0x00, 0x00, 0x00, 0x00, 0x00,
    0x00, 0x00, 0x00, 0x00, 0x00, 0x00, 0x00, 0x00, 0x00, 0x00, 0x00, 0x00, 0x00, 0x00, 0x00, 0x00,
    0x00, 0x00, 0x00, 0x00, 0x00, 0x00, 0x00, 0x00, 0x00, 0x00, 0x00, 0x00, 0x00, 0x00, 0x00, 0x00,
    0x00, 0x00, 0x00, 0x00, 0x00, 0x00, 0x00, 0x00, 0x00, 0x00, 0x00, 0x00, 0x00, 0x00, 0x00, 0x00,
    0x00, 0x00, 0x00, 0x00, 0x00, 0x00, 0x00, 0x00, 0x00, 0x00, 0x00, 0x00, 0x00, 0x00, 0x00, 0x00,
    0x00, 0x00, 0x00, 0x00, 0x00, 0x00, 0x00, 0x00, 0x00, 0x00, 0x00, 0x00, 0x00, 0x00, 0x00, 0x00,
    0x00, 0x00, 0x00, 0x00, 0x00, 0x00, 0x00, 0x00, 0x00, 0x00, 0x00, 0x00, 0x00, 0x00, 0x00, 0x00,
    0x00, 0x00, 0x34, 0x4B, 0x02, 0x02, 0x35, 0xCF, 0x00, 0x00, 0x2D, 0xFA, 0x00, 0x00, 0x17, 0xFB,
    0xA2, 0xA2, 0xA6, 0xFC, 0xEC, 0xEC, 0xED, 0xFF, 0xEF, 0xEF, 0xEF, 0xFF, 0xED, 0xED, 0xED, 0xFF,
    0xF1, 0xF1, 0xF1, 0xFF, 0xC7, 0xC7, 0xC9, 0xFF, 0x4D, 0x4D, 0x5C, 0xFF, 0xB9, 0xB9, 0xBB, 0xFF,
    0xF0, 0xF0, 0xF0, 0xFF, 0xEE, 0xEE, 0xEE, 0xFF, 0xEE, 0xEE, 0xEE, 0xFF, 0xEF, 0xEF, 0xEF, 0xFF,
    0xB0, 0xB0, 0xB3, 0xFD, 0x00, 0x00, 0x29, 0xFB, 0x00, 0x00, 0x2A, 0xFB, 0x03, 0x03, 0x35, 0xD7,
    0x00, 0x00, 0x34, 0x57, 0x00, 0x00, 0x00, 0x00, 0x00, 0x00, 0x00, 0x00, 0x00, 0x00, 0x00, 0x00,
    0x00, 0x00, 0x00, 0x00, 0x00, 0x00, 0x00, 0x00, 0x00, 0x00, 0x00, 0x00, 0x00, 0x00, 0x00, 0x00,
    0x00, 0x00, 0x00, 0x00, 0x00, 0x00, 0x00, 0x00, 0x00, 0x00, 0x00, 0x00, 0x00, 0x00, 0x00, 0x00,
    0x00, 0x00, 0x00, 0x00, 0x00, 0x00, 0x00, 0x00, 0x00, 0x00, 0x00, 0x00, 0x00, 0x00, 0x00, 0x00,
    0x00, 0x00, 0x00, 0x00, 0x00, 0x00, 0x00, 0x00, 0x00, 0x00, 0x00, 0x00, 0x00, 0x00, 0x00, 0x00,
    0x00, 0x00, 0x00, 0x00, 0x00, 0x00, 0x00, 0x00, 0x00, 0x00, 0x00, 0x00, 0x00, 0x00, 0x00, 0x00,
    0x00, 0x00, 0x00, 0x00, 0x00, 0x00, 0x00, 0x00, 0x00, 0x00, 0x00, 0x00, 0x00, 0x00, 0x00, 0x00,
    0x00, 0x00, 0x00, 0x00, 0x00, 0x00, 0x00, 0x00, 0x00, 0x00, 0x00, 0x00, 0x00, 0x00, 0x00, 0x00,
    0x00, 0x00, 0x00, 0x00, 0x00, 0x00, 0x00, 0x00, 0x00, 0x00, 0x00, 0x00, 0x00, 0x00, 0x00, 0x00,
    0x00, 0x00, 0x00, 0x00, 0x00, 0x00, 0x00, 0x00, 0x00, 0x00, 0x00, 0x00, 0x00, 0x00, 0x00, 0x00,
    0x00, 0x00, 0x00, 0x00, 0x00, 0x00, 0x00, 0x00, 0x00, 0x00, 0x00, 0x00, 0x00, 0x00, 0x00, 0x00,
    0x00, 0x00, 0x00, 0x00, 0x00, 0x00, 0x00, 0x00, 0x00, 0x00, 0x00, 0x00, 0x00, 0x00, 0x00, 0x00,
    0x00, 0x00, 0x00, 0x00, 0x00, 0x00, 0x00, 0x00, 0x00, 0x00, 0x00, 0x00, 0x00, 0x00, 0x00, 0x00,
    0x00, 0x00, 0x00, 0x00, 0x00, 0x00, 0x00, 0x00, 0x00, 0x00, 0x00, 0x00, 0x00, 0x00, 0x00, 0x00,
    0x00, 0x00, 0x00, 0x00, 0x00, 0x00, 0x00, 0x00, 0x00, 0x00, 0x00, 0x00, 0x00, 0x00, 0x00, 0x00,
    0x00, 0x00, 0x00, 0x00, 0x00, 0x00, 0x00, 0x00, 0x00, 0x00, 0x00, 0x00, 0x00, 0x00, 0x00, 0x00,
    0x00, 0x00, 0x00, 0x00, 0x00, 0x00, 0x00, 0x00, 0x00, 0x00, 0x00, 0x00, 0x00, 0x00, 0x00, 0x00,
    0x00, 0x00, 0x00, 0x00, 0x00, 0x00, 0x00, 0x00, 0x00, 0x00, 0x00, 0x00, 0x00, 0x00, 0x00, 0x00,
    0x00, 0x00, 0x00, 0x00, 0x00, 0x00, 0x00, 0x00, 0x00, 0x00, 0x00, 0x00, 0x00, 0x00, 0x00, 0x00,
    0x00, 0x00, 0x00, 0x00, 0x00, 0x00, 0x00, 0x00, 0x00, 0x00, 0x00, 0x00, 0x00, 0x00, 0x00, 0x00,
    0x00, 0x00, 0x00, 0x00, 0x00, 0x00, 0x00, 0x00, 0x00, 0x00, 0x00, 0x00, 0x00, 0x00, 0x00, 0x00,
    0x00, 0x00, 0x00, 0x00, 0x00, 0x00, 0x00, 0x00, 0x00, 0x00, 0x00, 0x00, 0x00, 0x00, 0x00, 0x00,
    0x00, 0x00, 0x00, 0x00, 0x00, 0x00, 0x00, 0x00, 0x00, 0x00, 0x00, 0x00, 0x00, 0x00, 0x00, 0x00,
    0x00, 0x00, 0x00, 0x00, 0x00, 0x00, 0x00, 0x00, 0x00, 0x00, 0x00, 0x00, 0x00, 0x00, 0x00, 0x00,
    0x00, 0x00, 0x00, 0x00, 0x00, 0x00, 0x00, 0x00, 0x00, 0x00, 0x00, 0x00, 0x00, 0x00, 0x00, 0x00,
    0x00, 0x00, 0x00, 0x00, 0x00, 0x00, 0x00, 0x00, 0x00, 0x00, 0x00, 0x00, 0x00, 0x00, 0x00, 0x00,
    0x00, 0x00, 0x00, 0x00, 0x00, 0x00, 0x00, 0x00, 0x00, 0x00, 0x00, 0x00, 0x00, 0x00, 0x00, 0x00,
    0x00, 0x00, 0x00, 0x00, 0x00, 0x00, 0x00, 0x00, 0x00, 0x00, 0x00, 0x00, 0x00, 0x00, 0x00, 0x00,
    0x00, 0x00, 0x00, 0x00, 0x00, 0x00, 0x00, 0x00, 0x00, 0x00, 0x00, 0x00, 0x00, 0x00, 0x00, 0x00,
    0x00, 0x00, 0x00, 0x00, 0x00, 0x00, 0x00, 0x00, 0x00, 0x00, 0x00, 0x00, 0x00, 0x00, 0x00, 0x00,
    0x00, 0x00, 0x00, 0x00, 0x00, 0x00, 0x00, 0x00, 0x00, 0x00, 0x00, 0x00, 0x00, 0x00, 0x00, 0x00,
    0x00, 0x00, 0x00, 0x00, 0x00, 0x00, 0x00, 0x00, 0x00, 0x00, 0x00, 0x00, 0x00, 0x00, 0x00, 0x00,
    0x00, 0x00, 0x00, 0x00, 0x00, 0x00, 0x00, 0x00, 0x00, 0x00, 0x00, 0x00, 0x00, 0x00, 0x00, 0x00,
    0x00, 0x00, 0x00, 0x00, 0x00, 0x00, 0x00, 0x00, 0x00, 0x00, 0x00, 0x00, 0x00, 0x00, 0x00, 0x00,
    0x00, 0x00, 0x00, 0x00, 0x00, 0x00, 0x00, 0x00, 0x00, 0x00, 0x00, 0x00, 0x00, 0x00, 0x00, 0x00,
    0x00, 0x00, 0x00, 0x00, 0x00, 0x00, 0x00, 0x00, 0x00, 0x00, 0x00, 0x00, 0x00, 0x00, 0x00, 0x00,
    0x00, 0x00, 0x00, 0x00, 0x00, 0x00, 0x00, 0x00, 0x00, 0x00, 0x00, 0x00, 0x00, 0x00, 0x00, 0x00,
    0x00, 0x00, 0x00, 0x00, 0x00, 0x00, 0x00, 0x00, 0x00, 0x00, 0x00, 0x00, 0x00, 0x00, 0x00, 0x00,
    0x00, 0x00, 0x00, 0x00, 0x00, 0x00, 0x00, 0x00, 0x00, 0x00, 0x00, 0x00, 0x00, 0x00, 0x00, 0x00,
    0x00, 0x00, 0x00, 0x00, 0x00, 0x00, 0x00, 0x00, 0x00, 0x00, 0x00, 0x00, 0x00, 0x00, 0x00, 0x00,
    0x00, 0x00, 0x00, 0x00, 0x00, 0x00, 0x00, 0x00, 0x00, 0x00, 0x00, 0x00, 0x00, 0x00, 0x00, 0x00,
    0x00, 0x00, 0x00, 0x00, 0x00, 0x00, 0x00, 0x00, 0x00, 0x00, 0x00, 0x00, 0x00, 0x00, 0x00, 0x00,
    0x00, 0x00, 0x00, 0x00, 0x00, 0x00, 0x00, 0x00, 0x00, 0x00, 0x00, 0x00, 0x00, 0x00, 0x00, 0x00,
    0x00, 0x00, 0x00, 0x00, 0x00, 0x00, 0x00, 0x00, 0x00, 0x00, 0x00, 0x00, 0x00, 0x00, 0x00, 0x00,
    0x00, 0x00, 0x00, 0x00, 0x00, 0x00, 0x00, 0x00, 0x00, 0x00, 0x00, 0x00, 0x00, 0x00, 0x00, 0x00,
    0x00, 0x00, 0x00, 0x00, 0x00, 0x00, 0x00, 0x00, 0x00, 0x00, 0x00, 0x00, 0x00, 0x00, 0x00, 0x00,
    0x00, 0x00, 0x00, 0x00, 0x00, 0x00, 0x00, 0x00, 0x00, 0x00, 0x00, 0x00, 0x00, 0x00, 0x00, 0x00,
    0x00, 0x00, 0x00, 0x00, 0x00, 0x00, 0x00, 0x00, 0x00, 0x00, 0x00, 0x00, 0x00, 0x00, 0x00, 0x00,
    0x00, 0x00, 0x00, 0x00, 0x00, 0x00, 0x00, 0x00, 0x00, 0x00, 0x00, 0x00, 0x00, 0x00, 0x00, 0x00,
    0x00, 0x00, 0x00, 0x00, 0x00, 0x00, 0x00, 0x00, 0x00, 0x00, 0x00, 0x00, 0x00, 0x00, 0x00, 0x00,
    0x00, 0x00, 0x00, 0x00, 0x00, 0x00, 0x00, 0x00, 0x00, 0x00, 0x00, 0x00, 0x00, 0x00, 0x00, 0x00,
    0x00, 0x00, 0x00, 0x00, 0x00, 0x00, 0x00, 0x00, 0x00, 0x00, 0x00, 0x00, 0x00, 0x00, 0x00, 0x00,
    0x00, 0x00, 0x00, 0x00, 0x00, 0x00, 0x00, 0x00, 0x00, 0x00, 0x00, 0x00, 0x00, 0x00, 0x00, 0x00,
    0x00, 0x00, 0x00, 0x00, 0x00, 0x00, 0x00, 0x00, 0x00, 0x00, 0x00, 0x00, 0x00, 0x00, 0x00, 0x00,
    0x00, 0x00, 0x00, 0x00, 0x00, 0x00, 0x00, 0x00, 0x00, 0x00, 0x00, 0x00, 0x00, 0x00, 0x00, 0x00,
    0x00, 0x00, 0x00, 0x00, 0x00, 0x00, 0x00, 0x00, 0x00, 0x00, 0x00, 0x00, 0x00, 0x00, 0x00, 0x00,
    0x00, 0x00, 0x00, 0x00, 0x00, 0x00, 0x00, 0x00, 0x00, 0x00, 0x00, 0x00, 0x00, 0x00, 0x00, 0x00,
    0x00, 0x00, 0x00, 0x00, 0x00, 0x00, 0x00, 0x00, 0x00, 0x00, 0x00, 0x00, 0x00, 0x00, 0x00, 0x00,
    0x00, 0x00, 0x00, 0x00, 0x00, 0x00, 0x00, 0x00, 0x00, 0x00, 0x00, 0x00, 0x00, 0x00, 0x00, 0x00,
    0x00, 0x00, 0x00, 0x00, 0x00, 0x00, 0x00, 0x00, 0x00, 0x00, 0x00, 0x00, 0x00, 0x00, 0x00, 0x00,
    0x00, 0x00, 0x00, 0x00, 0x00, 0x00, 0x00, 0x00, 0x00, 0x00, 0x00, 0x00, 0x00, 0x00, 0x00, 0x00,
    0x00, 0x00, 0x00, 0x00, 0x00, 0x00, 0x00, 0x00, 0x00, 0x00, 0x00, 0x00, 0x00, 0x00, 0x00, 0x00,
    0x00, 0x00, 0x00, 0x00, 0x00, 0x00, 0x00, 0x00, 0x00, 0x00, 0x00, 0x00, 0x00, 0x00, 0x00, 0x00,
    0x00, 0x00, 0x00, 0x00, 0x00, 0x00, 0x00, 0x00, 0x00, 0x00, 0x00, 0x00, 0x00, 0x00, 0x00, 0x00,
    0x00, 0x00, 0x00, 0x00, 0x00, 0x00, 0x00, 0x00, 0x00, 0x00, 0x00, 0x00, 0x00, 0x00, 0x00, 0x00,
    0x00, 0x00, 0x00, 0x00, 0x00, 0x00, 0x00, 0x00, 0x00, 0x00, 0x00, 0x00, 0x00, 0x00, 0x00, 0x00,
    0x00, 0x00, 0x00, 0x00, 0x00, 0x00, 0x00, 0x00, 0x00, 0x00, 0x00, 0x00, 0x00, 0x00, 0x00, 0x00,
    0x00, 0x00, 0x00, 0x00, 0x00, 0x00, 0x00, 0x00, 0x00, 0x00, 0x00, 0x00, 0x00, 0x00, 0x00, 0x00,
    0x00, 0x00, 0x00, 0x00, 0x00, 0x00, 0x00, 0x00, 0x00, 0x00, 0x00, 0x00, 0x00, 0x00, 0x00, 0x00,
    0x00, 0x00, 0x00, 0x00, 0x00, 0x00, 0x34, 0x35, 0x01, 0x01, 0x34, 0xBE, 0x00, 0x00, 0x31, 0xF8,
    0x00, 0x00, 0x00, 0xFB, 0x8B, 0x8B, 0x91, 0xFC, 0xE7, 0xE7, 0xE7, 0xFF, 0xF0, 0xF0, 0xF0, 0xFF,
    0xED, 0xED, 0xED, 0xFF, 0xF0, 0xF0, 0xF0, 0xFF, 0xE5, 0xE5, 0xE6, 0xFF, 0xEF, 0xEF, 0xEF, 0xFF,
    0xED, 0xED, 0xED, 0xFF, 0xEF, 0xEF, 0xEF, 0xFF, 0xEC, 0xEC, 0xEC, 0xFF, 0x9D, 0x9D, 0xA1, 0xFC,
    0x00, 0x00, 0x0F, 0xFB, 0x00, 0x00, 0x2F, 0xF9, 0x02, 0x02, 0x34, 0xC9, 0x00, 0x00, 0x34, 0x41,
    0x00, 0x00, 0x00, 0x00, 0x00, 0x00, 0x00, 0x00, 0x00, 0x00, 0x00, 0x00, 0x00, 0x00, 0x00, 0x00,
    0x00, 0x00, 0x00, 0x00, 0x00, 0x00, 0x00, 0x00, 0x00, 0x00, 0x00, 0x00, 0x00, 0x00, 0x00, 0x00,
    0x00, 0x00, 0x00, 0x00, 0x00, 0x00, 0x00, 0x00, 0x00, 0x00, 0x00, 0x00, 0x00, 0x00, 0x00, 0x00,
    0x00, 0x00, 0x00, 0x00, 0x00, 0x00, 0x00, 0x00, 0x00, 0x00, 0x00, 0x00, 0x00, 0x00, 0x00, 0x00,
    0x00, 0x00, 0x00, 0x00, 0x00, 0x00, 0x00, 0x00, 0x00, 0x00, 0x00, 0x00, 0x00, 0x00, 0x00, 0x00,
    0x00, 0x00, 0x00, 0x00, 0x00, 0x00, 0x00, 0x00, 0x00, 0x00, 0x00, 0x00, 0x00, 0x00, 0x00, 0x00,
    0x00, 0x00, 0x00, 0x00, 0x00, 0x00, 0x00, 0x00, 0x00, 0x00, 0x00, 0x00, 0x00, 0x00, 0x00, 0x00,
    0x00, 0x00, 0x00, 0x00, 0x00, 0x00, 0x00, 0x00, 0x00, 0x00, 0x00, 0x00, 0x00, 0x00, 0x00, 0x00,
    0x00, 0x00, 0x00, 0x00, 0x00, 0x00, 0x00, 0x00, 0x00, 0x00, 0x00, 0x00, 0x00, 0x00, 0x00, 0x00,
    0x00, 0x00, 0x00, 0x00, 0x00, 0x00, 0x00, 0x00, 0x00, 0x00, 0x00, 0x00, 0x00, 0x00, 0x00, 0x00,
    0x00, 0x00, 0x00, 0x00, 0x00, 0x00, 0x00, 0x00, 0x00, 0x00, 0x00, 0x00, 0x00, 0x00, 0x00, 0x00,
    0x00, 0x00, 0x00, 0x00, 0x00, 0x00, 0x00, 0x00, 0x00, 0x00, 0x00, 0x00, 0x00, 0x00, 0x00, 0x00,
    0x00, 0x00, 0x00, 0x00, 0x00, 0x00, 0x00, 0x00, 0x00, 0x00, 0x00, 0x00, 0x00, 0x00, 0x00, 0x00,
    0x00, 0x00, 0x00, 0x00, 0x00, 0x00, 0x00, 0x00, 0x00, 0x00, 0x00, 0x00, 0x00, 0x00, 0x00, 0x00,
    0x00, 0x00, 0x00, 0x00, 0x00, 0x00, 0x00, 0x00, 0x00, 0x00, 0x00, 0x00, 0x00, 0x00, 0x00, 0x00,
    0x00, 0x00, 0x00, 0x00, 0x00, 0x00, 0x00, 0x00, 0x00, 0x00, 0x00, 0x00, 0x00, 0x00, 0x00, 0x00,
    0x00, 0x00, 0x00, 0x00, 0x00, 0x00, 0x00, 0x00, 0x00, 0x00, 0x00, 0x00, 0x00, 0x00, 0x00, 0x00,
    0x00, 0x00, 0x00, 0x00, 0x00, 0x00, 0x00, 0x00, 0x00, 0x00, 0x00, 0x00, 0x00, 0x00, 0x00, 0x00,
    0x00, 0x00, 0x00, 0x00, 0x00, 0x00, 0x00, 0x00, 0x00, 0x00, 0x00, 0x00, 0x00, 0x00, 0x00, 0x00,
    0x00, 0x00, 0x00, 0x00, 0x00, 0x00, 0x00, 0x00, 0x00, 0x00, 0x00, 0x00, 0x00, 0x00, 0x00, 0x00,
    0x00, 0x00, 0x00, 0x00, 0x00, 0x00, 0x00, 0x00, 0x00, 0x00, 0x00, 0x00, 0x00, 0x00, 0x00, 0x00,
    0x00, 0x00, 0x00, 0x00, 0x00, 0x00, 0x00, 0x00, 0x00, 0x00, 0x00, 0x00, 0x00, 0x00, 0x00, 0x00,
    0x00, 0x00, 0x00, 0x00, 0x00, 0x00, 0x00, 0x00, 0x00, 0x00, 0x00, 0x00, 0x00, 0x00, 0x00, 0x00,
    0x00, 0x00, 0x00, 0x00, 0x00, 0x00, 0x00, 0x00, 0x00, 0x00, 0x00, 0x00, 0x00, 0x00, 0x00, 0x00,
    0x00, 0x00, 0x00, 0x00, 0x00, 0x00, 0x00, 0x00, 0x00, 0x00, 0x00, 0x00, 0x00, 0x00, 0x00, 0x00,
    0x00, 0x00, 0x00, 0x00, 0x00, 0x00, 0x00, 0x00, 0x00, 0x00, 0x00, 0x00, 0x00, 0x00, 0x00, 0x00,
    0x00, 0x00, 0x00, 0x00, 0x00, 0x00, 0x00, 0x00, 0x00, 0x00, 0x00, 0x00, 0x00, 0x00, 0x00, 0x00,
    0x00, 0x00, 0x00, 0x00, 0x00, 0x00, 0x00, 0x00, 0x00, 0x00, 0x00, 0x00, 0x00, 0x00, 0x00, 0x00,
    0x00, 0x00, 0x00, 0x00, 0x00, 0x00, 0x00, 0x00, 0x00, 0x00, 0x00, 0x00, 0x00, 0x00, 0x00, 0x00,
    0x00, 0x00, 0x00, 0x00, 0x00, 0x00, 0x00, 0x00, 0x00, 0x00, 0x00, 0x00, 0x00, 0x00, 0x00, 0x00,
    0x00, 0x00, 0x00, 0x00, 0x00, 0x00, 0x00, 0x00, 0x00, 0x00, 0x00, 0x00, 0x00, 0x00, 0x00, 0x00,
    0x00, 0x00, 0x00, 0x00, 0x00, 0x00, 0x00, 0x00, 0x00, 0x00, 0x00, 0x00, 0x00, 0x00, 0x00, 0x00,
    0x00, 0x00, 0x00, 0x00, 0x00, 0x00, 0x00, 0x00, 0x00, 0x00, 0x00, 0x00, 0x00, 0x00, 0x00, 0x00,
    0x00, 0x00, 0x00, 0x00, 0x00, 0x00, 0x00, 0x00, 0x00, 0x00, 0x00, 0x00, 0x00, 0x00, 0x00, 0x00,
    0x00, 0x00, 0x00, 0x00, 0x00, 0x00, 0x00, 0x00, 0x00, 0x00, 0x00, 0x00, 0x00, 0x00, 0x00, 0x00,
    0x00, 0x00, 0x00, 0x00, 0x00, 0x00, 0x00, 0x00, 0x00, 0x00, 0x00, 0x00, 0x00, 0x00, 0x00, 0x00,
    0x00, 0x00, 0x00, 0x00, 0x00, 0x00, 0x00, 0x00, 0x00, 0x00, 0x00, 0x00, 0x00, 0x00, 0x00, 0x00,
    0x00, 0x00, 0x00, 0x00, 0x00, 0x00, 0x00, 0x00, 0x00, 0x00, 0x00, 0x00, 0x00, 0x00, 0x00, 0x00,
    0x00, 0x00, 0x00, 0x00, 0x00, 0x00, 0x00, 0x00, 0x00, 0x00, 0x00, 0x00, 0x00, 0x00, 0x00, 0x00,
    0x00, 0x00, 0x00, 0x00, 0x00, 0x00, 0x00, 0x00, 0x00, 0x00, 0x00, 0x00, 0x00, 0x00, 0x00, 0x00,
    0x00, 0x00, 0x00, 0x00, 0x00, 0x00, 0x00, 0x00, 0x00, 0x00, 0x00, 0x00, 0x00, 0x00, 0x00, 0x00,
    0x00, 0x00, 0x00, 0x00, 0x00, 0x00, 0x00, 0x00, 0x00, 0x00, 0x00, 0x00, 0x00, 0x00, 0x00, 0x00,
    0x00, 0x00, 0x00, 0x00, 0x00, 0x00, 0x00, 0x00, 0x00, 0x00, 0x00, 0x00, 0x00, 0x00, 0x00, 0x00,
    0x00, 0x00, 0x00, 0x00, 0x00, 0x00, 0x00, 0x00, 0x00, 0x00, 0x00, 0x00, 0x00, 0x00, 0x00, 0x00,
    0x00, 0x00, 0x00, 0x00, 0x00, 0x00, 0x00, 0x00, 0x00, 0x00, 0x00, 0x00, 0x00, 0x00, 0x00, 0x00,
    0x00, 0x00, 0x00, 0x00, 0x00, 0x00, 0x00, 0x00, 0x00, 0x00, 0x00, 0x00, 0x00, 0x00, 0x00, 0x00,
    0x00, 0x00, 0x00, 0x00, 0x00, 0x00, 0x00, 0x00, 0x00, 0x00, 0x00, 0x00, 0x00, 0x00, 0x00, 0x00,
    0x00, 0x00, 0x00, 0x00, 0x00, 0x00, 0x00, 0x00, 0x00, 0x00, 0x00, 0x00, 0x00, 0x00, 0x00, 0x00,
    0x00, 0x00, 0x00, 0x00, 0x00, 0x00, 0x00, 0x00, 0x00, 0x00, 0x00, 0x00, 0x00, 0x00, 0x00, 0x00,
    0x00, 0x00, 0x00, 0x00, 0x00, 0x00, 0x00, 0x00, 0x00, 0x00, 0x00, 0x00, 0x00, 0x00, 0x00, 0x00,
    0x00, 0x00, 0x00, 0x00, 0x00, 0x00, 0x00, 0x00, 0x00, 0x00, 0x00, 0x00, 0x00, 0x00, 0x00, 0x00,
    0x00, 0x00, 0x00, 0x00, 0x00, 0x00, 0x00, 0x00, 0x00, 0x00, 0x00, 0x00, 0x00, 0x00, 0x00, 0x00,
    0x00, 0x00, 0x00, 0x00, 0x00, 0x00, 0x00, 0x00, 0x00, 0x00, 0x00, 0x00, 0x00, 0x00, 0x00, 0x00,
    0x00, 0x00, 0x00, 0x00, 0x00, 0x00, 0x00, 0x00, 0x00, 0x00, 0x00, 0x00, 0x00, 0x00, 0x00, 0x00,
    0x00, 0x00, 0x00, 0x00, 0x00, 0x00, 0x00, 0x00, 0x00, 0x00, 0x00, 0x00, 0x00, 0x00, 0x00, 0x00,
    0x00, 0x00, 0x00, 0x00, 0x00, 0x00, 0x00, 0x00, 0x00, 0x00, 0x00, 0x00, 0x00, 0x00, 0x00, 0x00,
    0x00, 0x00, 0x00, 0x00, 0x00, 0x00, 0x00, 0x00, 0x00, 0x00, 0x00, 0x00, 0x00, 0x00, 0x00, 0x00,
    0x00, 0x00, 0x00, 0x00, 0x00, 0x00, 0x00, 0x00, 0x00, 0x00, 0x00, 0x00, 0x00, 0x00, 0x00, 0x00,
    0x00, 0x00, 0x00, 0x00, 0x00, 0x00, 0x00, 0x00, 0x00, 0x00, 0x00, 0x00, 0x00, 0x00, 0x00, 0x00,
    0x00, 0x00, 0x00, 0x00, 0x00, 0x00, 0x00, 0x00, 0x00, 0x00, 0x00, 0x00, 0x00, 0x00, 0x00, 0x00,
    0x00, 0x00, 0x00, 0x00, 0x00, 0x00, 0x00, 0x00, 0x00, 0x00, 0x00, 0x00, 0x00, 0x00, 0x00, 0x00,
    0x00, 0x00, 0x00, 0x00, 0x00, 0x00, 0x00, 0x00, 0x00, 0x00, 0x00, 0x00, 0x00, 0x00, 0x00, 0x00,
    0x00, 0x00, 0x00, 0x00, 0x00, 0x00, 0x00, 0x00, 0x00, 0x00, 0x00, 0x00, 0x00, 0x00, 0x00, 0x00,
    0x00, 0x00, 0x00, 0x00, 0x00, 0x00, 0x00, 0x00, 0x00, 0x00, 0x00, 0x00, 0x00, 0x00, 0x00, 0x00,
    0x00, 0x00, 0x00, 0x00, 0x00, 0x00, 0x00, 0x00, 0x00, 0x00, 0x00, 0x00, 0x00, 0x00, 0x00, 0x00,
    0x00, 0x00, 0x00, 0x00, 0x00, 0x00, 0x00, 0x00, 0x00, 0x00, 0x00, 0x00, 0x00, 0x00, 0x00, 0x00,
    0x00, 0x00, 0x00, 0x00, 0x00, 0x00, 0x00, 0x00, 0x00, 0x00, 0x00, 0x00, 0x00, 0x00, 0x00, 0x00,
    0x00, 0x00, 0x00, 0x00, 0x00, 0x00, 0x00, 0x00, 0x00, 0x00, 0x00, 0x00, 0x00, 0x00, 0x00, 0x00,
    0x00, 0x00, 0x00, 0x00, 0x00, 0x00, 0x00, 0x00, 0x00, 0x00, 0x00, 0x00, 0x00, 0x00, 0x00, 0x00,
    0x00, 0x00, 0x00, 0x00, 0x00, 0x00, 0x00, 0x00, 0x00, 0x00, 0x34, 0x22, 0x01, 0x01, 0x34, 0xAA,
    0x00, 0x00, 0x33, 0xF5, 0x00, 0x00, 0x00, 0xFB, 0x72, 0x72, 0x7B, 0xFB, 0xDF, 0xDF, 0xE0, 0xFE,
    0xF1, 0xF1, 0xF1, 0xFF, 0xED, 0xED, 0xED, 0xFF, 0xEE, 0xEE, 0xEE, 0xFF, 0xED, 0xED, 0xED, 0xFF,
    0xF0, 0xF0, 0xF0, 0xFF, 0xE6, 0xE6, 0xE6, 0xFF, 0x87, 0x87, 0x8D, 0xFC, 0x00, 0x00, 0x00, 0xFB,
    0x00, 0x00, 0x32, 0xF7, 0x01, 0x01, 0x34, 0xB8, 0x00, 0x00, 0x34, 0x2D, 0x00, 0x00, 0x00, 0x00,
    0x00, 0x00, 0x00, 0x00, 0x00, 0x00, 0x00, 0x00, 0x00, 0x00, 0x00, 0x00, 0x00, 0x00, 0x00, 0x00,
    0x00, 0x00, 0x00, 0x00, 0x00, 0x00, 0x00, 0x00, 0x00, 0x00, 0x00, 0x00, 0x00, 0x00, 0x00, 0x00,
    0x00, 0x00, 0x00, 0x00, 0x00, 0x00, 0x00, 0x00, 0x00, 0x00, 0x00, 0x00, 0x00, 0x00, 0x00, 0x00,
    0x00, 0x00, 0x00, 0x00, 0x00, 0x00, 0x00, 0x00, 0x00, 0x00, 0x00, 0x00, 0x00, 0x00, 0x00, 0x00,
    0x00, 0x00, 0x00, 0x00, 0x00, 0x00, 0x00, 0x00, 0x00, 0x00, 0x00, 0x00, 0x00, 0x00, 0x00, 0x00,
    0x00, 0x00, 0x00, 0x00, 0x00, 0x00, 0x00, 0x00, 0x00, 0x00, 0x00, 0x00, 0x00, 0x00, 0x00, 0x00,
    0x00, 0x00, 0x00, 0x00, 0x00, 0x00, 0x00, 0x00, 0x00, 0x00, 0x00, 0x00, 0x00, 0x00, 0x00, 0x00,
    0x00, 0x00, 0x00, 0x00, 0x00, 0x00, 0x00, 0x00, 0x00, 0x00, 0x00, 0x00, 0x00, 0x00, 0x00, 0x00,
    0x00, 0x00, 0x00, 0x00, 0x00, 0x00, 0x00, 0x00, 0x00, 0x00, 0x00, 0x00, 0x00, 0x00, 0x00, 0x00,
    0x00, 0x00, 0x00, 0x00, 0x00, 0x00, 0x00, 0x00, 0x00, 0x00, 0x00, 0x00, 0x00, 0x00, 0x00, 0x00,
    0x00, 0x00, 0x00, 0x00, 0x00, 0x00, 0x00, 0x00, 0x00, 0x00, 0x00, 0x00, 0x00, 0x00, 0x00, 0x00,
    0x00, 0x00, 0x00, 0x00, 0x00, 0x00, 0x00, 0x00, 0x00, 0x00, 0x00, 0x00, 0x00, 0x00, 0x00, 0x00,
    0x00, 0x00, 0x00, 0x00, 0x00, 0x00, 0x00, 0x00, 0x00, 0x00, 0x00, 0x00, 0x00, 0x00, 0x00, 0x00,
    0x00, 0x00, 0x00, 0x00, 0x00, 0x00, 0x00, 0x00, 0x00, 0x00, 0x00, 0x00, 0x00, 0x00, 0x00, 0x00,
    0x00, 0x00, 0x00, 0x00, 0x00, 0x00, 0x00, 0x00, 0x00, 0x00, 0x00, 0x00, 0x00, 0x00, 0x00, 0x00,
    0x00, 0x00, 0x00, 0x00, 0x00, 0x00, 0x00, 0x00, 0x00, 0x00, 0x00, 0x00, 0x00, 0x00, 0x00, 0x00,
    0x00, 0x00, 0x00, 0x00, 0x00, 0x00, 0x00, 0x00, 0x00, 0x00, 0x00, 0x00, 0x00, 0x00, 0x00, 0x00,
    0x00, 0x00, 0x00, 0x00, 0x00, 0x00, 0x00, 0x00, 0x00, 0x00, 0x00, 0x00, 0x00, 0x00, 0x00, 0x00,
    0x00, 0x00, 0x00, 0x00, 0x00, 0x00, 0x00, 0x00, 0x00, 0x00, 0x00, 0x00, 0x00, 0x00, 0x00, 0x00,
    0x00, 0x00, 0x00, 0x00, 0x00, 0x00, 0x00, 0x00, 0x00, 0x00, 0x00, 0x00, 0x00, 0x00, 0x00, 0x00,
    0x00, 0x00, 0x00, 0x00, 0x00, 0x00, 0x00, 0x00, 0x00, 0x00, 0x00, 0x00, 0x00, 0x00, 0x00, 0x00,
    0x00, 0x00, 0x00, 0x00, 0x00, 0x00, 0x00, 0x00, 0x00, 0x00, 0x00, 0x00, 0x00, 0x00, 0x00, 0x00,
    0x00, 0x00, 0x00, 0x00, 0x00, 0x00, 0x00, 0x00, 0x00, 0x00, 0x00, 0x00, 0x00, 0x00, 0x00, 0x00,
    0x00, 0x00, 0x00, 0x00, 0x00, 0x00, 0x00, 0x00, 0x00, 0x00, 0x00, 0x00, 0x00, 0x00, 0x00, 0x00,
    0x00, 0x00, 0x00, 0x00, 0x00, 0x00, 0x00, 0x00, 0x00, 0x00, 0x00, 0x00, 0x00, 0x00, 0x00, 0x00,
    0x00, 0x00, 0x00, 0x00, 0x00, 0x00, 0x00, 0x00, 0x00, 0x00, 0x00, 0x00, 0x00, 0x00, 0x00, 0x00,
    0x00, 0x00, 0x00, 0x00, 0x00, 0x00, 0x00, 0x00, 0x00, 0x00, 0x00, 0x00, 0x00, 0x00, 0x00, 0x00,
    0x00, 0x00, 0x00, 0x00, 0x00, 0x00, 0x00, 0x00, 0x00, 0x00, 0x00, 0x00, 0x00, 0x00, 0x00, 0x00,
    0x00, 0x00, 0x00, 0x00, 0x00, 0x00, 0x00, 0x00, 0x00, 0x00, 0x00, 0x00, 0x00, 0x00, 0x00, 0x00,
    0x00, 0x00, 0x00, 0x00, 0x00, 0x00, 0x00, 0x00, 0x00, 0x00, 0x00, 0x00, 0x00, 0x00, 0x00, 0x00,
    0x00, 0x00, 0x00, 0x00, 0x00, 0x00, 0x00, 0x00, 0x00, 0x00, 0x00, 0x00, 0x00, 0x00, 0x00, 0x00,
    0x00, 0x00, 0x00, 0x00, 0x00, 0x00, 0x00, 0x00, 0x00, 0x00, 0x00, 0x00, 0x00, 0x00, 0x00, 0x00,
    0x00, 0x00, 0x00, 0x00, 0x00, 0x00, 0x00, 0x00, 0x00, 0x00, 0x00, 0x00, 0x00, 0x00, 0x00, 0x00,
    0x00, 0x00, 0x00, 0x00, 0x00, 0x00, 0x00, 0x00, 0x00, 0x00, 0x00, 0x00, 0x00, 0x00, 0x00, 0x00,
    0x00, 0x00, 0x00, 0x00, 0x00, 0x00, 0x00, 0x00, 0x00, 0x00, 0x00, 0x00, 0x00, 0x00, 0x00, 0x00,
    0x00, 0x00, 0x00, 0x00, 0x00, 0x00, 0x00, 0x00, 0x00, 0x00, 0x00, 0x00, 0x00, 0x00, 0x00, 0x00,
    0x00, 0x00, 0x00, 0x00, 0x00, 0x00, 0x00, 0x00, 0x00, 0x00, 0x00, 0x00, 0x00, 0x00, 0x00, 0x00,
    0x00, 0x00, 0x00, 0x00, 0x00, 0x00, 0x00, 0x00, 0x00, 0x00, 0x00, 0x00, 0x00, 0x00, 0x00, 0x00,
    0x00, 0x00, 0x00, 0x00, 0x00, 0x00, 0x00, 0x00, 0x00, 0x00, 0x00, 0x00, 0x00, 0x00, 0x00, 0x00,
    0x00, 0x00, 0x00, 0x00, 0x00, 0x00, 0x00, 0x00, 0x00, 0x00, 0x00, 0x00, 0x00, 0x00, 0x00, 0x00,
    0x00, 0x00, 0x00, 0x00, 0x00, 0x00, 0x00, 0x00, 0x00, 0x00, 0x00, 0x00, 0x00, 0x00, 0x00, 0x00,
    0x00, 0x00, 0x00, 0x00, 0x00, 0x00, 0x00, 0x00, 0x00, 0x00, 0x00, 0x00, 0x00, 0x00, 0x00, 0x00,
    0x00, 0x00, 0x00, 0x00, 0x00, 0x00, 0x00, 0x00, 0x00, 0x00, 0x00, 0x00, 0x00, 0x00, 0x00, 0x00,
    0x00, 0x00, 0x00, 0x00, 0x00, 0x00, 0x00, 0x00, 0x00, 0x00, 0x00, 0x00, 0x00, 0x00, 0x00, 0x00,
    0x00, 0x00, 0x00, 0x00, 0x00, 0x00, 0x00, 0x00, 0x00, 0x00, 0x00, 0x00, 0x00, 0x00, 0x00, 0x00,
    0x00, 0x00, 0x00, 0x00, 0x00, 0x00, 0x00, 0x00, 0x00, 0x00, 0x00, 0x00, 0x00, 0x00, 0x00, 0x00,
    0x00, 0x00, 0x00, 0x00, 0x00, 0x00, 0x00, 0x00, 0x00, 0x00, 0x00, 0x00, 0x00, 0x00, 0x00, 0x00,
    0x00, 0x00, 0x00, 0x00, 0x00, 0x00, 0x00, 0x00, 0x00, 0x00, 0x00, 0x00, 0x00, 0x00, 0x00, 0x00,
    0x00, 0x00, 0x00, 0x00, 0x00, 0x00, 0x00, 0x00, 0x00, 0x00, 0x00, 0x00, 0x00, 0x00, 0x00, 0x00,
    0x00, 0x00, 0x00, 0x00, 0x00, 0x00, 0x00, 0x00, 0x00, 0x00, 0x00, 0x00, 0x00, 0x00, 0x00, 0x00,
    0x00, 0x00, 0x00, 0x00, 0x00, 0x00, 0x00, 0x00, 0x00, 0x00, 0x00, 0x00, 0x00, 0x00, 0x00, 0x00,
    0x00, 0x00, 0x00, 0x00, 0x00, 0x00, 0x00, 0x00, 0x00, 0x00, 0x00, 0x00, 0x00, 0x00, 0x00, 0x00,
    0x00, 0x00, 0x00, 0x00, 0x00, 0x00, 0x00, 0x00, 0x00, 0x00, 0x00, 0x00, 0x00, 0x00, 0x00, 0x00,
    0x00, 0x00, 0x00, 0x00, 0x00, 0x00, 0x00, 0x00, 0x00, 0x00, 0x00, 0x00, 0x00, 0x00, 0x00, 0x00,
    0x00, 0x00, 0x00, 0x00, 0x00, 0x00, 0x00, 0x00, 0x00, 0x00, 0x00, 0x00, 0x00, 0x00, 0x00, 0x00,
    0x00, 0x00, 0x00, 0x00, 0x00, 0x00, 0x00, 0x00, 0x00, 0x00, 0x00, 0x00, 0x00, 0x00, 0x00, 0x00,
    0x00, 0x00, 0x00, 0x00, 0x00, 0x00, 0x00, 0x00, 0x00, 0x00, 0x00, 0x00, 0x00, 0x00, 0x00, 0x00,
    0x00, 0x00, 0x00, 0x00, 0x00, 0x00, 0x00, 0x00, 0x00, 0x00, 0x00, 0x00, 0x00, 0x00, 0x00, 0x00,
    0x00, 0x00, 0x00, 0x00, 0x00, 0x00, 0x00, 0x00, 0x00, 0x00, 0x00, 0x00, 0x00, 0x00, 0x00, 0x00,
    0x00, 0x00, 0x00, 0x00, 0x00, 0x00, 0x00, 0x00, 0x00, 0x00, 0x00, 0x00, 0x00, 0x00, 0x00, 0x00,
    0x00, 0x00, 0x00, 0x00, 0x00, 0x00, 0x00, 0x00, 0x00, 0x00, 0x00, 0x00, 0x00, 0x00, 0x00, 0x00,
    0x00, 0x00, 0x00, 0x00, 0x00, 0x00, 0x00, 0x00, 0x00, 0x00, 0x00, 0x00, 0x00, 0x00, 0x00, 0x00,
    0x00, 0x00, 0x00, 0x00, 0x00, 0x00, 0x00, 0x00, 0x00, 0x00, 0x00, 0x00, 0x00, 0x00, 0x00, 0x00,
    0x00, 0x00, 0x00, 0x00, 0x00, 0x00, 0x00, 0x00, 0x00, 0x00, 0x00, 0x00, 0x00, 0x00, 0x00, 0x00,
    0x00, 0x00, 0x00, 0x00, 0x00, 0x00, 0x00, 0x00, 0x00, 0x00, 0x00, 0x00, 0x00, 0x00, 0x00, 0x00,
    0x00, 0x00, 0x00, 0x00, 0x00, 0x00, 0x00, 0x00, 0x00, 0x00, 0x00, 0x00, 0x00, 0x00, 0x00, 0x00,
    0x00, 0x00, 0x00, 0x00, 0x00, 0x00, 0x00, 0x00, 0x00, 0x00, 0x00, 0x00, 0x00, 0x00, 0x00, 0x00,
    0x00, 0x00, 0x00, 0x00, 0x00, 0x00, 0x00, 0x00, 0x00, 0x00, 0x00, 0x00, 0x00, 0x00, 0x00, 0x00,
    0x00, 0x00, 0x00, 0x00, 0x00, 0x00, 0x00, 0x00, 0x00, 0x00, 0x00, 0x00, 0x00, 0x00, 0x00, 0x00,
    0x00, 0x00, 0x00, 0x00, 0x00, 0x00, 0x00, 0x00, 0x00, 0x00, 0x00, 0x00, 0x00, 0x00, 0x34, 0x12,
    0x00, 0x00, 0x34, 0x94, 0x02, 0x02, 0x35, 0xEF, 0x00, 0x00, 0x0F, 0xFB, 0x57, 0x57, 0x64, 0xFB,
    0xD3, 0xD3, 0xD4, 0xFE, 0xF2, 0xF2, 0xF1, 0xFF, 0xF2, 0xF2, 0xF1, 0xFF, 0xF2, 0xF2, 0xF2, 0xFF,
    0xDC, 0xDC, 0xDD, 0xFE, 0x6F, 0x6F, 0x78, 0xFB, 0x00, 0x00, 0x01, 0xFB, 0x00, 0x00, 0x34, 0xF3,
    0x01, 0x01, 0x34, 0xA4, 0x00, 0x00, 0x34, 0x1C, 0x00, 0x00, 0x00, 0x00, 0x00, 0x00, 0x00, 0x00,
    0x00, 0x00, 0x00, 0x00, 0x00, 0x00, 0x00, 0x00, 0x00, 0x00, 0x00, 0x00, 0x00, 0x00, 0x00, 0x00,
    0x00, 0x00, 0x00, 0x00, 0x00, 0x00, 0x00, 0x00, 0x00, 0x00, 0x00, 0x00, 0x00, 0x00, 0x00, 0x00,
    0x00, 0x00, 0x00, 0x00, 0x00, 0x00, 0x00, 0x00, 0x00, 0x00, 0x00, 0x00, 0x00, 0x00, 0x00, 0x00,
    0x00, 0x00, 0x00, 0x00, 0x00, 0x00, 0x00, 0x00, 0x00, 0x00, 0x00, 0x00, 0x00, 0x00, 0x00, 0x00,
    0x00, 0x00, 0x00, 0x00, 0x00, 0x00, 0x00, 0x00, 0x00, 0x00, 0x00, 0x00, 0x00, 0x00, 0x00, 0x00,
    0x00, 0x00, 0x00, 0x00, 0x00, 0x00, 0x00, 0x00, 0x00, 0x00, 0x00, 0x00, 0x00, 0x00, 0x00, 0x00,
    0x00, 0x00, 0x00, 0x00, 0x00, 0x00, 0x00, 0x00, 0x00, 0x00, 0x00, 0x00, 0x00, 0x00, 0x00, 0x00,
    0x00, 0x00, 0x00, 0x00, 0x00, 0x00, 0x00, 0x00, 0x00, 0x00, 0x00, 0x00, 0x00, 0x00, 0x00, 0x00,
    0x00, 0x00, 0x00, 0x00, 0x00, 0x00, 0x00, 0x00, 0x00, 0x00, 0x00, 0x00, 0x00, 0x00, 0x00, 0x00,
    0x00, 0x00, 0x00, 0x00, 0x00, 0x00, 0x00, 0x00, 0x00, 0x00, 0x00, 0x00, 0x00, 0x00, 0x00, 0x00,
    0x00, 0x00, 0x00, 0x00, 0x00, 0x00, 0x00, 0x00, 0x00, 0x00, 0x00, 0x00, 0x00, 0x00, 0x00, 0x00,
    0x00, 0x00, 0x00, 0x00, 0x00, 0x00, 0x00, 0x00, 0x00, 0x00, 0x00, 0x00, 0x00, 0x00, 0x00, 0x00,
    0x00, 0x00, 0x00, 0x00, 0x00, 0x00, 0x00, 0x00, 0x00, 0x00, 0x00, 0x00, 0x00, 0x00, 0x00, 0x00,
    0x00, 0x00, 0x00, 0x00, 0x00, 0x00, 0x00, 0x00, 0x00, 0x00, 0x00, 0x00, 0x00, 0x00, 0x00, 0x00,
    0x00, 0x00, 0x00, 0x00, 0x00, 0x00, 0x00, 0x00, 0x00, 0x00, 0x00, 0x00, 0x00, 0x00, 0x00, 0x00,
    0x00, 0x00, 0x00, 0x00, 0x00, 0x00, 0x00, 0x00, 0x00, 0x00, 0x00, 0x00, 0x00, 0x00, 0x00, 0x00,
    0x00, 0x00, 0x00, 0x00, 0x00, 0x00, 0x00, 0x00, 0x00, 0x00, 0x00, 0x00, 0x00, 0x00, 0x00, 0x00,
    0x00, 0x00, 0x00, 0x00, 0x00, 0x00, 0x00, 0x00, 0x00, 0x00, 0x00, 0x00, 0x00, 0x00, 0x00, 0x00,
    0x00, 0x00, 0x00, 0x00, 0x00, 0x00, 0x00, 0x00, 0x00, 0x00, 0x00, 0x00, 0x00, 0x00, 0x00, 0x00,
    0x00, 0x00, 0x00, 0x00, 0x00, 0x00, 0x00, 0x00, 0x00, 0x00, 0x00, 0x00, 0x00, 0x00, 0x00, 0x00,
    0x00, 0x00, 0x00, 0x00, 0x00, 0x00, 0x00, 0x00, 0x00, 0x00, 0x00, 0x00, 0x00, 0x00, 0x00, 0x00,
    0x00, 0x00, 0x00, 0x00, 0x00, 0x00, 0x00, 0x00, 0x00, 0x00, 0x00, 0x00, 0x00, 0x00, 0x00, 0x00,
    0x00, 0x00, 0x00, 0x00, 0x00, 0x00, 0x00, 0x00, 0x00, 0x00, 0x00, 0x00, 0x00, 0x00, 0x00, 0x00,
    0x00, 0x00, 0x00, 0x00, 0x00, 0x00, 0x00, 0x00, 0x00, 0x00, 0x00, 0x00, 0x00, 0x00, 0x00, 0x00,
    0x00, 0x00, 0x00, 0x00, 0x00, 0x00, 0x00, 0x00, 0x00, 0x00, 0x00, 0x00, 0x00, 0x00, 0x00, 0x00,
    0x00, 0x00, 0x00, 0x00, 0x00, 0x00, 0x00, 0x00, 0x00, 0x00, 0x00, 0x00, 0x00, 0x00, 0x00, 0x00,
    0x00, 0x00, 0x00, 0x00, 0x00, 0x00, 0x00, 0x00, 0x00, 0x00, 0x00, 0x00, 0x00, 0x00, 0x00, 0x00,
    0x00, 0x00, 0x00, 0x00, 0x00, 0x00, 0x00, 0x00, 0x00, 0x00, 0x00, 0x00, 0x00, 0x00, 0x00, 0x00,
    0x00, 0x00, 0x00, 0x00, 0x00, 0x00, 0x00, 0x00, 0x00, 0x00, 0x00, 0x00, 0x00, 0x00, 0x00, 0x00,
    0x00, 0x00, 0x00, 0x00, 0x00, 0x00, 0x00, 0x00, 0x00, 0x00, 0x00, 0x00, 0x00, 0x00, 0x00, 0x00,
    0x00, 0x00, 0x00, 0x00, 0x00, 0x00, 0x00, 0x00, 0x00, 0x00, 0x00, 0x00, 0x00, 0x00, 0x00, 0x00,
    0x00, 0x00, 0x00, 0x00, 0x00, 0x00, 0x00, 0x00, 0x00, 0x00, 0x00, 0x00, 0x00, 0x00, 0x00, 0x00,
    0x00, 0x00, 0x00, 0x00, 0x00, 0x00, 0x00, 0x00, 0x00, 0x00, 0x00, 0x00, 0x00, 0x00, 0x00, 0x00,
    0x00, 0x00, 0x00, 0x00, 0x00, 0x00, 0x00, 0x00, 0x00, 0x00, 0x00, 0x00, 0x00, 0x00, 0x00, 0x00,
    0x00, 0x00, 0x00, 0x00, 0x00, 0x00, 0x00, 0x00, 0x00, 0x00, 0x00, 0x00, 0x00, 0x00, 0x00, 0x00,
    0x00, 0x00, 0x00, 0x00, 0x00, 0x00, 0x00, 0x00, 0x00, 0x00, 0x00, 0x00, 0x00, 0x00, 0x00, 0x00,
    0x00, 0x00, 0x00, 0x00, 0x00, 0x00, 0x00, 0x00, 0x00, 0x00, 0x00, 0x00, 0x00, 0x00, 0x00, 0x00,
    0x00, 0x00, 0x00, 0x00, 0x00, 0x00, 0x00, 0x00, 0x00, 0x00, 0x00, 0x00, 0x00, 0x00, 0x00, 0x00,
    0x00, 0x00, 0x00, 0x00, 0x00, 0x00, 0x00, 0x00, 0x00, 0x00, 0x00, 0x00, 0x00, 0x00, 0x00, 0x00,
    0x00, 0x00, 0x00, 0x00, 0x00, 0x00, 0x00, 0x00, 0x00, 0x00, 0x00, 0x00, 0x00, 0x00, 0x00, 0x00,
    0x00, 0x00, 0x00, 0x00, 0x00, 0x00, 0x00, 0x00, 0x00, 0x00, 0x00, 0x00, 0x00, 0x00, 0x00, 0x00,
    0x00, 0x00, 0x00, 0x00, 0x00, 0x00, 0x00, 0x00, 0x00, 0x00, 0x00, 0x00, 0x00, 0x00, 0x00, 0x00,
    0x00, 0x00, 0x00, 0x00, 0x00, 0x00, 0x00, 0x00, 0x00, 0x00, 0x00, 0x00, 0x00, 0x00, 0x00, 0x00,
    0x00, 0x00, 0x00, 0x00, 0x00, 0x00, 0x00, 0x00, 0x00, 0x00, 0x00, 0x00, 0x00, 0x00, 0x00, 0x00,
    0x00, 0x00, 0x00, 0x00, 0x00, 0x00, 0x00, 0x00, 0x00, 0x00, 0x00, 0x00, 0x00, 0x00, 0x00, 0x00,
    0x00, 0x00, 0x00, 0x00, 0x00, 0x00, 0x00, 0x00, 0x00, 0x00, 0x00, 0x00, 0x00, 0x00, 0x00, 0x00,
    0x00, 0x00, 0x00, 0x00, 0x00, 0x00, 0x00, 0x00, 0x00, 0x00, 0x00, 0x00, 0x00, 0x00, 0x00, 0x00,
    0x00, 0x00, 0x00, 0x00, 0x00, 0x00, 0x00, 0x00, 0x00, 0x00, 0x00, 0x00, 0x00, 0x00, 0x00, 0x00,
    0x00, 0x00, 0x00, 0x00, 0x00, 0x00, 0x00, 0x00, 0x00, 0x00, 0x00, 0x00, 0x00, 0x00, 0x00, 0x00,
    0x00, 0x00, 0x00, 0x00, 0x00, 0x00, 0x00, 0x00, 0x00, 0x00, 0x00, 0x00, 0x00, 0x00, 0x00, 0x00,
    0x00, 0x00, 0x00, 0x00, 0x00, 0x00, 0x00, 0x00, 0x00, 0x00, 0x00, 0x00, 0x00, 0x00, 0x00, 0x00,
    0x00, 0x00, 0x00, 0x00, 0x00, 0x00, 0x00, 0x00, 0x00, 0x00, 0x00, 0x00, 0x00, 0x00, 0x00, 0x00,
    0x00, 0x00, 0x00, 0x00, 0x00, 0x00, 0x00, 0x00, 0x00, 0x00, 0x00, 0x00, 0x00, 0x00, 0x00, 0x00,
    0x00, 0x00, 0x00, 0x00, 0x00, 0x00, 0x00, 0x00, 0x00, 0x00, 0x00, 0x00, 0x00, 0x00, 0x00, 0x00,
    0x00, 0x00, 0x00, 0x00, 0x00, 0x00, 0x00, 0x00, 0x00, 0x00, 0x00, 0x00, 0x00, 0x00, 0x00, 0x00,
    0x00, 0x00, 0x00, 0x00, 0x00, 0x00, 0x00, 0x00, 0x00, 0x00, 0x00, 0x00, 0x00, 0x00, 0x00, 0x00,
    0x00, 0x00, 0x00, 0x00, 0x00, 0x00, 0x00, 0x00, 0x00, 0x00, 0x00, 0x00, 0x00, 0x00, 0x00, 0x00,
    0x00, 0x00, 0x00, 0x00, 0x00, 0x00, 0x00, 0x00, 0x00, 0x00, 0x00, 0x00, 0x00, 0x00, 0x00, 0x00,
    0x00, 0x00, 0x00, 0x00, 0x00, 0x00, 0x00, 0x00, 0x00, 0x00, 0x00, 0x00, 0x00, 0x00, 0x00, 0x00,
    0x00, 0x00, 0x00, 0x00, 0x00, 0x00, 0x00, 0x00, 0x00, 0x00, 0x00, 0x00, 0x00, 0x00, 0x00, 0x00,
    0x00, 0x00, 0x00, 0x00, 0x00, 0x00, 0x00, 0x00, 0x00, 0x00, 0x00, 0x00, 0x00, 0x00, 0x00, 0x00,
    0x00, 0x00, 0x00, 0x00, 0x00, 0x00, 0x00, 0x00, 0x00, 0x00, 0x00, 0x00, 0x00, 0x00, 0x00, 0x00,
    0x00, 0x00, 0x00, 0x00, 0x00, 0x00, 0x00, 0x00, 0x00, 0x00, 0x00, 0x00, 0x00, 0x00, 0x00, 0x00,
    0x00, 0x00, 0x00, 0x00, 0x00, 0x00, 0x00, 0x00, 0x00, 0x00, 0x00, 0x00, 0x00, 0x00, 0x00, 0x00,
    0x00, 0x00, 0x00, 0x00, 0x00, 0x00, 0x00, 0x00, 0x00, 0x00, 0x00, 0x00, 0x00, 0x00, 0x00, 0x00,
    0x00, 0x00, 0x00, 0x00, 0x00, 0x00, 0x00, 0x00, 0x00, 0x00, 0x00, 0x00, 0x00, 0x00, 0x00, 0x00,
    0x00, 0x00, 0x00, 0x00, 0x00, 0x00, 0x00, 0x00, 0x00, 0x00, 0x00, 0x00, 0x00, 0x00, 0x00, 0x00,
    0x00, 0x00, 0x00, 0x00, 0x00, 0x00, 0x00, 0x00, 0x00, 0x00, 0x00, 0x00, 0x00, 0x00, 0x00, 0x00,
    0x00, 0x00, 0x00, 0x00, 0x00, 0x00, 0x00, 0x00, 0x00, 0x00, 0x00, 0x00, 0x00, 0x00, 0x00, 0x00,
    0x00, 0x00, 0x00, 0x00, 0x00, 0x00, 0x00, 0x00, 0x00, 0x00, 0x00, 0x00, 0x00, 0x00, 0x00, 0x00,
    0x00, 0x00, 0x34, 0x07, 0x00, 0x00, 0x34, 0x7C, 0x04, 0x04, 0x35, 0xE8, 0x00, 0x00, 0x21, 0xFB,
    0x2D, 0x2D, 0x45, 0xFB, 0x97, 0x97, 0x9C, 0xFC, 0xB4, 0xB4, 0xB7, 0xFD, 0x9E, 0x9E, 0xA2, 0xFC,
    0x41, 0x41, 0x53, 0xFB, 0x00, 0x00, 0x1A, 0xFB, 0x03, 0x03, 0x35, 0xEE, 0x00, 0x00, 0x34, 0x8E,
    0x00, 0x00, 0x34, 0x0F, 0x00, 0x00, 0x00, 0x00, 0x00, 0x00, 0x00, 0x00, 0x00, 0x00, 0x00, 0x00,
    0x00, 0x00, 0x00, 0x00, 0x00, 0x00, 0x00, 0x00, 0x00, 0x00, 0x00, 0x00, 0x00, 0x00, 0x00, 0x00,
    0x00, 0x00, 0x00, 0x00, 0x00, 0x00, 0x00, 0x00, 0x00, 0x00, 0x00, 0x00, 0x00, 0x00, 0x00, 0x00,
    0x00, 0x00, 0x00, 0x00, 0x00, 0x00, 0x00, 0x00, 0x00, 0x00, 0x00, 0x00, 0x00, 0x00, 0x00, 0x00,
    0x00, 0x00, 0x00, 0x00, 0x00, 0x00, 0x00, 0x00, 0x00, 0x00, 0x00, 0x00, 0x00, 0x00, 0x00, 0x00,
    0x00, 0x00, 0x00, 0x00, 0x00, 0x00, 0x00, 0x00, 0x00, 0x00, 0x00, 0x00, 0x00, 0x00, 0x00, 0x00,
    0x00, 0x00, 0x00, 0x00, 0x00, 0x00, 0x00, 0x00, 0x00, 0x00, 0x00, 0x00, 0x00, 0x00, 0x00, 0x00,
    0x00, 0x00, 0x00, 0x00, 0x00, 0x00, 0x00, 0x00, 0x00, 0x00, 0x00, 0x00, 0x00, 0x00, 0x00, 0x00,
    0x00, 0x00, 0x00, 0x00, 0x00, 0x00, 0x00, 0x00, 0x00, 0x00, 0x00, 0x00, 0x00, 0x00, 0x00, 0x00,
    0x00, 0x00, 0x00, 0x00, 0x00, 0x00, 0x00, 0x00, 0x00, 0x00, 0x00, 0x00, 0x00, 0x00, 0x00, 0x00,
    0x00, 0x00, 0x00, 0x00, 0x00, 0x00, 0x00, 0x00, 0x00, 0x00, 0x00, 0x00, 0x00, 0x00, 0x00, 0x00,
    0x00, 0x00, 0x00, 0x00, 0x00, 0x00, 0x00, 0x00, 0x00, 0x00, 0x00, 0x00, 0x00, 0x00, 0x00, 0x00,
    0x00, 0x00, 0x00, 0x00, 0x00, 0x00, 0x00, 0x00, 0x00, 0x00, 0x00, 0x00, 0x00, 0x00, 0x00, 0x00,
    0x00, 0x00, 0x00, 0x00, 0x00, 0x00, 0x00, 0x00, 0x00, 0x00, 0x00, 0x00, 0x00, 0x00, 0x00, 0x00,
    0x00, 0x00, 0x00, 0x00, 0x00, 0x00, 0x00, 0x00, 0x00, 0x00, 0x00, 0x00, 0x00, 0x00, 0x00, 0x00,
    0x00, 0x00, 0x00, 0x00, 0x00, 0x00, 0x00, 0x00, 0x00, 0x00, 0x00, 0x00, 0x00, 0x00, 0x00, 0x00,
    0x00, 0x00, 0x00, 0x00, 0x00, 0x00, 0x00, 0x00, 0x00, 0x00, 0x00, 0x00, 0x00, 0x00, 0x00, 0x00,
    0x00, 0x00, 0x00, 0x00, 0x00, 0x00, 0x00, 0x00, 0x00, 0x00, 0x00, 0x00, 0x00, 0x00, 0x00, 0x00,
    0x00, 0x00, 0x00, 0x00, 0x00, 0x00, 0x00, 0x00, 0x00, 0x00, 0x00, 0x00, 0x00, 0x00, 0x00, 0x00,
    0x00, 0x00, 0x00, 0x00, 0x00, 0x00, 0x00, 0x00, 0x00, 0x00, 0x00, 0x00, 0x00, 0x00, 0x00, 0x00,
    0x00, 0x00, 0x00, 0x00, 0x00, 0x00, 0x00, 0x00, 0x00, 0x00, 0x00, 0x00, 0x00, 0x00, 0x00, 0x00,
    0x00, 0x00, 0x00, 0x00, 0x00, 0x00, 0x00, 0x00, 0x00, 0x00, 0x00, 0x00, 0x00, 0x00, 0x00, 0x00,
    0x00, 0x00, 0x00, 0x00, 0x00, 0x00, 0x00, 0x00, 0x00, 0x00, 0x00, 0x00, 0x00, 0x00, 0x00, 0x00,
    0x00, 0x00, 0x00, 0x00, 0x00, 0x00, 0x00, 0x00, 0x00, 0x00, 0x00, 0x00, 0x00, 0x00, 0x00, 0x00,
    0x00, 0x00, 0x00, 0x00, 0x00, 0x00, 0x00, 0x00, 0x00, 0x00, 0x00, 0x00, 0x00, 0x00, 0x00, 0x00,
    0x00, 0x00, 0x00, 0x00, 0x00, 0x00, 0x00, 0x00, 0x00, 0x00, 0x00, 0x00, 0x00, 0x00, 0x00, 0x00,
    0x00, 0x00, 0x00, 0x00, 0x00, 0x00, 0x00, 0x00, 0x00, 0x00, 0x00, 0x00, 0x00, 0x00, 0x00, 0x00,
    0x00, 0x00, 0x00, 0x00, 0x00, 0x00, 0x00, 0x00, 0x00, 0x00, 0x00, 0x00, 0x00, 0x00, 0x00, 0x00,
    0x00, 0x00, 0x00, 0x00, 0x00, 0x00, 0x00, 0x00, 0x00, 0x00, 0x00, 0x00, 0x00, 0x00, 0x00, 0x00,
    0x00, 0x00, 0x00, 0x00, 0x00, 0x00, 0x00, 0x00, 0x00, 0x00, 0x00, 0x00, 0x00, 0x00, 0x00, 0x00,
    0x00, 0x00, 0x00, 0x00, 0x00, 0x00, 0x00, 0x00, 0x00, 0x00, 0x00, 0x00, 0x00, 0x00, 0x00, 0x00,
    0x00, 0x00, 0x00, 0x00, 0x00, 0x00, 0x00, 0x00, 0x00, 0x00, 0x00, 0x00, 0x00, 0x00, 0x00, 0x00,
    0x00, 0x00, 0x00, 0x00, 0x00, 0x00, 0x00, 0x00, 0x00, 0x00, 0x00, 0x00, 0x00, 0x00, 0x00, 0x00,
    0x00, 0x00, 0x00, 0x00, 0x00, 0x00, 0x00, 0x00, 0x00, 0x00, 0x00, 0x00, 0x00, 0x00, 0x00, 0x00,
    0x00, 0x00, 0x00, 0x00, 0x00, 0x00, 0x00, 0x00, 0x00, 0x00, 0x00, 0x00, 0x00, 0x00, 0x00, 0x00,
    0x00, 0x00, 0x00, 0x00, 0x00, 0x00, 0x00, 0x00, 0x00, 0x00, 0x00, 0x00, 0x00, 0x00, 0x00, 0x00,
    0x00, 0x00, 0x00, 0x00, 0x00, 0x00, 0x00, 0x00, 0x00, 0x00, 0x00, 0x00, 0x00, 0x00, 0x00, 0x00,
    0x00, 0x00, 0x00, 0x00, 0x00, 0x00, 0x00, 0x00, 0x00, 0x00, 0x00, 0x00, 0x00, 0x00, 0x00, 0x00,
    0x00, 0x00, 0x00, 0x00, 0x00, 0x00, 0x00, 0x00, 0x00, 0x00, 0x00, 0x00, 0x00, 0x00, 0x00, 0x00,
    0x00, 0x00, 0x00, 0x00, 0x00, 0x00, 0x00, 0x00, 0x00, 0x00, 0x00, 0x00, 0x00, 0x00, 0x00, 0x00,
    0x00, 0x00, 0x00, 0x00, 0x00, 0x00, 0x00, 0x00, 0x00, 0x00, 0x00, 0x00, 0x00, 0x00, 0x00, 0x00,
    0x00, 0x00, 0x00, 0x00, 0x00, 0x00, 0x00, 0x00, 0x00, 0x00, 0x00, 0x00, 0x00, 0x00, 0x00, 0x00,
    0x00, 0x00, 0x00, 0x00, 0x00, 0x00, 0x00, 0x00, 0x00, 0x00, 0x00, 0x00, 0x00, 0x00, 0x00, 0x00,
    0x00, 0x00, 0x00, 0x00, 0x00, 0x00, 0x00, 0x00, 0x00, 0x00, 0x00, 0x00, 0x00, 0x00, 0x00, 0x00,
    0x00, 0x00, 0x00, 0x00, 0x00, 0x00, 0x00, 0x00, 0x00, 0x00, 0x00, 0x00, 0x00, 0x00, 0x00, 0x00,
    0x00, 0x00, 0x00, 0x00, 0x00, 0x00, 0x00, 0x00, 0x00, 0x00, 0x00, 0x00, 0x00, 0x00, 0x00, 0x00,
    0x00, 0x00, 0x00, 0x00, 0x00, 0x00, 0x00, 0x00, 0x00, 0x00, 0x00, 0x00, 0x00, 0x00, 0x00, 0x00,
    0x00, 0x00, 0x00, 0x00, 0x00, 0x00, 0x00, 0x00, 0x00, 0x00, 0x00, 0x00, 0x00, 0x00, 0x00, 0x00,
    0x00, 0x00, 0x00, 0x00, 0x00, 0x00, 0x00, 0x00, 0x00, 0x00, 0x00, 0x00, 0x00, 0x00, 0x00, 0x00,
    0x00, 0x00, 0x00, 0x00, 0x00, 0x00, 0x00, 0x00, 0x00, 0x00, 0x00, 0x00, 0x00, 0x00, 0x00, 0x00,
    0x00, 0x00, 0x00, 0x00, 0x00, 0x00, 0x00, 0x00, 0x00, 0x00, 0x00, 0x00, 0x00, 0x00, 0x00, 0x00,
    0x00, 0x00, 0x00, 0x00, 0x00, 0x00, 0x00, 0x00, 0x00, 0x00, 0x00, 0x00, 0x00, 0x00, 0x00, 0x00,
    0x00, 0x00, 0x00, 0x00, 0x00, 0x00, 0x00, 0x00, 0x00, 0x00, 0x00, 0x00, 0x00, 0x00, 0x00, 0x00,
    0x00, 0x00, 0x00, 0x00, 0x00, 0x00, 0x00, 0x00, 0x00, 0x00, 0x00, 0x00, 0x00, 0x00, 0x00, 0x00,
    0x00, 0x00, 0x00, 0x00, 0x00, 0x00, 0x00, 0x00, 0x00, 0x00, 0x00, 0x00, 0x00, 0x00, 0x00, 0x00,
    0x00, 0x00, 0x00, 0x00, 0x00, 0x00, 0x00, 0x00, 0x00, 0x00, 0x00, 0x00, 0x00, 0x00, 0x00, 0x00,
    0x00, 0x00, 0x00, 0x00, 0x00, 0x00, 0x00, 0x00, 0x00, 0x00, 0x00, 0x00, 0x00, 0x00, 0x00, 0x00,
    0x00, 0x00, 0x00, 0x00, 0x00, 0x00, 0x00, 0x00, 0x00, 0x00, 0x00, 0x00, 0x00, 0x00, 0x00, 0x00,
    0x00, 0x00, 0x00, 0x00, 0x00, 0x00, 0x00, 0x00, 0x00, 0x00, 0x00, 0x00, 0x00, 0x00, 0x00, 0x00,
    0x00, 0x00, 0x00, 0x00, 0x00, 0x00, 0x00, 0x00, 0x00, 0x00, 0x00, 0x00, 0x00, 0x00, 0x00, 0x00,
    0x00, 0x00, 0x00, 0x00, 0x00, 0x00, 0x00, 0x00, 0x00, 0x00, 0x00, 0x00, 0x00, 0x00, 0x00, 0x00,
    0x00, 0x00, 0x00, 0x00, 0x00, 0x00, 0x00, 0x00, 0x00, 0x00, 0x00, 0x00, 0x00, 0x00, 0x00, 0x00,
    0x00, 0x00, 0x00, 0x00, 0x00, 0x00, 0x00, 0x00, 0x00, 0x00, 0x00, 0x00, 0x00, 0x00, 0x00, 0x00,
    0x00, 0x00, 0x00, 0x00, 0x00, 0x00, 0x00, 0x00, 0x00, 0x00, 0x00, 0x00, 0x00, 0x00, 0x00, 0x00,
    0x00, 0x00, 0x00, 0x00, 0x00, 0x00, 0x00, 0x00, 0x00, 0x00, 0x00, 0x00, 0x00, 0x00, 0x00, 0x00,
    0x00, 0x00, 0x00, 0x00, 0x00, 0x00, 0x00, 0x00, 0x00, 0x00, 0x00, 0x00, 0x00, 0x00, 0x00, 0x00,
    0x00, 0x00, 0x00, 0x00, 0x00, 0x00, 0x00, 0x00, 0x00, 0x00, 0x00, 0x00, 0x00, 0x00, 0x00, 0x00,
    0x00, 0x00, 0x00, 0x00, 0x00, 0x00, 0x00, 0x00, 0x00, 0x00, 0x00, 0x00, 0x00, 0x00, 0x00, 0x00,
    0x00, 0x00, 0x00, 0x00, 0x00, 0x00, 0x00, 0x00, 0x00, 0x00, 0x00, 0x00, 0x00, 0x00, 0x00, 0x00,
    0x00, 0x00, 0x00, 0x00, 0x00, 0x00, 0x00, 0x00, 0x00, 0x00, 0x00, 0x00, 0x00, 0x00, 0x00, 0x00,
    0x00, 0x00, 0x00, 0x00, 0x00, 0x00, 0x00, 0x00, 0x00, 0x00, 0x00, 0x00, 0x00, 0x00, 0x00, 0x00,
    0x00, 0x00, 0x00, 0x00, 0x00, 0x00, 0x00, 0x00, 0x00, 0x00, 0x34, 0x63, 0x03, 0x03, 0x35, 0xDD,
    0x00, 0x00, 0x2E, 0xFB, 0x00, 0x00, 0x0E, 0xFB, 0x00, 0x00, 0x00, 0xFA, 0x00, 0x00, 0x09, 0xFB,
    0x00, 0x00, 0x2C, 0xFC, 0x03, 0x03, 0x35, 0xE6, 0x00, 0x00, 0x34, 0x77, 0x00, 0x00, 0x34, 0x05,
    0x00, 0x00, 0x00, 0x00, 0x00, 0x00, 0x00, 0x00, 0x00, 0x00, 0x00, 0x00, 0x00, 0x00, 0x00, 0x00,
    0x00, 0x00, 0x00, 0x00, 0x00, 0x00, 0x00, 0x00, 0x00, 0x00, 0x00, 0x00, 0x00, 0x00, 0x00, 0x00,
    0x00, 0x00, 0x00, 0x00, 0x00, 0x00, 0x00, 0x00, 0x00, 0x00, 0x00, 0x00, 0x00, 0x00, 0x00, 0x00,
    0x00, 0x00, 0x00, 0x00, 0x00, 0x00, 0x00, 0x00, 0x00, 0x00, 0x00, 0x00, 0x00, 0x00, 0x00, 0x00,
    0x00, 0x00, 0x00, 0x00, 0x00, 0x00, 0x00, 0x00, 0x00, 0x00, 0x00, 0x00, 0x00, 0x00, 0x00, 0x00,
    0x00, 0x00, 0x00, 0x00, 0x00, 0x00, 0x00, 0x00, 0x00, 0x00, 0x00, 0x00, 0x00, 0x00, 0x00, 0x00,
    0x00, 0x00, 0x00, 0x00, 0x00, 0x00, 0x00, 0x00, 0x00, 0x00, 0x00, 0x00, 0x00, 0x00, 0x00, 0x00,
    0x00, 0x00, 0x00, 0x00, 0x00, 0x00, 0x00, 0x00, 0x00, 0x00, 0x00, 0x00, 0x00, 0x00, 0x00, 0x00,
    0x00, 0x00, 0x00, 0x00, 0x00, 0x00, 0x00, 0x00, 0x00, 0x00, 0x00, 0x00, 0x00, 0x00, 0x00, 0x00,
    0x00, 0x00, 0x00, 0x00, 0x00, 0x00, 0x00, 0x00, 0x00, 0x00, 0x00, 0x00, 0x00, 0x00, 0x00, 0x00,
    0x00, 0x00, 0x00, 0x00, 0x00, 0x00, 0x00, 0x00, 0x00, 0x00, 0x00, 0x00, 0x00, 0x00, 0x00, 0x00,
    0x00, 0x00, 0x00, 0x00, 0x00, 0x00, 0x00, 0x00, 0x00, 0x00, 0x00, 0x00, 0x00, 0x00, 0x00, 0x00,
    0x00, 0x00, 0x00, 0x00, 0x00, 0x00, 0x00, 0x00, 0x00, 0x00, 0x00, 0x00, 0x00, 0x00, 0x00, 0x00,
    0x00, 0x00, 0x00, 0x00, 0x00, 0x00, 0x00, 0x00, 0x00, 0x00, 0x00, 0x00, 0x00, 0x00, 0x00, 0x00,
    0x00, 0x00, 0x00, 0x00, 0x00, 0x00, 0x00, 0x00, 0x00, 0x00, 0x00, 0x00, 0x00, 0x00, 0x00, 0x00,
    0x00, 0x00, 0x00, 0x00, 0x00, 0x00, 0x00, 0x00, 0x00, 0x00, 0x00, 0x00, 0x00, 0x00, 0x00, 0x00,
    0x00, 0x00, 0x00, 0x00, 0x00, 0x00, 0x00, 0x00, 0x00, 0x00, 0x00, 0x00, 0x00, 0x00, 0x00, 0x00,
    0x00, 0x00, 0x00, 0x00, 0x00, 0x00, 0x00, 0x00, 0x00, 0x00, 0x00, 0x00, 0x00, 0x00, 0x00, 0x00,
    0x00, 0x00, 0x00, 0x00, 0x00, 0x00, 0x00, 0x00, 0x00, 0x00, 0x00, 0x00, 0x00, 0x00, 0x00, 0x00,
    0x00, 0x00, 0x00, 0x00, 0x00, 0x00, 0x00, 0x00, 0x00, 0x00, 0x00, 0x00, 0x00, 0x00, 0x00, 0x00,
    0x00, 0x00, 0x00, 0x00, 0x00, 0x00, 0x00, 0x00, 0x00, 0x00, 0x00, 0x00, 0x00, 0x00, 0x00, 0x00,
    0x00, 0x00, 0x00, 0x00, 0x00, 0x00, 0x00, 0x00, 0x00, 0x00, 0x00, 0x00, 0x00, 0x00, 0x00, 0x00,
    0x00, 0x00, 0x00, 0x00, 0x00, 0x00, 0x00, 0x00, 0x00, 0x00, 0x00, 0x00, 0x00, 0x00, 0x00, 0x00,
    0x00, 0x00, 0x00, 0x00, 0x00, 0x00, 0x00, 0x00, 0x00, 0x00, 0x00, 0x00, 0x00, 0x00, 0x00, 0x00,
    0x00, 0x00, 0x00, 0x00, 0x00, 0x00, 0x00, 0x00, 0x00, 0x00, 0x00, 0x00, 0x00, 0x00, 0x00, 0x00,
    0x00, 0x00, 0x00, 0x00, 0x00, 0x00, 0x00, 0x00, 0x00, 0x00, 0x00, 0x00, 0x00, 0x00, 0x00, 0x00,
    0x00, 0x00, 0x00, 0x00, 0x00, 0x00, 0x00, 0x00, 0x00, 0x00, 0x00, 0x00, 0x00, 0x00, 0x00, 0x00,
    0x00, 0x00, 0x00, 0x00, 0x00, 0x00, 0x00, 0x00, 0x00, 0x00, 0x00, 0x00, 0x00, 0x00, 0x00, 0x00,
    0x00, 0x00, 0x00, 0x00, 0x00, 0x00, 0x00, 0x00, 0x00, 0x00, 0x00, 0x00, 0x00, 0x00, 0x00, 0x00,
    0x00, 0x00, 0x00, 0x00, 0x00, 0x00, 0x00, 0x00, 0x00, 0x00, 0x00, 0x00, 0x00, 0x00, 0x00, 0x00,
    0x00, 0x00, 0x00, 0x00, 0x00, 0x00, 0x00, 0x00, 0x00, 0x00, 0x00, 0x00, 0x00, 0x00, 0x00, 0x00,
    0x00, 0x00, 0x00, 0x00, 0x00, 0x00, 0x00, 0x00, 0x00, 0x00, 0x00, 0x00, 0x00, 0x00, 0x00, 0x00,
    0x00, 0x00, 0x00, 0x00, 0x00, 0x00, 0x00, 0x00, 0x00, 0x00, 0x00, 0x00, 0x00, 0x00, 0x00, 0x00,
    0x00, 0x00, 0x00, 0x00, 0x00, 0x00, 0x00, 0x00, 0x00, 0x00, 0x00, 0x00, 0x00, 0x00, 0x00, 0x00,
    0x00, 0x00, 0x00, 0x00, 0x00, 0x00, 0x00, 0x00, 0x00, 0x00, 0x00, 0x00, 0x00, 0x00, 0x00, 0x00,
    0x00, 0x00, 0x00, 0x00, 0x00, 0x00, 0x00, 0x00, 0x00, 0x00, 0x00, 0x00, 0x00, 0x00, 0x00, 0x00,
    0x00, 0x00, 0x00, 0x00, 0x00, 0x00, 0x00, 0x00, 0x00, 0x00, 0x00, 0x00, 0x00, 0x00, 0x00, 0x00,
    0x00, 0x00, 0x00, 0x00, 0x00, 0x00, 0x00, 0x00, 0x00, 0x00, 0x00, 0x00, 0x00, 0x00, 0x00, 0x00,
    0x00, 0x00, 0x00, 0x00, 0x00, 0x00, 0x00, 0x00, 0x00, 0x00, 0x00, 0x00, 0x00, 0x00, 0x00, 0x00,
    0x00, 0x00, 0x00, 0x00, 0x00, 0x00, 0x00, 0x00, 0x00, 0x00, 0x00, 0x00, 0x00, 0x00, 0x00, 0x00,
    0x00, 0x00, 0x00, 0x00, 0x00, 0x00, 0x00, 0x00, 0x00, 0x00, 0x00, 0x00, 0x00, 0x00, 0x00, 0x00,
    0x00, 0x00, 0x00, 0x00, 0x00, 0x00, 0x00, 0x00, 0x00, 0x00, 0x00, 0x00, 0x00, 0x00, 0x00, 0x00,
    0x00, 0x00, 0x00, 0x00, 0x00, 0x00, 0x00, 0x00, 0x00, 0x00, 0x00, 0x00, 0x00, 0x00, 0x00, 0x00,
    0x00, 0x00, 0x00, 0x00, 0x00, 0x00, 0x00, 0x00, 0x00, 0x00, 0x00, 0x00, 0x00, 0x00, 0x00, 0x00,
    0x00, 0x00, 0x00, 0x00, 0x00, 0x00, 0x00, 0x00, 0x00, 0x00, 0x00, 0x00, 0x00, 0x00, 0x00, 0x00,
    0x00, 0x00, 0x00, 0x00, 0x00, 0x00, 0x00, 0x00, 0x00, 0x00, 0x00, 0x00, 0x00, 0x00, 0x00, 0x00,
    0x00, 0x00, 0x00, 0x00, 0x00, 0x00, 0x00, 0x00, 0x00, 0x00, 0x00, 0x00, 0x00, 0x00, 0x00, 0x00,
    0x00, 0x00, 0x00, 0x00, 0x00, 0x00, 0x00, 0x00, 0x00, 0x00, 0x00, 0x00, 0x00, 0x00, 0x00, 0x00,
    0x00, 0x00, 0x00, 0x00, 0x00, 0x00, 0x00, 0x00, 0x00, 0x00, 0x00, 0x00, 0x00, 0x00, 0x00, 0x00,
    0x00, 0x00, 0x00, 0x00, 0x00, 0x00, 0x00, 0x00, 0x00, 0x00, 0x00, 0x00, 0x00, 0x00, 0x00, 0x00,
    0x00, 0x00, 0x00, 0x00, 0x00, 0x00, 0x00, 0x00, 0x00, 0x00, 0x00, 0x00, 0x00, 0x00, 0x00, 0x00,
    0x00, 0x00, 0x00, 0x00, 0x00, 0x00, 0x00, 0x00, 0x00, 0x00, 0x00, 0x00, 0x00, 0x00, 0x00, 0x00,
    0x00, 0x00, 0x00, 0x00, 0x00, 0x00, 0x00, 0x00, 0x00, 0x00, 0x00, 0x00, 0x00, 0x00, 0x00, 0x00,
    0x00, 0x00, 0x00, 0x00, 0x00, 0x00, 0x00, 0x00, 0x00, 0x00, 0x00, 0x00, 0x00, 0x00, 0x00, 0x00,
    0x00, 0x00, 0x00, 0x00, 0x00, 0x00, 0x00, 0x00, 0x00, 0x00, 0x00, 0x00, 0x00, 0x00, 0x00, 0x00,
    0x00, 0x00, 0x00, 0x00, 0x00, 0x00, 0x00, 0x00, 0x00, 0x00, 0x00, 0x00, 0x00, 0x00, 0x00, 0x00,
    0x00, 0x00, 0x00, 0x00, 0x00, 0x00, 0x00, 0x00, 0x00, 0x00, 0x00, 0x00, 0x00, 0x00, 0x00, 0x00,
    0x00, 0x00, 0x00, 0x00, 0x00, 0x00, 0x00, 0x00, 0x00, 0x00, 0x00, 0x00, 0x00, 0x00, 0x00, 0x00,
    0x00, 0x00, 0x00, 0x00, 0x00, 0x00, 0x00, 0x00, 0x00, 0x00, 0x00, 0x00, 0x00, 0x00, 0x00, 0x00,
    0x00, 0x00, 0x00, 0x00, 0x00, 0x00, 0x00, 0x00, 0x00, 0x00, 0x00, 0x00, 0x00, 0x00, 0x00, 0x00,
    0x00, 0x00, 0x00, 0x00, 0x00, 0x00, 0x00, 0x00, 0x00, 0x00, 0x00, 0x00, 0x00, 0x00, 0x00, 0x00,
    0x00, 0x00, 0x00, 0x00, 0x00, 0x00, 0x00, 0x00, 0x00, 0x00, 0x00, 0x00, 0x00, 0x00, 0x00, 0x00,
    0x00, 0x00, 0x00, 0x00, 0x00, 0x00, 0x00, 0x00, 0x00, 0x00, 0x00, 0x00, 0x00, 0x00, 0x00, 0x00,
    0x00, 0x00, 0x00, 0x00, 0x00, 0x00, 0x00, 0x00, 0x00, 0x00, 0x00, 0x00, 0x00, 0x00, 0x00, 0x00,
    0x00, 0x00, 0x00, 0x00, 0x00, 0x00, 0x00, 0x00, 0x00, 0x00, 0x00, 0x00, 0x00, 0x00, 0x00, 0x00,
    0x00, 0x00, 0x00, 0x00, 0x00, 0x00, 0x00, 0x00, 0x00, 0x00, 0x00, 0x00, 0x00, 0x00, 0x00, 0x00,
    0x00, 0x00, 0x00, 0x00, 0x00, 0x00, 0x00, 0x00, 0x00, 0x00, 0x00, 0x00, 0x00, 0x00, 0x00, 0x00,
    0x00, 0x00, 0x00, 0x00, 0x00, 0x00, 0x00, 0x00, 0x00, 0x00, 0x00, 0x00, 0x00, 0x00, 0x00, 0x00,
    0x00, 0x00, 0x00, 0x00, 0x00, 0x00, 0x00, 0x00, 0x00, 0x00, 0x00, 0x00, 0x00, 0x00, 0x00, 0x00,
    0x00, 0x00, 0x00, 0x00, 0x00, 0x00, 0x00, 0x00, 0x00, 0x00, 0x00, 0x00, 0x00, 0x00, 0x00, 0x00,
    0x00, 0x00, 0x00, 0x00, 0x00, 0x00, 0x00, 0x00, 0x00, 0x00, 0x00, 0x00, 0x00, 0x00, 0x00, 0x00,
    0x00, 0x00, 0x00, 0x00, 0x00, 0x00, 0x00, 0x00, 0x00, 0x00, 0x00, 0x00, 0x00, 0x00, 0x34, 0x4B,
    0x00, 0x00, 0x34, 0xCE, 0x00, 0x00, 0x34, 0xF9, 0x00, 0x00, 0x34, 0xFC, 0x00, 0x00, 0x34, 0xFB,
    0x00, 0x00, 0x34, 0xD9, 0x00, 0x00, 0x34, 0x5F, 0x00, 0x00, 0x00, 0x00, 0x00, 0x00, 0x00, 0x00,
    0x00, 0x00, 0x00, 0x00, 0x00, 0x00, 0x00, 0x00, 0x00, 0x00, 0x00, 0x00, 0x00, 0x00, 0x00, 0x00,
    0x00, 0x00, 0x00, 0x00, 0x00, 0x00, 0x00, 0x00, 0x00, 0x00, 0x00, 0x00, 0x00, 0x00, 0x00, 0x00,
    0x00, 0x00, 0x00, 0x00, 0x00, 0x00, 0x00, 0x00, 0x00, 0x00, 0x00, 0x00, 0x00, 0x00, 0x00, 0x00,
    0x00, 0x00, 0x00, 0x00, 0x00, 0x00, 0x00, 0x00, 0x00, 0x00, 0x00, 0x00, 0x00, 0x00, 0x00, 0x00,
    0x00, 0x00, 0x00, 0x00, 0x00, 0x00, 0x00, 0x00, 0x00, 0x00, 0x00, 0x00, 0x00, 0x00, 0x00, 0x00,
    0x00, 0x00, 0x00, 0x00, 0x00, 0x00, 0x00, 0x00, 0x00, 0x00, 0x00, 0x00, 0x00, 0x00, 0x00, 0x00,
    0x00, 0x00, 0x00, 0x00, 0x00, 0x00, 0x00, 0x00, 0x00, 0x00, 0x00, 0x00, 0x00, 0x00, 0x00, 0x00,
    0x00, 0x00, 0x00, 0x00, 0x00, 0x00, 0x00, 0x00, 0x00, 0x00, 0x00, 0x00, 0x00, 0x00, 0x00, 0x00,
    0x00, 0x00, 0x00, 0x00, 0x00, 0x00, 0x00, 0x00, 0x00, 0x00, 0x00, 0x00, 0x00, 0x00, 0x00, 0x00,
    0x00, 0x00, 0x00, 0x00, 0x00, 0x00, 0x00, 0x00, 0x00, 0x00, 0x00, 0x00, 0x00, 0x00, 0x00, 0x00,
    0x00, 0x00, 0x00, 0x00, 0x00, 0x00, 0x00, 0x00, 0x00, 0x00, 0x00, 0x00, 0x00, 0x00, 0x00, 0x00,
    0x00, 0x00, 0x00, 0x00, 0x00, 0x00, 0x00, 0x00, 0x00, 0x00, 0x00, 0x00, 0x00, 0x00, 0x00, 0x00,
    0x00, 0x00, 0x00, 0x00, 0x00, 0x00, 0x00, 0x00, 0x00, 0x00, 0x00, 0x00, 0x00, 0x00, 0x00, 0x00,
    0x00, 0x00, 0x00, 0x00, 0x00, 0x00, 0x00, 0x00, 0x00, 0x00, 0x00, 0x00, 0x00, 0x00, 0x00, 0x00,
    0x00, 0x00, 0x00, 0x00, 0x00, 0x00, 0x00, 0x00, 0x00, 0x00, 0x00, 0x00, 0x00, 0x00, 0x00, 0x00,
    0x00, 0x00, 0x00, 0x00, 0x00, 0x00, 0x00, 0x00, 0x00, 0x00, 0x00, 0x00, 0x00, 0x00, 0x00, 0x00,
    0x00, 0x00, 0x00, 0x00, 0x00, 0x00, 0x00, 0x00, 0x00, 0x00, 0x00, 0x00, 0x00, 0x00, 0x00, 0x00,
    0x00, 0x00, 0x00, 0x00, 0x00, 0x00, 0x00, 0x00, 0x00, 0x00, 0x00, 0x00, 0x00, 0x00, 0x00, 0x00,
    0x00, 0x00, 0x00, 0x00, 0x00, 0x00, 0x00, 0x00, 0x00, 0x00, 0x00, 0x00, 0x00, 0x00, 0x00, 0x00,
    0x00, 0x00, 0x00, 0x00, 0x00, 0x00, 0x00, 0x00, 0x00, 0x00, 0x00, 0x00, 0x00, 0x00, 0x00, 0x00,
    0x00, 0x00, 0x00, 0x00, 0x00, 0x00, 0x00, 0x00, 0x00, 0x00, 0x00, 0x00, 0x00, 0x00, 0x00, 0x00,
    0x00, 0x00, 0x00, 0x00, 0x00, 0x00, 0x00, 0x00, 0x00, 0x00, 0x00, 0x00, 0x00, 0x00, 0x00, 0x00,
    0x00, 0x00, 0x00, 0x00, 0x00, 0x00, 0x00, 0x00, 0x00, 0x00, 0x00, 0x00, 0x00, 0x00, 0x00, 0x00,
    0x00, 0x00, 0x00, 0x00, 0x00, 0x00, 0x00, 0x00, 0x00, 0x00, 0x00, 0x00, 0x00, 0x00, 0x00, 0x00,
    0x00, 0x00, 0x00, 0x00, 0x00, 0x00, 0x00, 0x00, 0x00, 0x00, 0x00, 0x00, 0x00, 0x00, 0x00, 0x00,
    0x00, 0x00, 0x00, 0x00, 0x00, 0x00, 0x00, 0x00, 0x00, 0x00, 0x00, 0x00, 0x00, 0x00, 0x00, 0x00,
    0x00, 0x00, 0x00, 0x00, 0x00, 0x00, 0x00, 0x00, 0x00, 0x00, 0x00, 0x00, 0x00, 0x00, 0x00, 0x00,
    0x00, 0x00, 0x00, 0x00, 0x00, 0x00, 0x00, 0x00, 0x00, 0x00, 0x00, 0x00, 0x00, 0x00, 0x00, 0x00,
    0x00, 0x00, 0x00, 0x00, 0x00, 0x00, 0x00, 0x00, 0x00, 0x00, 0x00, 0x00, 0x00, 0x00, 0x00, 0x00,
    0x00, 0x00, 0x00, 0x00, 0x00, 0x00, 0x00, 0x00, 0x00, 0x00, 0x00, 0x00, 0x00, 0x00, 0x00, 0x00,
    0x00, 0x00, 0x00, 0x00, 0x00, 0x00, 0x00, 0x00, 0x00, 0x00, 0x00, 0x00, 0x00, 0x00, 0x00, 0x00,
    0x00, 0x00, 0x00, 0x00, 0x00, 0x00, 0x00, 0x00, 0x00, 0x00, 0x00, 0x00, 0x00, 0x00, 0x00, 0x00,
    0x00, 0x00, 0x00, 0x00, 0x00, 0x00, 0x00, 0x00, 0x00, 0x00, 0x00, 0x00, 0x00, 0x00, 0x00, 0x00,
    0x00, 0x00, 0x00, 0x00, 0x00, 0x00, 0x00, 0x00, 0x00, 0x00, 0x00, 0x00, 0x00, 0x00, 0x00, 0x00,
    0x00, 0x00, 0x00, 0x00, 0x00, 0x00, 0x00, 0x00, 0x00, 0x00, 0x00, 0x00, 0x00, 0x00, 0x00, 0x00,
    0x00, 0x00, 0x00, 0x00, 0x00, 0x00, 0x00, 0x00, 0x00, 0x00, 0x00, 0x00, 0x00, 0x00, 0x00, 0x00,
    0x00, 0x00, 0x00, 0x00, 0x00, 0x00, 0x00, 0x00, 0x00, 0x00, 0x00, 0x00, 0x00, 0x00, 0x00, 0x00,
    0x00, 0x00, 0x00, 0x00, 0x00, 0x00, 0x00, 0x00, 0x00, 0x00, 0x00, 0x00, 0x00, 0x00, 0x00, 0x00,
    0x00, 0x00, 0x00, 0x00, 0x00, 0x00, 0x00, 0x00, 0x00, 0x00, 0x00, 0x00, 0x00, 0x00, 0x00, 0x00,
    0x00, 0x00, 0x00, 0x00, 0x00, 0x00, 0x00, 0x00, 0x00, 0x00, 0x00, 0x00, 0x00, 0x00, 0x00, 0x00,
    0x00, 0x00, 0x00, 0x00, 0x00, 0x00, 0x00, 0x00, 0x00, 0x00, 0x00, 0x00, 0x00, 0x00, 0x00, 0x00,
    0x00, 0x00, 0x00, 0x00, 0x00, 0x00, 0x00, 0x00, 0x00, 0x00, 0x00, 0x00, 0x00, 0x00, 0x00, 0x00,
    0x00, 0x00, 0x00, 0x00, 0x00, 0x00, 0x00, 0x00, 0x00, 0x00, 0x00, 0x00, 0x00, 0x00, 0x00, 0x00,
    0x00, 0x00, 0x00, 0x00, 0x00, 0x00, 0x00, 0x00, 0x00, 0x00, 0x00, 0x00, 0x00, 0x00, 0x00, 0x00,
    0x00, 0x00, 0x00, 0x00, 0x00, 0x00, 0x00, 0x00, 0x00, 0x00, 0x00, 0x00, 0x00, 0x00, 0x00, 0x00,
    0x00, 0x00, 0x00, 0x00, 0x00, 0x00, 0x00, 0x00, 0x00, 0x00, 0x00, 0x00, 0x00, 0x00, 0x00, 0x00,
    0x00, 0x00, 0x00, 0x00, 0x00, 0x00, 0x00, 0x00, 0x00, 0x00, 0x00, 0x00, 0x00, 0x00, 0x00, 0x00,
    0x00, 0x00, 0x00, 0x00, 0x00, 0x00, 0x00, 0x00, 0x00, 0x00, 0x00, 0x00, 0x00, 0x00, 0x00, 0x00,
    0x00, 0x00, 0x00, 0x00, 0x00, 0x00, 0x00, 0x00, 0x00, 0x00, 0x00, 0x00, 0x00, 0x00, 0x00, 0x00,
    0x00, 0x00, 0x00, 0x00, 0x00, 0x00, 0x00, 0x00, 0x00, 0x00, 0x00, 0x00, 0x00, 0x00, 0x00, 0x00,
    0x00, 0x00, 0x00, 0x00, 0x00, 0x00, 0x00, 0x00, 0x00, 0x00, 0x00, 0x00, 0x00, 0x00, 0x00, 0x00,
    0x00, 0x00, 0x00, 0x00, 0x00, 0x00, 0x00, 0x00, 0x00, 0x00, 0x00, 0x00, 0x00, 0x00, 0x00, 0x00,
    0x00, 0x00, 0x00, 0x00, 0x00, 0x00, 0x00, 0x00, 0x00, 0x00, 0x00, 0x00, 0x00, 0x00, 0x00, 0x00,
    0x00, 0x00, 0x00, 0x00, 0x00, 0x00, 0x00, 0x00, 0x00, 0x00, 0x00, 0x00, 0x00, 0x00, 0x00, 0x00,
    0x00, 0x00, 0x00, 0x00, 0x00, 0x00, 0x00, 0x00, 0x00, 0x00, 0x00, 0x00, 0x00, 0x00, 0x00, 0x00,
    0x00, 0x00, 0x00, 0x00, 0x00, 0x00, 0x00, 0x00, 0x00, 0x00, 0x00, 0x00, 0x00, 0x00, 0x00, 0x00,
    0x00, 0x00, 0x00, 0x00, 0x00, 0x00, 0x00, 0x00, 0x00, 0x00, 0x00, 0x00, 0x00, 0x00, 0x00, 0x00,
    0x00, 0x00, 0x00, 0x00, 0x00, 0x00, 0x00, 0x00, 0x00, 0x00, 0x00, 0x00, 0x00, 0x00, 0x00, 0x00,
    0x00, 0x00, 0x00, 0x00, 0x00, 0x00, 0x00, 0x00, 0x00, 0x00, 0x00, 0x00, 0x00, 0x00, 0x00, 0x00,
    0x00, 0x00, 0x00, 0x00, 0x00, 0x00, 0x00, 0x00, 0x00, 0x00, 0x00, 0x00, 0x00, 0x00, 0x00, 0x00,
    0x00, 0x00, 0x00, 0x00, 0x00, 0x00, 0x00, 0x00, 0x00, 0x00, 0x00, 0x00, 0x00, 0x00, 0x00, 0x00,
    0x00, 0x00, 0x00, 0x00, 0x00, 0x00, 0x00, 0x00, 0x00, 0x00, 0x00, 0x00, 0x00, 0x00, 0x00, 0x00,
    0x00, 0x00, 0x00, 0x00, 0x00, 0x00, 0x00, 0x00, 0x00, 0x00, 0x00, 0x00, 0x00, 0x00, 0x00, 0x00,
    0x00, 0x00, 0x00, 0x00, 0x00, 0x00, 0x00, 0x00, 0x00, 0x00, 0x00, 0x00, 0x00, 0x00, 0x00, 0x00,
    0x00, 0x00, 0x00, 0x00, 0x00, 0x00, 0x00, 0x00, 0x00, 0x00, 0x00, 0x00, 0x00, 0x00, 0x00, 0x00,
    0x00, 0x00, 0x00, 0x00, 0x00, 0x00, 0x00, 0x00, 0x00, 0x00, 0x00, 0x00, 0x00, 0x00, 0x00, 0x00,
    0x00, 0x00, 0x00, 0x00, 0x00, 0x00, 0x00, 0x00, 0x00, 0x00, 0x00, 0x00, 0x00, 0x00, 0x00, 0x00,
    0x00, 0x00, 0x00, 0x00, 0x00, 0x00, 0x00, 0x00, 0x00, 0x00, 0x00, 0x00, 0x00, 0x00, 0x00, 0x00,
    0x00, 0x00, 0x00, 0x00, 0x00, 0x00, 0x00, 0x00, 0x00, 0x00, 0x00, 0x00, 0x00, 0x00, 0x00, 0x00,
    0x00, 0x00, 0x00, 0x00, 0x00, 0x00, 0x00, 0x00, 0x00, 0x00, 0x00, 0x00, 0x00, 0x00, 0x00, 0x00,
    0x00, 0x00, 0x00, 0x00, 0x00, 0x00, 0x00, 0x00, 0x00, 0x00, 0x00, 0x00, 0x00, 0x00, 0x00, 0x00,
    0x00, 0x00, 0x00, 0x00, 0x00, 0x00, 0x00, 0x00, 0x00, 0x00, 0x00, 0x00, 0x00, 0x00, 0x00, 0x00,
    0x00, 0x00, 0x34, 0x2C, 0x00, 0x00, 0x34, 0x8A, 0x00, 0x00, 0x34, 0xB2, 0x00, 0x00, 0x34, 0x93,
    0x00, 0x00, 0x34, 0x39, 0x00, 0x00, 0x00, 0x00, 0x00, 0x00, 0x00, 0x00, 0x00, 0x00, 0x00, 0x00,
    0x00, 0x00, 0x00, 0x00, 0x00, 0x00, 0x00, 0x00, 0x00, 0x00, 0x00, 0x00, 0x00, 0x00, 0x00, 0x00,
    0x00, 0x00, 0x00, 0x00, 0x00, 0x00, 0x00, 0x00, 0x00, 0x00, 0x00, 0x00, 0x00, 0x00, 0x00, 0x00,
    0x00, 0x00, 0x00, 0x00, 0x00, 0x00, 0x00, 0x00, 0x00, 0x00, 0x00, 0x00, 0x00, 0x00, 0x00, 0x00,
    0x00, 0x00, 0x00, 0x00, 0x00, 0x00, 0x00, 0x00, 0x00, 0x00, 0x00, 0x00, 0x00, 0x00, 0x00, 0x00,
    0x00, 0x00, 0x00, 0x00, 0x00, 0x00, 0x00, 0x00, 0x00, 0x00, 0x00, 0x00, 0x00, 0x00, 0x00, 0x00,
    0x00, 0x00, 0x00, 0x00, 0x00, 0x00, 0x00, 0x00, 0x00, 0x00, 0x00, 0x00, 0x00, 0x00, 0x00, 0x00,
    0x00, 0x00, 0x00, 0x00, 0x00, 0x00, 0x00, 0x00, 0x00, 0x00, 0x00, 0x00, 0x00, 0x00, 0x00, 0x00,
    0x00, 0x00, 0x00, 0x00, 0x00, 0x00, 0x00, 0x00, 0x00, 0x00, 0x00, 0x00, 0x00, 0x00, 0x00, 0x00,
    0x00, 0x00, 0x00, 0x00, 0x00, 0x00, 0x00, 0x00, 0x00, 0x00, 0x00, 0x00, 0x00, 0x00, 0x00, 0x00,
    0x00, 0x00, 0x00, 0x00, 0x00, 0x00, 0x00, 0x00, 0x00, 0x00, 0x00, 0x00, 0x00, 0x00, 0x00, 0x00,
    0x00, 0x00, 0x00, 0x00, 0x00, 0x00, 0x00, 0x00, 0x00, 0x00, 0x00, 0x00, 0x00, 0x00, 0x00, 0x00,
    0x00, 0x00, 0x00, 0x00, 0x00, 0x00, 0x00, 0x00, 0x00, 0x00, 0x00, 0x00, 0x00, 0x00, 0x00, 0x00,
    0x00, 0x00, 0x00, 0x00, 0x00, 0x00, 0x00, 0x00, 0x00, 0x00, 0x00, 0x00, 0x00, 0x00, 0x00, 0x00,
    0x00, 0x00, 0x00, 0x00, 0x00, 0x00, 0x00, 0x00, 0x00, 0x00, 0x00, 0x00, 0x00, 0x00, 0x00, 0x00,
    0x00, 0x00, 0x00, 0x00, 0x00, 0x00, 0x00, 0x00, 0x00, 0x00, 0x00, 0x00, 0x00, 0x00, 0x00, 0x00,
    0x00, 0x00, 0x00, 0x00, 0x00, 0x00, 0x00, 0x00, 0x00, 0x00, 0x00, 0x00, 0x00, 0x00, 0x00, 0x00,
    0x00, 0x00, 0x00, 0x00, 0x00, 0x00, 0x00, 0x00, 0x00, 0x00, 0x00, 0x00, 0x00, 0x00, 0x00, 0x00,
    0x00, 0x00, 0x00, 0x00, 0x00, 0x00, 0x00, 0x00, 0x00, 0x00, 0x00, 0x00, 0x00, 0x00, 0x00, 0x00,
    0x00, 0x00, 0x00, 0x00, 0x00, 0x00, 0x00, 0x00, 0x00, 0x00, 0x00, 0x00, 0x00, 0x00, 0x00, 0x00,
    0x00, 0x00, 0x00, 0x00, 0x00, 0x00, 0x00, 0x00, 0x00, 0x00, 0x00, 0x00, 0x00, 0x00, 0x00, 0x00,
    0x00, 0x00, 0x00, 0x00, 0x00, 0x00, 0x00, 0x00, 0x00, 0x00, 0x00, 0x00, 0x00, 0x00, 0x00, 0x00,
    0x00, 0x00, 0x00, 0x00, 0x00, 0x00, 0x00, 0x00, 0x00, 0x00, 0x00, 0x00, 0x00, 0x00, 0x00, 0x00,
    0x00, 0x00, 0x00, 0x00, 0x00, 0x00, 0x00, 0x00, 0x00, 0x00, 0x00, 0x00, 0x00, 0x00, 0x00, 0x00,
    0x00, 0x00, 0x00, 0x00, 0x00, 0x00, 0x00, 0x00, 0x00, 0x00, 0x00, 0x00, 0x00, 0x00, 0x00, 0x00,
    0x00, 0x00, 0x00, 0x00, 0x00, 0x00, 0x00, 0x00, 0x00, 0x00, 0x00, 0x00, 0x00, 0x00, 0x00, 0x00,
    0x00, 0x00, 0x00, 0x00, 0x00, 0x00, 0x00, 0x00, 0x00, 0x00, 0x00, 0x00, 0x00, 0x00, 0x00, 0x00,
    0x00, 0x00, 0x00, 0x00, 0x00, 0x00, 0x00, 0x00, 0x00, 0x00, 0x00, 0x00, 0x00, 0x00, 0x00, 0x00,
    0x00, 0x00, 0x00, 0x00, 0x00, 0x00, 0x00, 0x00, 0x00, 0x00, 0x00, 0x00, 0x00, 0x00, 0x00, 0x00,
    0x00, 0x00, 0x00, 0x00, 0x00, 0x00, 0x00, 0x00, 0x00, 0x00, 0x00, 0x00, 0x00, 0x00, 0x00, 0x00,
    0x00, 0x00, 0x00, 0x00, 0x00, 0x00, 0x00, 0x00, 0x00, 0x00, 0x00, 0x00, 0x00, 0x00, 0x00, 0x00,
    0x00, 0x00, 0x00, 0x00, 0x00, 0x00, 0x00, 0x00, 0x00, 0x00, 0x00, 0x00, 0x00, 0x00, 0x00, 0x00,
    0x00, 0x00, 0x00, 0x00, 0x00, 0x00, 0x00, 0x00, 0x00, 0x00, 0x00, 0x00, 0x00, 0x00, 0x00, 0x00,
    0x00, 0x00, 0x00, 0x00, 0x00, 0x00, 0x00, 0x00, 0x00, 0x00, 0x00, 0x00, 0x00, 0x00, 0x00, 0x00,
    0x00, 0x00, 0x00, 0x00, 0x00, 0x00, 0x00, 0x00, 0x00, 0x00, 0x00, 0x00, 0x00, 0x00, 0x00, 0x00,
    0x00, 0x00, 0x00, 0x00, 0x00, 0x00, 0x00, 0x00, 0x00, 0x00, 0x00, 0x00, 0x00, 0x00, 0x00, 0x00,
    0x00, 0x00, 0x00, 0x00, 0x00, 0x00, 0x00, 0x00, 0x00, 0x00, 0x00, 0x00, 0x00, 0x00, 0x00, 0x00,
    0x00, 0x00, 0x00, 0x00, 0x00, 0x00, 0x00, 0x00, 0x00, 0x00, 0x00, 0x00, 0x00, 0x00, 0x00, 0x00,
    0x00, 0x00, 0x00, 0x00, 0x00, 0x00, 0x00, 0x00, 0x00, 0x00, 0x00, 0x00, 0x00, 0x00, 0x00, 0x00,
    0x00, 0x00, 0x00, 0x00, 0x00, 0x00, 0x00, 0x00, 0x00, 0x00, 0x00, 0x00, 0x00, 0x00, 0x00, 0x00,
    0x00, 0x00, 0x00, 0x00, 0x00, 0x00, 0x00, 0x00, 0x00, 0x00, 0x00, 0x00, 0x00, 0x00, 0x00, 0x00,
    0x00, 0x00, 0x00, 0x00, 0x00, 0x00, 0x00, 0x00, 0x00, 0x00, 0x00, 0x00, 0x00, 0x00, 0x00, 0x00,
    0x00, 0x00, 0x00, 0x00, 0x00, 0x00, 0x00, 0x00, 0x00, 0x00, 0x00, 0x00, 0x00, 0x00, 0x00, 0x00,
    0x00, 0x00, 0x00, 0x00, 0x00, 0x00, 0x00, 0x00, 0x00, 0x00, 0x00, 0x00, 0x00, 0x00, 0x00, 0x00,
    0x00, 0x00, 0x00, 0x00, 0x00, 0x00, 0x00, 0x00, 0x00, 0x00, 0x00, 0x00, 0x00, 0x00, 0x00, 0x00,
    0x00, 0x00, 0x00, 0x00, 0x00, 0x00, 0x00, 0x00, 0x00, 0x00, 0x00, 0x00, 0x00, 0x00, 0x00, 0x00,
    0x00, 0x00, 0x00, 0x00, 0x00, 0x00, 0x00, 0x00, 0x00, 0x00, 0x00, 0x00, 0x00, 0x00, 0x00, 0x00,
    0x00, 0x00, 0x00, 0x00, 0x00, 0x00, 0x00, 0x00, 0x00, 0x00, 0x00, 0x00, 0x00, 0x00, 0x00, 0x00,
    0x00, 0x00, 0x00, 0x00, 0x00, 0x00, 0x00, 0x00, 0x00, 0x00, 0x00, 0x00, 0x00, 0x00, 0x00, 0x00,
    0x00, 0x00, 0x00, 0x00, 0x00, 0x00, 0x00, 0x00, 0x00, 0x00, 0x00, 0x00, 0x00, 0x00, 0x00, 0x00,
    0x00, 0x00, 0x00, 0x00, 0x00, 0x00, 0x00, 0x00, 0x00, 0x00, 0x00, 0x00, 0x00, 0x00, 0x00, 0x00,
    0x00, 0x00, 0x00, 0x00, 0x00, 0x00, 0x00, 0x00, 0x00, 0x00, 0x00, 0x00, 0x00, 0x00, 0x00, 0x00,
    0x00, 0x00, 0x00, 0x00, 0x00, 0x00, 0x00, 0x00, 0x00, 0x00, 0x00, 0x00, 0x00, 0x00, 0x00, 0x00,
    0x00, 0x00, 0x00, 0x00, 0x00, 0x00, 0x00, 0x00, 0x00, 0x00, 0x00, 0x00, 0x00, 0x00, 0x00, 0x00,
    0x00, 0x00, 0x00, 0x00, 0x00, 0x00, 0x00, 0x00, 0x00, 0x00, 0x00, 0x00, 0x00, 0x00, 0x00, 0x00,
    0x00, 0x00, 0x00, 0x00, 0x00, 0x00, 0x00, 0x00, 0x00, 0x00, 0x00, 0x00, 0x00, 0x00, 0x00, 0x00,
    0x00, 0x00, 0x00, 0x00, 0x00, 0x00, 0x00, 0x00, 0x00, 0x00, 0x00, 0x00, 0x00, 0x00, 0x00, 0x00,
    0x00, 0x00, 0x00, 0x00, 0x00, 0x00, 0x00, 0x00, 0x00, 0x00, 0x00, 0x00, 0x00, 0x00, 0x00, 0x00,
    0x00, 0x00, 0x00, 0x00, 0x00, 0x00, 0x00, 0x00, 0x00, 0x00, 0x00, 0x00, 0x00, 0x00, 0x00, 0x00,
    0x00, 0x00, 0x00, 0x00, 0x00, 0x00, 0x00, 0x00, 0x00, 0x00, 0x00, 0x00, 0x00, 0x00, 0x00, 0x00,
    0x00, 0x00, 0x00, 0x00, 0x00, 0x00, 0x00, 0x00, 0x00, 0x00, 0x00, 0x00, 0x00, 0x00, 0x00, 0x00,
    0x00, 0x00, 0x00, 0x00, 0x00, 0x00, 0x00, 0x00, 0x00, 0x00, 0x00, 0x00, 0x00, 0x00, 0x00, 0x00,
    0x00, 0x00, 0x00, 0x00, 0x00, 0x00, 0x00, 0x00, 0x00, 0x00, 0x00, 0x00, 0x00, 0x00, 0x00, 0x00,
    0x00, 0x00, 0x00, 0x00, 0x00, 0x00, 0x00, 0x00, 0x00, 0x00, 0x00, 0x00, 0x00, 0x00, 0x00, 0x00,
    0x00, 0x00, 0x00, 0x00, 0x00, 0x00, 0x00, 0x00, 0x00, 0x00, 0x00, 0x00, 0x00, 0x00, 0x00, 0x00,
    0x00, 0x00, 0x00, 0x00, 0x00, 0x00, 0x00, 0x00, 0x00, 0x00, 0x00, 0x00, 0x00, 0x00, 0x00, 0x00,
    0x00, 0x00, 0x00, 0x00, 0x00, 0x00, 0x00, 0x00, 0x00, 0x00, 0x00, 0x00, 0x00, 0x00, 0x00, 0x00,
    0x00, 0x00, 0x00, 0x00, 0x00, 0x00, 0x00, 0x00, 0x00, 0x00, 0x00, 0x00, 0x00, 0x00, 0x00, 0x00,
    0x00, 0x00, 0x00, 0x00, 0x00, 0x00, 0x00, 0x00, 0x00, 0x00, 0x00, 0x00, 0x00, 0x00, 0x00, 0x00,
    0x00, 0x00, 0x00, 0x00, 0x00, 0x00, 0x00, 0x00, 0x00, 0x00, 0x00, 0x00, 0x00, 0x00, 0x00, 0x00,
    0x00, 0x00, 0x00, 0x00, 0x00, 0x00, 0x00, 0x00, 0x00, 0x00, 0x00, 0x00, 0x00, 0x00, 0x00, 0x00,
    0x00, 0x00, 0x00, 0x00, 0x00, 0x00, 0x00, 0x00, 0x00, 0x00, 0x00, 0x00, 0x00, 0x00, 0x00, 0x00,
    0x00, 0x00, 0x00, 0x00, 0x00, 0x00, 0x00, 0x00, 0x00, 0x00, 0x00, 0x00, 0x00, 0x00, 0x00, 0x00,
    0x00, 0x00, 0x00, 0x00, 0x00, 0x00, 0x00, 0x00, 0x00, 0x00, 0x00, 0x00, 0x00, 0x00, 0x00, 0x00,
    0x00, 0x00, 0x00, 0x00, 0x00, 0x00, 0x00, 0x00, 0x00, 0x00, 0x00, 0x00, 0x00, 0x00, 0x00, 0x00,
    0x00, 0x00, 0x00, 0x00, 0x00, 0x00, 0x00, 0x00, 0x00, 0x00, 0x00, 0x00, 0x00, 0x00, 0x00, 0x00,
    0x00, 0x00, 0x00, 0x00, 0x00, 0x00, 0x00, 0x00, 0x00, 0x00, 0x00, 0x00, 0x00, 0x00, 0x00, 0x00,
    0x00, 0x00, 0x00, 0x00, 0x00, 0x00, 0x00, 0x00, 0x00, 0x00, 0x00, 0x00, 0x00, 0x00, 0x00, 0x00,
    0x00, 0x00, 0x00, 0x00, 0x00, 0x00, 0x00, 0x00, 0x00, 0x00, 0x00, 0x00, 0x00, 0x00, 0x00, 0x00,
    0x00, 0x00, 0x00, 0x00, 0x00, 0x00, 0x00, 0x00, 0x00, 0x00, 0x00, 0x00, 0x00, 0x00, 0x00, 0x00,
    0x00, 0x00, 0x00, 0x00, 0x00, 0x00, 0x00, 0x00, 0x00, 0x00, 0x00, 0x00, 0x00, 0x00, 0x00, 0x00,
    0x00, 0x00, 0x00, 0x00, 0x00, 0x00, 0x00, 0x00, 0x00, 0x00, 0x00, 0x00, 0x00, 0x00, 0x00, 0x00,
    0x00, 0x00, 0x00, 0x00, 0x00, 0x00, 0x00, 0x00, 0x00, 0x00, 0x00, 0x00, 0x00, 0x00, 0x00, 0x00,
    0x00, 0x00, 0x00, 0x00, 0x00, 0x00, 0x00, 0x00, 0x00, 0x00, 0x00, 0x00, 0x00, 0x00, 0x00, 0x00,
    0x00, 0x00, 0x00, 0x00, 0x00, 0x00, 0x00, 0x00, 0x00, 0x00, 0x00, 0x00, 0x00, 0x00, 0x00, 0x00,
    0x00, 0x00, 0x00, 0x00, 0x00, 0x00, 0x00, 0x00, 0x00, 0x00, 0x00, 0x00, 0x00, 0x00, 0x00, 0x00,
    0x00, 0x00, 0x00, 0x00, 0x00, 0x00, 0x00, 0x00, 0x00, 0x00, 0x00, 0x00, 0x00, 0x00, 0x00, 0x00,
    0x00, 0x00, 0x00, 0x00, 0x00, 0x00, 0x00, 0x00, 0x00, 0x00, 0x00, 0x00, 0x00, 0x00, 0x00, 0x00,
    0x00, 0x00, 0x00, 0x00, 0x00, 0x00, 0x00, 0x00, 0x00, 0x00, 0x00, 0x00, 0x00, 0x00, 0x00, 0x00,
    0x00, 0x00, 0x00, 0x00, 0x00, 0x00, 0x00, 0x00, 0x00, 0x00, 0x00, 0x00, 0x00, 0x00, 0x00, 0x00,
    0x00, 0x00, 0x00, 0x00, 0x00, 0x00, 0x00, 0x00, 0x00, 0x00, 0x00, 0x00, 0x00, 0x00, 0x00, 0x00,
    0x00, 0x00, 0x00, 0x00, 0x00, 0x00, 0x00, 0x00, 0x00, 0x00, 0x00, 0x00, 0x00, 0x00, 0x00, 0x00,
    0x00, 0x00, 0x00, 0x00, 0x00, 0x00, 0x00, 0x00, 0x00, 0x00, 0x00, 0x00, 0x00, 0x00, 0x00, 0x00,
    0x00, 0x00, 0x00, 0x00, 0x00, 0x00, 0x00, 0x00, 0x00, 0x00, 0x00, 0x00, 0x00, 0x00, 0x00, 0x00,
    0x00, 0x00, 0x00, 0x00, 0x00, 0x00, 0x00, 0x00, 0x00, 0x00, 0x00, 0x00, 0x00, 0x00, 0x00, 0x00,
    0x00, 0x00, 0x00, 0x00, 0x00, 0x00, 0x00, 0x00, 0x00, 0x00, 0x00, 0x00, 0x00, 0x00, 0x00, 0x00,
    0x00, 0x00, 0x00, 0x00, 0x00, 0x00, 0x00, 0x00, 0x00, 0x00, 0x00, 0x00, 0x00, 0x00, 0x00, 0x00,
    0x00, 0x00, 0x00, 0x00, 0x00, 0x00, 0x00, 0x00, 0x00, 0x00, 0x00, 0x00, 0x00, 0x00, 0x00, 0x00,
    0x00, 0x00, 0x00, 0x00, 0x00, 0x00, 0x00, 0x00, 0x00, 0x00, 0x00, 0x00, 0x00, 0x00, 0x00, 0x00,
    0x00, 0x00, 0x00, 0x00, 0x00, 0x00, 0x00, 0x00, 0x00, 0x00, 0x00, 0x00, 0x00, 0x00, 0x00, 0x00,
    0x00, 0x00, 0x00, 0x00, 0x00, 0x00, 0x00, 0x00, 0x00, 0x00, 0x00, 0x00, 0x00, 0x00, 0x00, 0x00,
    0x00, 0x00, 0x00, 0x00, 0x00, 0x00, 0x00, 0x00, 0x00, 0x00, 0x00, 0x00, 0x00, 0x00, 0x00, 0x00,
    0x00, 0x00, 0x00, 0x00, 0x00, 0x00, 0x00, 0x00, 0x00, 0x00, 0x00, 0x00, 0x00, 0x00, 0x00, 0x00,
    0x00, 0x00, 0x00, 0x00, 0x00, 0x00, 0x00, 0x00, 0x00, 0x00, 0x00, 0x00, 0x00, 0x00, 0x00, 0x00,
    0x00, 0x00, 0x00, 0x00, 0x00, 0x00, 0x00, 0x00, 0x00, 0x00, 0x00, 0x00, 0x00, 0x00, 0x00, 0x00,
    0x00, 0x00, 0x00, 0x00, 0x00, 0x00, 0x00, 0x00, 0x00, 0x00, 0x00, 0x00, 0x00, 0x00, 0x00, 0x00,
    0x00, 0x00, 0x00, 0x00, 0x00, 0x00, 0x00, 0x00, 0x00, 0x00, 0x00, 0x00, 0x00, 0x00, 0x00, 0x00,
    0x00, 0x00, 0x00, 0x00, 0x00, 0x00, 0x00, 0x00, 0x00, 0x00, 0x00, 0x00, 0x00, 0x00, 0x00, 0x00,
    0x00, 0x00, 0x00, 0x00, 0x00, 0x00, 0x00, 0x00, 0x00, 0x00, 0x00, 0x00, 0x00, 0x00, 0x00, 0x00,
    0x00, 0x00, 0x00, 0x00, 0x00, 0x00, 0x00, 0x00, 0x00, 0x00, 0x00, 0x00, 0x00, 0x00, 0x00, 0x00,
    0x00, 0x00, 0x00, 0x00, 0x00, 0x00, 0x00, 0x00, 0x00, 0x00, 0x00, 0x00, 0x00, 0x00, 0x00, 0x00,
    0x00, 0x00, 0x00, 0x00, 0x00, 0x00, 0x00, 0x00, 0x00, 0x00, 0x00, 0x00, 0x00, 0x00, 0x00, 0x00,
    0x00, 0x00, 0x00, 0x00, 0x00, 0x00, 0x00, 0x00, 0x00, 0x00, 0x00, 0x00, 0x00, 0x00, 0x00, 0x00,
    0x00, 0x00, 0x00, 0x00, 0x00, 0x00, 0x00, 0x00, 0x00, 0x00, 0x00, 0x00, 0x00, 0x00, 0x00, 0x00,
    0x00, 0x00, 0x00, 0x00, 0x00, 0x00, 0x00, 0x00, 0x00, 0x00, 0x00, 0x00, 0x00, 0x00, 0x00, 0x00,
    0x00, 0x00, 0x00, 0x00, 0x00, 0x00, 0x00, 0x00, 0x00, 0x00, 0x00, 0x00, 0x00, 0x00, 0x00, 0x00,
    0x00, 0x00, 0x00, 0x00, 0x00, 0x00, 0x00, 0x00, 0x00, 0x00, 0x00, 0x00, 0x00, 0x00, 0x00, 0x00,
    0x00, 0x00, 0x00, 0x00, 0x00, 0x00, 0x00, 0x00, 0x00, 0x00, 0x00, 0x00, 0x00, 0x00, 0x00, 0x00,
    0x00, 0x00, 0x00, 0x00, 0x00, 0x00, 0x00, 0x00, 0x00, 0x00, 0x00, 0x00, 0x00, 0x00, 0x00, 0x00,
    0x00, 0x00, 0x00, 0x00, 0x00, 0x00, 0x00, 0x00, 0x00, 0x00, 0x00, 0x00, 0x00, 0x00, 0x00, 0x00,
    0x00, 0x00, 0x00, 0x00, 0x00, 0x00, 0x00, 0x00, 0x00, 0x00, 0x00, 0x00, 0x00, 0x00, 0x00, 0x00,
    0x00, 0x00, 0x00, 0x00, 0x00, 0x00, 0x00, 0x00, 0x00, 0x00, 0x00, 0x00, 0x00, 0x00, 0x00, 0x00,
    0x00, 0x00, 0x00, 0x00, 0x00, 0x00, 0x00, 0x00, 0x00, 0x00, 0x00, 0x00, 0x00, 0x00, 0x00, 0x00,
    0x00, 0x00, 0x00, 0x00, 0x00, 0x00, 0x00, 0x00, 0x00, 0x00, 0x00, 0x00, 0x00, 0x00, 0x00, 0x00,
    0x00, 0x00, 0x00, 0x00, 0x00, 0x00, 0x00, 0x00, 0x00, 0x00, 0x00, 0x00, 0x00, 0x00, 0x00, 0x00,
    0x00, 0x00, 0x00, 0x00, 0x00, 0x00, 0x00, 0x00, 0x00, 0x00, 0x00, 0x00, 0x00, 0x00, 0x00, 0x00,
    0x00, 0x00, 0x00, 0x00, 0x00, 0x00, 0x00, 0x00, 0x00, 0x00, 0x00, 0x00, 0x00, 0x00, 0x00, 0x00,
    0x00, 0x00, 0x00, 0x00, 0x00, 0x00, 0x00, 0x00, 0x00, 0x00, 0x00, 0x00, 0x00, 0x00, 0x00, 0x00,
    0x00, 0x00, 0x00, 0x00, 0x00, 0x00, 0x00, 0x00, 0x00, 0x00, 0x00, 0x00, 0x00, 0x00, 0x00, 0x00,
    0x00, 0x00, 0x00, 0x00, 0x00, 0x00, 0x00, 0x00, 0x00, 0x00, 0x00, 0x00, 0x00, 0x00, 0x00, 0x00,
    0x00, 0x00, 0x00, 0x00, 0x00, 0x00, 0x00, 0x00, 0x00, 0x00, 0x00, 0x00, 0x00, 0x00, 0x00, 0x00,
    0x00, 0x00, 0x00, 0x00, 0x00, 0x00, 0x00, 0x00, 0x00, 0x00, 0x00, 0x00, 0x00, 0x00, 0x00, 0x00,
    0x00, 0x00, 0x00, 0x00, 0x00, 0x00, 0x00, 0x00, 0x00, 0x00, 0x00, 0x00, 0x00, 0x00, 0x00, 0x00,
    0x00, 0x00, 0x00, 0x00, 0x00, 0x00, 0x00, 0x00, 0x00, 0x00, 0x00, 0x00, 0x00, 0x00, 0x00, 0x00,
    0x00, 0x00, 0x00, 0x00, 0x00, 0x00, 0x00, 0x00, 0x00, 0x00, 0x00, 0x00, 0x00, 0x00, 0x00, 0x00,
    0x00, 0x00, 0x00, 0x00, 0x00, 0x00, 0x00, 0x00, 0x00, 0x00, 0x00, 0x00, 0x00, 0x00, 0x00, 0x00,
    0x00, 0x00, 0x00, 0x00, 0x00, 0x00, 0x00, 0x00, 0x00, 0x00, 0x00, 0x00, 0x00, 0x00, 0x00, 0x00,
    0x00, 0x00, 0x00, 0x00, 0x00, 0x00, 0x00, 0x00, 0x00, 0x00, 0x00, 0x00, 0x00, 0x00, 0x00, 0x00,
    0x00, 0x00, 0x00, 0x00, 0x00, 0x00, 0x00, 0x00, 0x00, 0x00, 0x00, 0x00, 0x00, 0x00, 0x00, 0x00,
    0x00, 0x00, 0x00, 0x00, 0x00, 0x00, 0x00, 0x00, 0x00, 0x00, 0x00, 0x00, 0x00, 0x00, 0x00, 0x00,
    0x00, 0x00, 0x00, 0x00, 0x00, 0x00, 0x00, 0x00, 0x00, 0x00, 0x00, 0x00, 0x00, 0x00, 0x00, 0x00,
    0x00, 0x00, 0x00, 0x00, 0x00, 0x00, 0x00, 0x00, 0x00, 0x00, 0x00, 0x00, 0x00, 0x00, 0x00, 0x00,
    0x00, 0x00, 0x00, 0x00, 0x00, 0x00, 0x00, 0x00, 0x00, 0x00, 0x00, 0x00, 0x00, 0x00, 0x00, 0x00,
    0x00, 0x00, 0x00, 0x00, 0x00, 0x00, 0x00, 0x00, 0x00, 0x00, 0x00, 0x00, 0x00, 0x00, 0x00, 0x00,
    0x00, 0x00, 0x00, 0x00, 0x00, 0x00, 0x00, 0x00, 0x00, 0x00, 0x00, 0x00, 0x00, 0x00, 0x00, 0x00,
    0x00, 0x00, 0x00, 0x00, 0x00, 0x00, 0x00, 0x00, 0x00, 0x00, 0x00, 0x00, 0x00, 0x00, 0x00, 0x00,
    0x00, 0x00, 0x00, 0x00, 0x00, 0x00, 0x00, 0x00, 0x00, 0x00, 0x00, 0x00, 0x00, 0x00, 0x00, 0x00,
    0x00, 0x00, 0x00, 0x00, 0x00, 0x00, 0x00, 0x00, 0x00, 0x00, 0x00, 0x00, 0x00, 0x00, 0x00, 0x00,
    0x00, 0x00, 0x00, 0x00, 0x00, 0x00, 0x00, 0x00, 0x00, 0x00, 0x00, 0x00, 0x00, 0x00, 0x00, 0x00,
    0x00, 0x00, 0x00, 0x00, 0x00, 0x00, 0x00, 0x00, 0x00, 0x00, 0x00, 0x00, 0x00, 0x00, 0x00, 0x00,
    0x00, 0x00, 0x00, 0x00, 0x00, 0x00, 0x00, 0x00, 0x00, 0x00, 0x00, 0x00, 0x00, 0x00, 0x00, 0x00,
    0x00, 0x00, 0x00, 0x00, 0x00, 0x00, 0x00, 0x00, 0x00, 0x00, 0x00, 0x00, 0x00, 0x00, 0x00, 0x00,
    0x00, 0x00, 0x00, 0x00, 0x00, 0x00, 0x00, 0x00, 0x00, 0x00, 0x00, 0x00, 0x00, 0x00, 0x00, 0x00,
    0x00, 0x00, 0x00, 0x00, 0x00, 0x00, 0x00, 0x00, 0x00, 0x00, 0x00, 0x00, 0x00, 0x00, 0x00, 0x00,
    0x00, 0x00, 0x00, 0x00, 0x00, 0x00, 0x00, 0x00, 0x00, 0x00, 0x00, 0x00, 0x00, 0x00, 0x00, 0x00,
    0x00, 0x00, 0x00, 0x00, 0x00, 0x00, 0x00, 0x00, 0x00, 0x00, 0x00, 0x00, 0x00, 0x00, 0x00, 0x00,
    0x00, 0x00, 0x00, 0x00, 0x00, 0x00, 0x00, 0x00, 0x00, 0x00, 0x00, 0x00, 0x00, 0x00, 0x00, 0x00,
    0x00, 0x00, 0x00, 0x00, 0x00, 0x00, 0x00, 0x00, 0x00, 0x00, 0x00, 0x00, 0x00, 0x00, 0x00, 0x00,
    0x00, 0x00, 0x00, 0x00, 0x00, 0x00, 0x00, 0x00, 0x00, 0x00, 0x00, 0x00, 0x00, 0x00, 0x00, 0x00,
    0x00, 0x00, 0x00, 0x00, 0x00, 0x00, 0x00, 0x00, 0x00, 0x00, 0x00, 0x00, 0x00, 0x00, 0x00, 0x00,
    0x00, 0x00, 0x00, 0x00, 0x00, 0x00, 0x00, 0x00, 0x00, 0x00, 0x00, 0x00, 0x00, 0x00, 0x00, 0x00,
    0x00, 0x00, 0x00, 0x00, 0x00, 0x00, 0x00, 0x00, 0x00, 0x00, 0x00, 0x00, 0x00, 0x00, 0x00, 0x00,
    0x00, 0x00, 0x00, 0x00, 0x00, 0x00, 0x00, 0x00, 0x00, 0x00, 0x00, 0x00, 0x00, 0x00, 0x00, 0x00,
    0x00, 0x00, 0x00, 0x00, 0x00, 0x00, 0x00, 0x00, 0x00, 0x00, 0x00, 0x00, 0x00, 0x00, 0x00, 0x00,
    0x00, 0x00, 0x00, 0x00, 0x00, 0x00, 0x00, 0x00, 0x00, 0x00, 0x00, 0x00, 0x00, 0x00, 0x00, 0x00,
    0x00, 0x00, 0x00, 0x00, 0x00, 0x00, 0x00, 0x00, 0x00, 0x00, 0x00, 0x00, 0x00, 0x00, 0x00, 0x00,
    0x00, 0x00, 0x00, 0x00, 0x00, 0x00, 0x00, 0x00, 0x00, 0x00, 0x00, 0x00, 0x00, 0x00, 0x00, 0x00,
    0x00, 0x00, 0x00, 0x00, 0x00, 0x00, 0x00, 0x00, 0x00, 0x00, 0x00, 0x00, 0x00, 0x00, 0x00, 0x00,
    0x00, 0x00, 0x00, 0x00, 0x00, 0x00, 0x00, 0x00, 0x00, 0x00, 0x00, 0x00, 0x00, 0x00, 0x00, 0x00,
    0x00, 0x00, 0x00, 0x00, 0x00, 0x00, 0x00, 0x00, 0x00, 0x00, 0x00, 0x00, 0x00, 0x00, 0x00, 0x00,
    0x00, 0x00, 0x00, 0x00, 0x00, 0x00, 0x00, 0x00, 0x00, 0x00, 0x00, 0x00, 0x00, 0x00, 0x00, 0x00,
    0x00, 0x00, 0x00, 0x00, 0x00, 0x00, 0x00, 0x00, 0x00, 0x00, 0x00, 0x00, 0x00, 0x00, 0x00, 0x00,
    0x00, 0x00, 0x00, 0x00, 0x00, 0x00, 0x00, 0x00, 0x00, 0x00, 0x00, 0x00, 0x00, 0x00, 0x00, 0x00,
    0x00, 0x00, 0x00, 0x00, 0x00, 0x00, 0x00, 0x00, 0x00, 0x00, 0x00, 0x00, 0x00, 0x00, 0x00, 0x00,
    0x00, 0x00, 0x00, 0x00, 0x00, 0x00, 0x00, 0x00, 0x00, 0x00, 0x00, 0x00, 0x00, 0x00, 0x00, 0x00,
    0x00, 0x00, 0x00, 0x00, 0x00, 0x00, 0x00, 0x00, 0x00, 0x00, 0x00, 0x00, 0x00, 0x00, 0x00, 0x00,
    0x00, 0x00, 0x00, 0x00, 0x00, 0x00, 0x00, 0x00, 0x00, 0x00, 0x00, 0x00, 0x00, 0x00, 0x00, 0x00,
    0x00, 0x00, 0x00, 0x00, 0x00, 0x00, 0x00, 0x00, 0x00, 0x00, 0x00, 0x00, 0x00, 0x00, 0x00, 0x00,
    0x00, 0x00, 0x00, 0x00, 0x00, 0x00, 0x00, 0x00, 0x00, 0x00, 0x00, 0x00, 0x00, 0x00, 0x00, 0x00,
    0x00, 0x00, 0x00, 0x00, 0x00, 0x00, 0x00, 0x00, 0x00, 0x00, 0x00, 0x00, 0x00, 0x00, 0x00, 0x00,
    0x00, 0x00, 0x00, 0x00, 0x00, 0x00, 0x00, 0x00, 0x00, 0x00, 0x00, 0x00, 0x00, 0x00, 0x00, 0x00,
    0x00, 0x00, 0x00, 0x00, 0x00, 0x00, 0x00, 0x00, 0x00, 0x00, 0x00, 0x00, 0x00, 0x00, 0x00, 0x00,
    0x00, 0x00, 0x00, 0x00, 0x00, 0x00, 0x00, 0x00, 0x00, 0x00, 0x00, 0x00, 0x00, 0x00, 0x00, 0x00,
    0x00, 0x00, 0x00, 0x00, 0x00, 0x00, 0x00, 0x00, 0x00, 0x00, 0x00, 0x00, 0x00, 0x00, 0x00, 0x00,
    0x00, 0x00, 0x00, 0x00, 0x00, 0x00, 0x00, 0x00, 0x00, 0x00, 0x00, 0x00, 0x00, 0x00, 0x00, 0x00,
    0x00, 0x00, 0x00, 0x00, 0x00, 0x00, 0x00, 0x00, 0x00, 0x00, 0x00, 0x00, 0x00, 0x00, 0x00, 0x00,
    0x00, 0x00, 0x00, 0x00, 0x00, 0x00, 0x00, 0x00, 0x00, 0x00, 0x00, 0x00, 0x00, 0x00, 0x00, 0x00,
    0x00, 0x00, 0x00, 0x00, 0x00, 0x00, 0x00, 0x00, 0x00, 0x00, 0x00, 0x00, 0x00, 0x00, 0x00, 0x00,
    0x00, 0x00, 0x00, 0x00, 0x00, 0x00, 0x00, 0x00, 0x00, 0x00, 0x00, 0x00, 0x00, 0x00, 0x00, 0x00,
    0x00, 0x00, 0x00, 0x00, 0x00, 0x00, 0x00, 0x00, 0x00, 0x00, 0x00, 0x00, 0x00, 0x00, 0x00, 0x00,
    0x00, 0x00, 0x00, 0x00, 0x00, 0x00, 0x00, 0x00, 0x00, 0x00, 0x00, 0x00, 0x00, 0x00, 0x00, 0x00,
    0x00, 0x00, 0x00, 0x00, 0x00, 0x00, 0x00, 0x00, 0x00, 0x00, 0x00, 0x00, 0x00, 0x00, 0x00, 0x00,
    0x00, 0x00, 0x00, 0x00, 0x00, 0x00, 0x00, 0x00, 0x00, 0x00, 0x00, 0x00, 0x00, 0x00, 0x00, 0x00,
    0x00, 0x00, 0x00, 0x00, 0x00, 0x00, 0x00, 0x00, 0x00, 0x00, 0x00, 0x00, 0x00, 0x00, 0x00, 0x00,
    0x00, 0x00, 0x00, 0x00, 0x00, 0x00, 0x00, 0x00, 0x00, 0x00, 0x00, 0x00, 0x00, 0x00, 0x00, 0x00,
    0x00, 0x00, 0x00, 0x00, 0x00, 0x00, 0x00, 0x00, 0x00, 0x00, 0x00, 0x00, 0x00, 0x00, 0x00, 0x00,
    0x00, 0x00, 0x00, 0x00, 0x00, 0x00, 0x00, 0x00, 0x00, 0x00, 0x00, 0x00, 0x00, 0x00, 0x00, 0x00,
    0x00, 0x00, 0x00, 0x00, 0x00, 0x00, 0x00, 0x00, 0x00, 0x00, 0x00, 0x00, 0x00, 0x00, 0x00, 0x00,
    0x00, 0x00, 0x00, 0x00, 0x00, 0x00, 0x00, 0x00, 0x00, 0x00, 0x00, 0x00, 0x00, 0x00, 0x00, 0x00,
    0x00, 0x00, 0x00, 0x00, 0x00, 0x00, 0x00, 0x00, 0x00, 0x00, 0x00, 0x00, 0x00, 0x00, 0x00, 0x00,
    0x00, 0x00, 0x00, 0x00, 0x00, 0x00, 0x00, 0x00, 0x00, 0x00, 0x00, 0x00, 0x00, 0x00, 0x00, 0x00,
    0x00, 0x00, 0x00, 0x00, 0x00, 0x00, 0x00, 0x00, 0x00, 0x00, 0x00, 0x00, 0x00, 0x00, 0x00, 0x00,
    0x00, 0x00, 0x00, 0x00, 0x00, 0x00, 0x00, 0x00, 0x00, 0x00, 0x00, 0x00, 0x00, 0x00, 0x00, 0x00,
    0x00, 0x00, 0x00, 0x00, 0x00, 0x00, 0x00, 0x00, 0x00, 0x00, 0x00, 0x00, 0x00, 0x00, 0x00, 0x00,
    0x00, 0x00, 0x00, 0x00, 0x00, 0x00, 0x00, 0x00, 0x00, 0x00, 0x00, 0x00, 0x00, 0x00, 0x00, 0x00,
    0x00, 0x00, 0x00, 0x00, 0x00, 0x00, 0x00, 0x00, 0x00, 0x00, 0x00, 0x00, 0x00, 0x00, 0x00, 0x00,
    0x00, 0x00, 0x00, 0x00, 0x00, 0x00, 0x00, 0x00, 0x00, 0x00, 0x00, 0x00, 0x00, 0x00, 0x00, 0x00,
    0x00, 0x00, 0x00, 0x00, 0x00, 0x00, 0x00, 0x00, 0x00, 0x00, 0x00, 0x00, 0x00, 0x00, 0x00, 0x00,
    0x00, 0x00, 0x00, 0x00, 0x00, 0x00, 0x00, 0x00, 0x00, 0x00, 0x00, 0x00, 0x00, 0x00, 0x00, 0x00,
    0x00, 0x00, 0x00, 0x00, 0x00, 0x00, 0x00, 0x00, 0x00, 0x00, 0x00, 0x00, 0x00, 0x00, 0x00, 0x00,
    0x00, 0x00, 0x00, 0x00, 0x00, 0x00, 0x00, 0x00, 0x00, 0x00, 0x00, 0x00, 0x00, 0x00, 0x00, 0x00,
    0x00, 0x00, 0x00, 0x00, 0x00, 0x00, 0x00, 0x00, 0x00, 0x00, 0x00, 0x00, 0x00, 0x00, 0x00, 0x00,
    0x00, 0x00, 0x00, 0x00, 0x00, 0x00, 0x00, 0x00, 0x00, 0x00, 0x00, 0x00, 0x00, 0x00, 0x00, 0x00,
};
